2026-04-21 20:42:11,318 [INFO] worker.test: Thread started
2026-04-21 20:42:11,419 [INFO] worker.test: Thread stopped
2026-04-21 20:47:22,780 [INFO] SensorCam: Camera '/dev/video0' opened at 1280x720
2026-04-21 20:47:22,780 [INFO] HeadlessWindow: Headless mode: frames → output  at 30.0 fps
2026-04-21 20:47:22,780 [INFO] worker.Sensor0: Thread started
2026-04-21 20:47:22,780 [INFO] worker.Sensor1: Thread started
2026-04-21 20:47:22,781 [INFO] worker.Sensor2: Thread started
2026-04-21 20:47:22,781 [INFO] worker.Camera: Thread started
2026-04-21 20:47:22,781 [INFO] __main__: Running. Press 'q' / ESC to quit (auto-stop in 5.0s).
2026-04-21 20:47:27,781 [INFO] __main__: Duration 5.0 s elapsed — stopping
2026-04-21 20:47:27,782 [INFO] worker.Sensor2: Thread stopped — Sensor2     produced=     5  dropped=    0  actual_hz=   0.98
2026-04-21 20:47:27,785 [INFO] worker.Sensor0: Thread stopped — Sensor0     produced=   493  dropped=  343  actual_hz=  96.59
2026-04-21 20:47:27,789 [INFO] worker.Sensor1: Thread stopped — Sensor1     produced=    50  dropped=    0  actual_hz=   9.79
2026-04-21 20:47:27,799 [INFO] worker.Camera: Thread stopped — Camera      produced=    46  dropped=    0  actual_hz=   9.16
2026-04-21 20:47:27,807 [INFO] HeadlessWindow: HeadlessWindow closed after 151 frames
2026-04-21 20:47:27,807 [INFO] __main__: Shutdown complete
2026-04-21 20:47:27,900 [INFO] SensorCam: Camera '/dev/video0' released
2026-04-21 20:59:27,086 [INFO] SensorCam: Camera '/dev/video0' opened at 1280x720
2026-04-21 20:59:27,086 [ERROR] WindowImage: Cannot create window: OpenCV(4.13.0) /io/opencv/modules/highgui/src/window.cpp:1284: error: (-2:Unspecified error) The function is not implemented. Rebuild the library with Windows, GTK+ 2.x or Cocoa support. If you are on Ubuntu or Debian, install libgtk2.0-dev and pkg-config, then re-run cmake or configure script in function 'cvNamedWindow'

2026-04-21 20:59:27,086 [CRITICAL] __main__: Cannot initialise display — aborting
2026-04-21 20:59:27,087 [INFO] SensorCam: Camera '/dev/video0' released
2026-04-21 20:59:59,154 [INFO] SensorCam: Camera '/dev/video0' opened at 1280x720
2026-04-21 20:59:59,155 [ERROR] WindowImage: Cannot create window: OpenCV(4.13.0) /io/opencv/modules/highgui/src/window.cpp:1284: error: (-2:Unspecified error) The function is not implemented. Rebuild the library with Windows, GTK+ 2.x or Cocoa support. If you are on Ubuntu or Debian, install libgtk2.0-dev and pkg-config, then re-run cmake or configure script in function 'cvNamedWindow'

2026-04-21 20:59:59,155 [CRITICAL] __main__: Cannot initialise display — aborting
2026-04-21 20:59:59,156 [INFO] SensorCam: Camera '/dev/video0' released
2026-04-21 21:02:13,166 [INFO] SensorCam: Camera '/dev/video0' opened at 1280x720
2026-04-21 21:02:13,731 [INFO] WindowImage: Window created at 30.0 fps
2026-04-21 21:02:13,731 [INFO] worker.Sensor0: Thread started
2026-04-21 21:02:13,732 [INFO] worker.Sensor1: Thread started
2026-04-21 21:02:13,732 [INFO] worker.Sensor2: Thread started
2026-04-21 21:02:13,732 [INFO] worker.Camera: Thread started
2026-04-21 21:02:13,732 [INFO] __main__: Running. Press 'q' / ESC to quit.
2026-04-21 21:03:39,783 [INFO] __main__: Interrupted by user (Ctrl-C)
2026-04-21 21:03:39,786 [INFO] worker.Sensor0: Thread stopped — Sensor0     produced=  8491  dropped= 6244  actual_hz=  97.92
2026-04-21 21:03:39,838 [INFO] worker.Camera: Thread stopped — Camera      produced=   857  dropped=    0  actual_hz=   9.89
2026-04-21 21:03:39,840 [INFO] worker.Sensor1: Thread stopped — Sensor1     produced=   860  dropped=    0  actual_hz=   9.91
2026-04-21 21:03:40,744 [INFO] worker.Sensor2: Thread stopped — Sensor2     produced=    87  dropped=    0  actual_hz=   0.99
2026-04-21 21:03:40,747 [INFO] WindowImage: Window destroyed
2026-04-21 21:03:40,748 [INFO] __main__: Shutdown complete
2026-04-21 21:03:40,750 [INFO] SensorCam: Camera '/dev/video0' released
2026-04-21 21:08:11,977 [INFO] SensorCam: Camera '/dev/video0' opened at 1280x720
2026-04-21 21:08:12,034 [INFO] WindowImage: Window created at 30.0 fps
2026-04-21 21:08:12,034 [INFO] worker.Sensor0: Thread started
2026-04-21 21:08:12,034 [INFO] worker.Sensor1: Thread started
2026-04-21 21:08:12,034 [INFO] worker.Sensor2: Thread started
2026-04-21 21:08:12,035 [INFO] worker.Camera: Thread started
2026-04-21 21:08:12,035 [INFO] __main__: Running. Press 'q' or ESC to quit.
2026-04-21 21:08:39,562 [INFO] __main__: Interrupted by user
2026-04-21 21:08:39,566 [INFO] worker.Sensor0: Thread stopped
2026-04-21 21:08:39,573 [INFO] worker.Sensor1: Thread stopped
2026-04-21 21:08:39,651 [INFO] worker.Camera: Thread stopped
2026-04-21 21:08:40,040 [INFO] worker.Sensor2: Thread stopped
2026-04-21 21:08:40,042 [INFO] WindowImage: Window destroyed
2026-04-21 21:08:40,042 [INFO] __main__: Shutdown complete
2026-04-21 21:08:40,047 [INFO] SensorCam: Camera '/dev/video0' released
2026-05-07 11:56:10,736 [INFO] SensorCam: Camera '/dev/video0' opened at 1280x720
2026-05-07 11:56:10,764 [INFO] WindowImage: Window created at 30.0 fps
2026-05-07 11:56:10,770 [INFO] worker.Sensor0: Thread started
2026-05-07 11:56:10,772 [INFO] worker.Sensor1: Thread started
2026-05-07 11:56:10,773 [INFO] worker.Sensor2: Thread started
2026-05-07 11:56:10,773 [INFO] worker.Camera: Thread started
2026-05-07 11:56:10,773 [INFO] __main__: Running. Press 'q' or ESC to quit.
2026-05-07 11:57:27,284 [INFO] __main__: Quit key pressed
2026-05-07 11:57:27,289 [INFO] worker.Camera: Thread stopped
2026-05-07 11:57:27,291 [INFO] worker.Sensor0: Thread stopped
2026-05-07 11:57:27,363 [INFO] worker.Sensor1: Thread stopped
2026-05-07 11:57:27,808 [INFO] worker.Sensor2: Thread stopped
2026-05-07 11:57:27,822 [INFO] WindowImage: Window destroyed
2026-05-07 11:57:27,822 [INFO] __main__: Shutdown complete
2026-05-07 11:57:28,145 [INFO] SensorCam: Camera '/dev/video0' released
2026-05-07 14:21:58,251 [INFO] SensorCam: Camera '/dev/video0' opened at 1280x720
2026-05-07 14:21:58,285 [INFO] WindowImage: Window created at 30.0 fps
2026-05-07 14:21:58,285 [INFO] worker.Sensor0: Thread started
2026-05-07 14:21:58,285 [INFO] worker.Sensor1: Thread started
2026-05-07 14:21:58,294 [INFO] worker.Sensor2: Thread started
2026-05-07 14:21:58,294 [INFO] worker.Camera: Thread started
2026-05-07 14:21:58,294 [INFO] __main__: Running. Press 'q' or ESC to quit.
2026-05-07 14:22:11,170 [INFO] __main__: Quit key pressed
2026-05-07 14:22:11,173 [INFO] worker.Sensor0: Thread stopped
2026-05-07 14:22:11,175 [INFO] worker.Camera: Thread stopped
2026-05-07 14:22:11,266 [INFO] worker.Sensor1: Thread stopped
2026-05-07 14:22:11,303 [INFO] worker.Sensor2: Thread stopped
2026-05-07 14:22:11,321 [INFO] WindowImage: Window destroyed
2026-05-07 14:22:11,321 [INFO] __main__: Shutdown complete
2026-05-07 14:22:11,619 [INFO] SensorCam: Camera '/dev/video0' released
2026-05-14 13:02:32,834 [INFO] SensorCam: Camera '/dev/video0' opened at 1280x720
2026-05-14 13:02:32,849 [INFO] WindowImage: Window created at 30.0 fps
2026-05-14 13:02:32,853 [INFO] worker.Sensor0: Thread started
2026-05-14 13:02:32,854 [INFO] worker.Sensor1: Thread started
2026-05-14 13:02:32,885 [INFO] worker.Sensor2: Thread started
2026-05-14 13:02:32,890 [INFO] worker.Camera: Thread started
2026-05-14 13:02:32,890 [INFO] __main__: Running. Press 'q' or ESC to quit.
2026-05-14 13:02:38,387 [INFO] __main__: Quit key pressed
2026-05-14 13:02:38,398 [INFO] worker.Sensor0: Thread stopped
2026-05-14 13:02:38,429 [INFO] worker.Camera: Thread stopped
2026-05-14 13:02:38,477 [INFO] worker.Sensor1: Thread stopped
2026-05-14 13:02:38,893 [INFO] worker.Sensor2: Thread stopped
2026-05-14 13:02:38,958 [INFO] WindowImage: Window destroyed
2026-05-14 13:02:39,060 [INFO] __main__: Shutdown complete
2026-05-14 13:02:39,508 [INFO] SensorCam: Camera '/dev/video0' released
2026-05-14 13:19:54,977 [INFO] SensorCam: Camera '/dev/video0' opened at 1280x720
2026-05-14 13:19:55,007 [INFO] WindowImage: Window created at 30.0 fps
2026-05-14 13:19:55,007 [INFO] worker.Sensor0: Thread started
2026-05-14 13:19:55,007 [INFO] worker.Sensor1: Thread started
2026-05-14 13:19:55,011 [INFO] worker.Sensor2: Thread started
2026-05-14 13:19:55,011 [INFO] worker.Camera: Thread started
2026-05-14 13:19:55,011 [INFO] __main__: Running. Press 'q' or ESC to quit.
2026-05-14 13:20:03,061 [INFO] __main__: Quit key pressed
2026-05-14 13:20:03,071 [INFO] worker.Sensor0: Thread stopped
2026-05-14 13:20:03,088 [INFO] worker.Camera: Thread stopped
2026-05-14 13:20:03,155 [INFO] worker.Sensor1: Thread stopped
2026-05-14 13:20:04,018 [INFO] worker.Sensor2: Thread stopped
2026-05-14 13:20:04,028 [INFO] WindowImage: Window destroyed
2026-05-14 13:20:04,028 [INFO] __main__: Shutdown complete
2026-05-14 13:20:04,358 [INFO] SensorCam: Camera '/dev/video0' released
2026-05-14 13:20:17,352 [INFO] SensorCam: Camera '/dev/video0' opened at 1280x720
2026-05-14 13:20:17,385 [INFO] WindowImage: Window created at 1.0 fps
2026-05-14 13:20:17,390 [INFO] worker.Sensor0: Thread started
2026-05-14 13:20:17,390 [INFO] worker.Sensor1: Thread started
2026-05-14 13:20:17,390 [INFO] worker.Sensor2: Thread started
2026-05-14 13:20:17,390 [INFO] worker.Camera: Thread started
2026-05-14 13:20:17,390 [INFO] __main__: Running. Press 'q' or ESC to quit.
2026-05-14 13:20:28,852 [INFO] __main__: Quit key pressed
2026-05-14 13:20:28,863 [INFO] worker.Sensor0: Thread stopped
2026-05-14 13:20:28,864 [INFO] worker.Camera: Thread stopped
2026-05-14 13:20:28,916 [INFO] worker.Sensor1: Thread stopped
2026-05-14 13:20:29,398 [INFO] worker.Sensor2: Thread stopped
2026-05-14 13:20:29,413 [INFO] WindowImage: Window destroyed
2026-05-14 13:20:29,413 [INFO] __main__: Shutdown complete
2026-05-14 13:20:29,751 [INFO] SensorCam: Camera '/dev/video0' released
2026-05-14 13:20:57,906 [INFO] SensorCam: Camera '/dev/video0' opened at 1280x720
2026-05-14 13:20:57,938 [INFO] WindowImage: Window created at 1.0 fps
2026-05-14 13:20:57,938 [INFO] worker.Sensor0: Thread started
2026-05-14 13:20:57,944 [INFO] worker.Sensor1: Thread started
2026-05-14 13:20:57,944 [INFO] worker.Sensor2: Thread started
2026-05-14 13:20:57,944 [INFO] worker.Camera: Thread started
2026-05-14 13:20:57,944 [INFO] __main__: Running. Press 'q' or ESC to quit.
2026-05-14 13:21:13,016 [ERROR] SensorCam: Failed to read frame from camera '/dev/video0'
2026-05-14 13:21:13,032 [ERROR] SensorCam: Failed to read frame from camera '/dev/video0'
2026-05-14 13:21:13,044 [ERROR] SensorCam: Failed to read frame from camera '/dev/video0'
2026-05-14 13:21:13,059 [ERROR] SensorCam: Failed to read frame from camera '/dev/video0'
2026-05-14 13:21:13,087 [ERROR] SensorCam: Failed to read frame from camera '/dev/video0'
2026-05-14 13:21:13,103 [ERROR] SensorCam: Failed to read frame from camera '/dev/video0'
2026-05-14 13:21:13,114 [ERROR] SensorCam: Failed to read frame from camera '/dev/video0'
2026-05-14 13:21:13,126 [ERROR] SensorCam: Failed to read frame from camera '/dev/video0'
2026-05-14 13:21:13,137 [ERROR] SensorCam: Failed to read frame from camera '/dev/video0'
2026-05-14 13:21:13,148 [ERROR] SensorCam: Failed to read frame from camera '/dev/video0'
2026-05-14 13:21:13,159 [ERROR] SensorCam: Failed to read frame from camera '/dev/video0'
2026-05-14 13:21:13,170 [ERROR] SensorCam: Failed to read frame from camera '/dev/video0'
2026-05-14 13:21:13,181 [ERROR] SensorCam: Failed to read frame from camera '/dev/video0'
2026-05-14 13:21:13,193 [ERROR] SensorCam: Failed to read frame from camera '/dev/video0'
2026-05-14 13:21:13,203 [ERROR] SensorCam: Failed to read frame from camera '/dev/video0'
2026-05-14 13:21:13,214 [ERROR] SensorCam: Failed to read frame from camera '/dev/video0'
2026-05-14 13:21:13,225 [ERROR] SensorCam: Failed to read frame from camera '/dev/video0'
2026-05-14 13:21:13,236 [ERROR] SensorCam: Failed to read frame from camera '/dev/video0'
2026-05-14 13:21:13,247 [ERROR] SensorCam: Failed to read frame from camera '/dev/video0'
2026-05-14 13:21:13,258 [ERROR] SensorCam: Failed to read frame from camera '/dev/video0'
2026-05-14 13:21:13,269 [ERROR] SensorCam: Failed to read frame from camera '/dev/video0'
2026-05-14 13:21:13,280 [ERROR] SensorCam: Failed to read frame from camera '/dev/video0'
2026-05-14 13:21:13,291 [ERROR] SensorCam: Failed to read frame from camera '/dev/video0'
2026-05-14 13:21:13,302 [ERROR] SensorCam: Failed to read frame from camera '/dev/video0'
2026-05-14 13:21:13,313 [ERROR] SensorCam: Failed to read frame from camera '/dev/video0'
2026-05-14 13:21:13,324 [ERROR] SensorCam: Failed to read frame from camera '/dev/video0'
2026-05-14 13:21:13,336 [ERROR] SensorCam: Failed to read frame from camera '/dev/video0'
2026-05-14 13:21:13,347 [ERROR] SensorCam: Failed to read frame from camera '/dev/video0'
2026-05-14 13:21:13,371 [ERROR] SensorCam: Failed to read frame from camera '/dev/video0'
2026-05-14 13:21:13,405 [ERROR] SensorCam: Failed to read frame from camera '/dev/video0'
2026-05-14 13:21:13,416 [ERROR] SensorCam: Failed to read frame from camera '/dev/video0'
2026-05-14 13:21:13,427 [ERROR] SensorCam: Failed to read frame from camera '/dev/video0'
2026-05-14 13:21:13,438 [ERROR] SensorCam: Failed to read frame from camera '/dev/video0'
2026-05-14 13:21:13,449 [ERROR] SensorCam: Failed to read frame from camera '/dev/video0'
2026-05-14 13:21:13,461 [ERROR] SensorCam: Failed to read frame from camera '/dev/video0'
2026-05-14 13:21:13,472 [ERROR] SensorCam: Failed to read frame from camera '/dev/video0'
2026-05-14 13:21:13,483 [ERROR] SensorCam: Failed to read frame from camera '/dev/video0'
2026-05-14 13:21:13,494 [ERROR] SensorCam: Failed to read frame from camera '/dev/video0'
2026-05-14 13:21:13,505 [ERROR] SensorCam: Failed to read frame from camera '/dev/video0'
2026-05-14 13:21:13,515 [ERROR] SensorCam: Failed to read frame from camera '/dev/video0'
2026-05-14 13:21:13,526 [ERROR] SensorCam: Failed to read frame from camera '/dev/video0'
2026-05-14 13:21:13,537 [ERROR] SensorCam: Failed to read frame from camera '/dev/video0'
2026-05-14 13:21:13,548 [ERROR] SensorCam: Failed to read frame from camera '/dev/video0'
2026-05-14 13:21:13,559 [ERROR] SensorCam: Failed to read frame from camera '/dev/video0'
2026-05-14 13:21:13,570 [ERROR] SensorCam: Failed to read frame from camera '/dev/video0'
2026-05-14 13:21:13,581 [ERROR] SensorCam: Failed to read frame from camera '/dev/video0'
2026-05-14 13:21:13,592 [ERROR] SensorCam: Failed to read frame from camera '/dev/video0'
2026-05-14 13:21:13,603 [ERROR] SensorCam: Failed to read frame from camera '/dev/video0'
2026-05-14 13:21:13,613 [ERROR] SensorCam: Failed to read frame from camera '/dev/video0'
2026-05-14 13:21:13,624 [ERROR] SensorCam: Failed to read frame from camera '/dev/video0'
2026-05-14 13:21:13,635 [ERROR] SensorCam: Failed to read frame from camera '/dev/video0'
2026-05-14 13:21:13,646 [ERROR] SensorCam: Failed to read frame from camera '/dev/video0'
2026-05-14 13:21:13,656 [ERROR] SensorCam: Failed to read frame from camera '/dev/video0'
2026-05-14 13:21:13,667 [ERROR] SensorCam: Failed to read frame from camera '/dev/video0'
2026-05-14 13:21:13,678 [ERROR] SensorCam: Failed to read frame from camera '/dev/video0'
2026-05-14 13:21:13,689 [ERROR] SensorCam: Failed to read frame from camera '/dev/video0'
2026-05-14 13:21:13,700 [ERROR] SensorCam: Failed to read frame from camera '/dev/video0'
2026-05-14 13:21:13,711 [ERROR] SensorCam: Failed to read frame from camera '/dev/video0'
2026-05-14 13:21:13,722 [ERROR] SensorCam: Failed to read frame from camera '/dev/video0'
2026-05-14 13:21:13,733 [ERROR] SensorCam: Failed to read frame from camera '/dev/video0'
2026-05-14 13:21:13,744 [ERROR] SensorCam: Failed to read frame from camera '/dev/video0'
2026-05-14 13:21:13,755 [ERROR] SensorCam: Failed to read frame from camera '/dev/video0'
2026-05-14 13:21:13,766 [ERROR] SensorCam: Failed to read frame from camera '/dev/video0'
2026-05-14 13:21:13,776 [ERROR] SensorCam: Failed to read frame from camera '/dev/video0'
2026-05-14 13:21:13,787 [ERROR] SensorCam: Failed to read frame from camera '/dev/video0'
2026-05-14 13:21:13,798 [ERROR] SensorCam: Failed to read frame from camera '/dev/video0'
2026-05-14 13:21:13,809 [ERROR] SensorCam: Failed to read frame from camera '/dev/video0'
2026-05-14 13:21:13,820 [ERROR] SensorCam: Failed to read frame from camera '/dev/video0'
2026-05-14 13:21:13,831 [ERROR] SensorCam: Failed to read frame from camera '/dev/video0'
2026-05-14 13:21:13,842 [ERROR] SensorCam: Failed to read frame from camera '/dev/video0'
2026-05-14 13:21:13,854 [ERROR] SensorCam: Failed to read frame from camera '/dev/video0'
2026-05-14 13:21:13,865 [ERROR] SensorCam: Failed to read frame from camera '/dev/video0'
2026-05-14 13:21:13,876 [ERROR] SensorCam: Failed to read frame from camera '/dev/video0'
2026-05-14 13:21:13,887 [ERROR] SensorCam: Failed to read frame from camera '/dev/video0'
2026-05-14 13:21:13,898 [ERROR] SensorCam: Failed to read frame from camera '/dev/video0'
2026-05-14 13:21:13,908 [ERROR] SensorCam: Failed to read frame from camera '/dev/video0'
2026-05-14 13:21:13,920 [ERROR] SensorCam: Failed to read frame from camera '/dev/video0'
2026-05-14 13:21:13,931 [ERROR] SensorCam: Failed to read frame from camera '/dev/video0'
2026-05-14 13:21:13,941 [ERROR] SensorCam: Failed to read frame from camera '/dev/video0'
2026-05-14 13:21:13,952 [ERROR] SensorCam: Failed to read frame from camera '/dev/video0'
2026-05-14 13:21:13,962 [ERROR] SensorCam: Failed to read frame from camera '/dev/video0'
2026-05-14 13:21:13,974 [ERROR] SensorCam: Failed to read frame from camera '/dev/video0'
2026-05-14 13:21:13,985 [ERROR] SensorCam: Failed to read frame from camera '/dev/video0'
2026-05-14 13:21:13,996 [ERROR] SensorCam: Failed to read frame from camera '/dev/video0'
2026-05-14 13:21:14,007 [ERROR] SensorCam: Failed to read frame from camera '/dev/video0'
2026-05-14 13:21:14,017 [ERROR] SensorCam: Failed to read frame from camera '/dev/video0'
2026-05-14 13:21:14,028 [ERROR] SensorCam: Failed to read frame from camera '/dev/video0'
2026-05-14 13:21:14,039 [ERROR] SensorCam: Failed to read frame from camera '/dev/video0'
2026-05-14 13:21:14,050 [ERROR] SensorCam: Failed to read frame from camera '/dev/video0'
2026-05-14 13:21:14,061 [ERROR] SensorCam: Failed to read frame from camera '/dev/video0'
2026-05-14 13:21:14,073 [ERROR] SensorCam: Failed to read frame from camera '/dev/video0'
2026-05-14 13:21:14,084 [ERROR] SensorCam: Failed to read frame from camera '/dev/video0'
2026-05-14 13:21:14,095 [ERROR] SensorCam: Failed to read frame from camera '/dev/video0'
2026-05-14 13:21:14,106 [ERROR] SensorCam: Failed to read frame from camera '/dev/video0'
2026-05-14 13:21:14,117 [ERROR] SensorCam: Failed to read frame from camera '/dev/video0'
2026-05-14 13:21:14,128 [ERROR] SensorCam: Failed to read frame from camera '/dev/video0'
2026-05-14 13:21:14,139 [ERROR] SensorCam: Failed to read frame from camera '/dev/video0'
2026-05-14 13:21:14,149 [ERROR] SensorCam: Failed to read frame from camera '/dev/video0'
2026-05-14 13:21:14,160 [ERROR] SensorCam: Failed to read frame from camera '/dev/video0'
2026-05-14 13:21:14,171 [ERROR] SensorCam: Failed to read frame from camera '/dev/video0'
2026-05-14 13:21:14,182 [ERROR] SensorCam: Failed to read frame from camera '/dev/video0'
2026-05-14 13:21:14,193 [ERROR] SensorCam: Failed to read frame from camera '/dev/video0'
2026-05-14 13:21:14,205 [ERROR] SensorCam: Failed to read frame from camera '/dev/video0'
2026-05-14 13:21:14,216 [ERROR] SensorCam: Failed to read frame from camera '/dev/video0'
2026-05-14 13:21:14,226 [ERROR] SensorCam: Failed to read frame from camera '/dev/video0'
2026-05-14 13:21:14,237 [ERROR] SensorCam: Failed to read frame from camera '/dev/video0'
2026-05-14 13:21:14,248 [ERROR] SensorCam: Failed to read frame from camera '/dev/video0'
2026-05-14 13:21:14,259 [ERROR] SensorCam: Failed to read frame from camera '/dev/video0'
2026-05-14 13:21:14,270 [ERROR] SensorCam: Failed to read frame from camera '/dev/video0'
2026-05-14 13:21:14,281 [ERROR] SensorCam: Failed to read frame from camera '/dev/video0'
2026-05-14 13:21:14,291 [ERROR] SensorCam: Failed to read frame from camera '/dev/video0'
2026-05-14 13:21:14,302 [ERROR] SensorCam: Failed to read frame from camera '/dev/video0'
2026-05-14 13:21:14,313 [ERROR] SensorCam: Failed to read frame from camera '/dev/video0'
2026-05-14 13:21:14,324 [ERROR] SensorCam: Failed to read frame from camera '/dev/video0'
2026-05-14 13:21:14,335 [ERROR] SensorCam: Failed to read frame from camera '/dev/video0'
2026-05-14 13:21:14,346 [ERROR] SensorCam: Failed to read frame from camera '/dev/video0'
2026-05-14 13:21:14,356 [ERROR] SensorCam: Failed to read frame from camera '/dev/video0'
2026-05-14 13:21:14,367 [ERROR] SensorCam: Failed to read frame from camera '/dev/video0'
2026-05-14 13:21:14,378 [ERROR] SensorCam: Failed to read frame from camera '/dev/video0'
2026-05-14 13:21:14,389 [ERROR] SensorCam: Failed to read frame from camera '/dev/video0'
2026-05-14 13:21:14,400 [ERROR] SensorCam: Failed to read frame from camera '/dev/video0'
2026-05-14 13:21:14,411 [ERROR] SensorCam: Failed to read frame from camera '/dev/video0'
2026-05-14 13:21:14,422 [ERROR] SensorCam: Failed to read frame from camera '/dev/video0'
2026-05-14 13:21:14,433 [ERROR] SensorCam: Failed to read frame from camera '/dev/video0'
2026-05-14 13:21:14,443 [ERROR] SensorCam: Failed to read frame from camera '/dev/video0'
2026-05-14 13:21:14,455 [ERROR] SensorCam: Failed to read frame from camera '/dev/video0'
2026-05-14 13:21:14,466 [ERROR] SensorCam: Failed to read frame from camera '/dev/video0'
2026-05-14 13:21:14,476 [ERROR] SensorCam: Failed to read frame from camera '/dev/video0'
2026-05-14 13:21:14,488 [ERROR] SensorCam: Failed to read frame from camera '/dev/video0'
2026-05-14 13:21:14,498 [ERROR] SensorCam: Failed to read frame from camera '/dev/video0'
2026-05-14 13:21:14,509 [ERROR] SensorCam: Failed to read frame from camera '/dev/video0'
2026-05-14 13:21:14,520 [ERROR] SensorCam: Failed to read frame from camera '/dev/video0'
2026-05-14 13:21:14,531 [ERROR] SensorCam: Failed to read frame from camera '/dev/video0'
2026-05-14 13:21:14,541 [ERROR] SensorCam: Failed to read frame from camera '/dev/video0'
2026-05-14 13:21:14,552 [ERROR] SensorCam: Failed to read frame from camera '/dev/video0'
2026-05-14 13:21:14,563 [ERROR] SensorCam: Failed to read frame from camera '/dev/video0'
2026-05-14 13:21:14,574 [ERROR] SensorCam: Failed to read frame from camera '/dev/video0'
2026-05-14 13:21:14,585 [ERROR] SensorCam: Failed to read frame from camera '/dev/video0'
2026-05-14 13:21:14,595 [ERROR] SensorCam: Failed to read frame from camera '/dev/video0'
2026-05-14 13:21:14,606 [ERROR] SensorCam: Failed to read frame from camera '/dev/video0'
2026-05-14 13:21:14,617 [ERROR] SensorCam: Failed to read frame from camera '/dev/video0'
2026-05-14 13:21:14,628 [ERROR] SensorCam: Failed to read frame from camera '/dev/video0'
2026-05-14 13:21:14,639 [ERROR] SensorCam: Failed to read frame from camera '/dev/video0'
2026-05-14 13:21:14,650 [ERROR] SensorCam: Failed to read frame from camera '/dev/video0'
2026-05-14 13:21:14,661 [ERROR] SensorCam: Failed to read frame from camera '/dev/video0'
2026-05-14 13:21:14,671 [ERROR] SensorCam: Failed to read frame from camera '/dev/video0'
2026-05-14 13:21:14,683 [ERROR] SensorCam: Failed to read frame from camera '/dev/video0'
2026-05-14 13:21:14,693 [ERROR] SensorCam: Failed to read frame from camera '/dev/video0'
2026-05-14 13:21:14,705 [ERROR] SensorCam: Failed to read frame from camera '/dev/video0'
2026-05-14 13:21:14,716 [ERROR] SensorCam: Failed to read frame from camera '/dev/video0'
2026-05-14 13:21:14,727 [ERROR] SensorCam: Failed to read frame from camera '/dev/video0'
2026-05-14 13:21:14,738 [ERROR] SensorCam: Failed to read frame from camera '/dev/video0'
2026-05-14 13:21:14,749 [ERROR] SensorCam: Failed to read frame from camera '/dev/video0'
2026-05-14 13:21:14,760 [ERROR] SensorCam: Failed to read frame from camera '/dev/video0'
2026-05-14 13:21:14,771 [ERROR] SensorCam: Failed to read frame from camera '/dev/video0'
2026-05-14 13:21:14,783 [ERROR] SensorCam: Failed to read frame from camera '/dev/video0'
2026-05-14 13:21:14,794 [ERROR] SensorCam: Failed to read frame from camera '/dev/video0'
2026-05-14 13:21:14,804 [ERROR] SensorCam: Failed to read frame from camera '/dev/video0'
2026-05-14 13:21:14,815 [ERROR] SensorCam: Failed to read frame from camera '/dev/video0'
2026-05-14 13:21:14,826 [ERROR] SensorCam: Failed to read frame from camera '/dev/video0'
2026-05-14 13:21:14,837 [ERROR] SensorCam: Failed to read frame from camera '/dev/video0'
2026-05-14 13:21:14,848 [ERROR] SensorCam: Failed to read frame from camera '/dev/video0'
2026-05-14 13:21:14,859 [ERROR] SensorCam: Failed to read frame from camera '/dev/video0'
2026-05-14 13:21:14,869 [ERROR] SensorCam: Failed to read frame from camera '/dev/video0'
2026-05-14 13:21:14,880 [ERROR] SensorCam: Failed to read frame from camera '/dev/video0'
2026-05-14 13:21:14,892 [ERROR] SensorCam: Failed to read frame from camera '/dev/video0'
2026-05-14 13:21:14,903 [ERROR] SensorCam: Failed to read frame from camera '/dev/video0'
2026-05-14 13:21:14,914 [ERROR] SensorCam: Failed to read frame from camera '/dev/video0'
2026-05-14 13:21:14,925 [ERROR] SensorCam: Failed to read frame from camera '/dev/video0'
2026-05-14 13:21:14,936 [ERROR] SensorCam: Failed to read frame from camera '/dev/video0'
2026-05-14 13:21:14,946 [ERROR] SensorCam: Failed to read frame from camera '/dev/video0'
2026-05-14 13:21:14,958 [ERROR] SensorCam: Failed to read frame from camera '/dev/video0'
2026-05-14 13:21:14,969 [ERROR] SensorCam: Failed to read frame from camera '/dev/video0'
2026-05-14 13:21:14,979 [ERROR] SensorCam: Failed to read frame from camera '/dev/video0'
2026-05-14 13:21:14,990 [ERROR] SensorCam: Failed to read frame from camera '/dev/video0'
2026-05-14 13:21:15,001 [ERROR] SensorCam: Failed to read frame from camera '/dev/video0'
2026-05-14 13:21:15,012 [ERROR] SensorCam: Failed to read frame from camera '/dev/video0'
2026-05-14 13:21:15,022 [ERROR] SensorCam: Failed to read frame from camera '/dev/video0'
2026-05-14 13:21:15,033 [ERROR] SensorCam: Failed to read frame from camera '/dev/video0'
2026-05-14 13:21:15,044 [ERROR] SensorCam: Failed to read frame from camera '/dev/video0'
2026-05-14 13:21:15,082 [ERROR] SensorCam: Failed to read frame from camera '/dev/video0'
2026-05-14 13:21:15,101 [ERROR] SensorCam: Failed to read frame from camera '/dev/video0'
2026-05-14 13:21:15,112 [ERROR] SensorCam: Failed to read frame from camera '/dev/video0'
2026-05-14 13:21:15,123 [ERROR] SensorCam: Failed to read frame from camera '/dev/video0'
2026-05-14 13:21:15,134 [ERROR] SensorCam: Failed to read frame from camera '/dev/video0'
2026-05-14 13:21:15,144 [ERROR] SensorCam: Failed to read frame from camera '/dev/video0'
2026-05-14 13:21:15,155 [ERROR] SensorCam: Failed to read frame from camera '/dev/video0'
2026-05-14 13:21:15,166 [ERROR] SensorCam: Failed to read frame from camera '/dev/video0'
2026-05-14 13:21:15,177 [ERROR] SensorCam: Failed to read frame from camera '/dev/video0'
2026-05-14 13:21:15,188 [ERROR] SensorCam: Failed to read frame from camera '/dev/video0'
2026-05-14 13:21:15,199 [ERROR] SensorCam: Failed to read frame from camera '/dev/video0'
2026-05-14 13:21:15,209 [ERROR] SensorCam: Failed to read frame from camera '/dev/video0'
2026-05-14 13:21:15,220 [ERROR] SensorCam: Failed to read frame from camera '/dev/video0'
2026-05-14 13:21:15,232 [ERROR] SensorCam: Failed to read frame from camera '/dev/video0'
2026-05-14 13:21:15,243 [ERROR] SensorCam: Failed to read frame from camera '/dev/video0'
2026-05-14 13:21:15,254 [ERROR] SensorCam: Failed to read frame from camera '/dev/video0'
2026-05-14 13:21:15,264 [ERROR] SensorCam: Failed to read frame from camera '/dev/video0'
2026-05-14 13:21:15,275 [ERROR] SensorCam: Failed to read frame from camera '/dev/video0'
2026-05-14 13:21:15,287 [ERROR] SensorCam: Failed to read frame from camera '/dev/video0'
2026-05-14 13:21:15,298 [ERROR] SensorCam: Failed to read frame from camera '/dev/video0'
2026-05-14 13:21:15,308 [ERROR] SensorCam: Failed to read frame from camera '/dev/video0'
2026-05-14 13:21:15,319 [ERROR] SensorCam: Failed to read frame from camera '/dev/video0'
2026-05-14 13:21:15,330 [ERROR] SensorCam: Failed to read frame from camera '/dev/video0'
2026-05-14 13:21:15,341 [ERROR] SensorCam: Failed to read frame from camera '/dev/video0'
2026-05-14 13:21:15,353 [ERROR] SensorCam: Failed to read frame from camera '/dev/video0'
2026-05-14 13:21:15,364 [ERROR] SensorCam: Failed to read frame from camera '/dev/video0'
2026-05-14 13:21:15,375 [ERROR] SensorCam: Failed to read frame from camera '/dev/video0'
2026-05-14 13:21:15,385 [ERROR] SensorCam: Failed to read frame from camera '/dev/video0'
2026-05-14 13:21:15,396 [ERROR] SensorCam: Failed to read frame from camera '/dev/video0'
2026-05-14 13:21:15,407 [ERROR] SensorCam: Failed to read frame from camera '/dev/video0'
2026-05-14 13:21:15,417 [ERROR] SensorCam: Failed to read frame from camera '/dev/video0'
2026-05-14 13:21:15,428 [ERROR] SensorCam: Failed to read frame from camera '/dev/video0'
2026-05-14 13:21:15,439 [ERROR] SensorCam: Failed to read frame from camera '/dev/video0'
2026-05-14 13:21:15,449 [ERROR] SensorCam: Failed to read frame from camera '/dev/video0'
2026-05-14 13:21:15,460 [ERROR] SensorCam: Failed to read frame from camera '/dev/video0'
2026-05-14 13:21:15,471 [ERROR] SensorCam: Failed to read frame from camera '/dev/video0'
2026-05-14 13:21:15,482 [ERROR] SensorCam: Failed to read frame from camera '/dev/video0'
2026-05-14 13:21:15,493 [ERROR] SensorCam: Failed to read frame from camera '/dev/video0'
2026-05-14 13:21:15,504 [ERROR] SensorCam: Failed to read frame from camera '/dev/video0'
2026-05-14 13:21:15,514 [ERROR] SensorCam: Failed to read frame from camera '/dev/video0'
2026-05-14 13:21:15,526 [ERROR] SensorCam: Failed to read frame from camera '/dev/video0'
2026-05-14 13:21:15,537 [ERROR] SensorCam: Failed to read frame from camera '/dev/video0'
2026-05-14 13:21:15,547 [ERROR] SensorCam: Failed to read frame from camera '/dev/video0'
2026-05-14 13:21:15,559 [ERROR] SensorCam: Failed to read frame from camera '/dev/video0'
2026-05-14 13:21:15,570 [ERROR] SensorCam: Failed to read frame from camera '/dev/video0'
2026-05-14 13:21:15,581 [ERROR] SensorCam: Failed to read frame from camera '/dev/video0'
2026-05-14 13:21:15,592 [ERROR] SensorCam: Failed to read frame from camera '/dev/video0'
2026-05-14 13:21:15,603 [ERROR] SensorCam: Failed to read frame from camera '/dev/video0'
2026-05-14 13:21:15,613 [ERROR] SensorCam: Failed to read frame from camera '/dev/video0'
2026-05-14 13:21:15,625 [ERROR] SensorCam: Failed to read frame from camera '/dev/video0'
2026-05-14 13:21:15,636 [ERROR] SensorCam: Failed to read frame from camera '/dev/video0'
2026-05-14 13:21:15,647 [ERROR] SensorCam: Failed to read frame from camera '/dev/video0'
2026-05-14 13:21:15,658 [ERROR] SensorCam: Failed to read frame from camera '/dev/video0'
2026-05-14 13:21:15,669 [ERROR] SensorCam: Failed to read frame from camera '/dev/video0'
2026-05-14 13:21:15,680 [ERROR] SensorCam: Failed to read frame from camera '/dev/video0'
2026-05-14 13:21:15,690 [ERROR] SensorCam: Failed to read frame from camera '/dev/video0'
2026-05-14 13:21:15,701 [ERROR] SensorCam: Failed to read frame from camera '/dev/video0'
2026-05-14 13:21:15,712 [ERROR] SensorCam: Failed to read frame from camera '/dev/video0'
2026-05-14 13:21:15,723 [ERROR] SensorCam: Failed to read frame from camera '/dev/video0'
2026-05-14 13:21:15,734 [ERROR] SensorCam: Failed to read frame from camera '/dev/video0'
2026-05-14 13:21:15,745 [ERROR] SensorCam: Failed to read frame from camera '/dev/video0'
2026-05-14 13:21:15,756 [ERROR] SensorCam: Failed to read frame from camera '/dev/video0'
2026-05-14 13:21:15,767 [ERROR] SensorCam: Failed to read frame from camera '/dev/video0'
2026-05-14 13:21:15,778 [ERROR] SensorCam: Failed to read frame from camera '/dev/video0'
2026-05-14 13:21:15,790 [ERROR] SensorCam: Failed to read frame from camera '/dev/video0'
2026-05-14 13:21:15,800 [ERROR] SensorCam: Failed to read frame from camera '/dev/video0'
2026-05-14 13:21:15,812 [ERROR] SensorCam: Failed to read frame from camera '/dev/video0'
2026-05-14 13:21:15,823 [ERROR] SensorCam: Failed to read frame from camera '/dev/video0'
2026-05-14 13:21:15,834 [ERROR] SensorCam: Failed to read frame from camera '/dev/video0'
2026-05-14 13:21:15,845 [ERROR] SensorCam: Failed to read frame from camera '/dev/video0'
2026-05-14 13:21:15,855 [ERROR] SensorCam: Failed to read frame from camera '/dev/video0'
2026-05-14 13:21:15,866 [ERROR] SensorCam: Failed to read frame from camera '/dev/video0'
2026-05-14 13:21:15,877 [ERROR] SensorCam: Failed to read frame from camera '/dev/video0'
2026-05-14 13:21:15,888 [ERROR] SensorCam: Failed to read frame from camera '/dev/video0'
2026-05-14 13:21:15,899 [ERROR] SensorCam: Failed to read frame from camera '/dev/video0'
2026-05-14 13:21:15,909 [ERROR] SensorCam: Failed to read frame from camera '/dev/video0'
2026-05-14 13:21:15,921 [ERROR] SensorCam: Failed to read frame from camera '/dev/video0'
2026-05-14 13:21:15,932 [ERROR] SensorCam: Failed to read frame from camera '/dev/video0'
2026-05-14 13:21:15,943 [ERROR] SensorCam: Failed to read frame from camera '/dev/video0'
2026-05-14 13:21:15,953 [ERROR] SensorCam: Failed to read frame from camera '/dev/video0'
2026-05-14 13:21:15,964 [ERROR] SensorCam: Failed to read frame from camera '/dev/video0'
2026-05-14 13:21:15,976 [ERROR] SensorCam: Failed to read frame from camera '/dev/video0'
2026-05-14 13:21:15,987 [ERROR] SensorCam: Failed to read frame from camera '/dev/video0'
2026-05-14 13:21:15,998 [ERROR] SensorCam: Failed to read frame from camera '/dev/video0'
2026-05-14 13:21:16,009 [ERROR] SensorCam: Failed to read frame from camera '/dev/video0'
2026-05-14 13:21:16,020 [ERROR] SensorCam: Failed to read frame from camera '/dev/video0'
2026-05-14 13:21:16,031 [ERROR] SensorCam: Failed to read frame from camera '/dev/video0'
2026-05-14 13:21:16,042 [ERROR] SensorCam: Failed to read frame from camera '/dev/video0'
2026-05-14 13:21:16,053 [ERROR] SensorCam: Failed to read frame from camera '/dev/video0'
2026-05-14 13:21:16,064 [ERROR] SensorCam: Failed to read frame from camera '/dev/video0'
2026-05-14 13:21:16,075 [ERROR] SensorCam: Failed to read frame from camera '/dev/video0'
2026-05-14 13:21:16,085 [ERROR] SensorCam: Failed to read frame from camera '/dev/video0'
2026-05-14 13:21:16,096 [ERROR] SensorCam: Failed to read frame from camera '/dev/video0'
2026-05-14 13:21:16,107 [ERROR] SensorCam: Failed to read frame from camera '/dev/video0'
2026-05-14 13:21:16,118 [ERROR] SensorCam: Failed to read frame from camera '/dev/video0'
2026-05-14 13:21:16,129 [ERROR] SensorCam: Failed to read frame from camera '/dev/video0'
2026-05-14 13:21:16,139 [ERROR] SensorCam: Failed to read frame from camera '/dev/video0'
2026-05-14 13:21:16,150 [ERROR] SensorCam: Failed to read frame from camera '/dev/video0'
2026-05-14 13:21:16,161 [ERROR] SensorCam: Failed to read frame from camera '/dev/video0'
2026-05-14 13:21:16,172 [ERROR] SensorCam: Failed to read frame from camera '/dev/video0'
2026-05-14 13:21:16,183 [ERROR] SensorCam: Failed to read frame from camera '/dev/video0'
2026-05-14 13:21:16,194 [ERROR] SensorCam: Failed to read frame from camera '/dev/video0'
2026-05-14 13:21:16,205 [ERROR] SensorCam: Failed to read frame from camera '/dev/video0'
2026-05-14 13:21:16,215 [ERROR] SensorCam: Failed to read frame from camera '/dev/video0'
2026-05-14 13:21:16,226 [ERROR] SensorCam: Failed to read frame from camera '/dev/video0'
2026-05-14 13:21:16,237 [ERROR] SensorCam: Failed to read frame from camera '/dev/video0'
2026-05-14 13:21:16,248 [ERROR] SensorCam: Failed to read frame from camera '/dev/video0'
2026-05-14 13:21:16,259 [ERROR] SensorCam: Failed to read frame from camera '/dev/video0'
2026-05-14 13:21:16,270 [ERROR] SensorCam: Failed to read frame from camera '/dev/video0'
2026-05-14 13:21:16,281 [ERROR] SensorCam: Failed to read frame from camera '/dev/video0'
2026-05-14 13:21:16,292 [ERROR] SensorCam: Failed to read frame from camera '/dev/video0'
2026-05-14 13:21:16,302 [ERROR] SensorCam: Failed to read frame from camera '/dev/video0'
2026-05-14 13:21:16,313 [ERROR] SensorCam: Failed to read frame from camera '/dev/video0'
2026-05-14 13:21:16,324 [ERROR] SensorCam: Failed to read frame from camera '/dev/video0'
2026-05-14 13:21:16,335 [ERROR] SensorCam: Failed to read frame from camera '/dev/video0'
2026-05-14 13:21:16,346 [ERROR] SensorCam: Failed to read frame from camera '/dev/video0'
2026-05-14 13:21:16,357 [ERROR] SensorCam: Failed to read frame from camera '/dev/video0'
2026-05-14 13:21:16,368 [ERROR] SensorCam: Failed to read frame from camera '/dev/video0'
2026-05-14 13:21:16,379 [ERROR] SensorCam: Failed to read frame from camera '/dev/video0'
2026-05-14 13:21:16,389 [ERROR] SensorCam: Failed to read frame from camera '/dev/video0'
2026-05-14 13:21:16,400 [ERROR] SensorCam: Failed to read frame from camera '/dev/video0'
2026-05-14 13:21:16,411 [ERROR] SensorCam: Failed to read frame from camera '/dev/video0'
2026-05-14 13:21:16,421 [ERROR] SensorCam: Failed to read frame from camera '/dev/video0'
2026-05-14 13:21:16,432 [ERROR] SensorCam: Failed to read frame from camera '/dev/video0'
2026-05-14 13:21:16,443 [ERROR] SensorCam: Failed to read frame from camera '/dev/video0'
2026-05-14 13:21:16,453 [ERROR] SensorCam: Failed to read frame from camera '/dev/video0'
2026-05-14 13:21:16,464 [ERROR] SensorCam: Failed to read frame from camera '/dev/video0'
2026-05-14 13:21:16,475 [ERROR] SensorCam: Failed to read frame from camera '/dev/video0'
2026-05-14 13:21:16,486 [ERROR] SensorCam: Failed to read frame from camera '/dev/video0'
2026-05-14 13:21:16,497 [ERROR] SensorCam: Failed to read frame from camera '/dev/video0'
2026-05-14 13:21:16,507 [ERROR] SensorCam: Failed to read frame from camera '/dev/video0'
2026-05-14 13:21:16,518 [ERROR] SensorCam: Failed to read frame from camera '/dev/video0'
2026-05-14 13:21:16,529 [ERROR] SensorCam: Failed to read frame from camera '/dev/video0'
2026-05-14 13:21:16,540 [ERROR] SensorCam: Failed to read frame from camera '/dev/video0'
2026-05-14 13:21:16,551 [ERROR] SensorCam: Failed to read frame from camera '/dev/video0'
2026-05-14 13:21:16,562 [ERROR] SensorCam: Failed to read frame from camera '/dev/video0'
2026-05-14 13:21:16,573 [ERROR] SensorCam: Failed to read frame from camera '/dev/video0'
2026-05-14 13:21:16,583 [ERROR] SensorCam: Failed to read frame from camera '/dev/video0'
2026-05-14 13:21:16,594 [ERROR] SensorCam: Failed to read frame from camera '/dev/video0'
2026-05-14 13:21:16,605 [ERROR] SensorCam: Failed to read frame from camera '/dev/video0'
2026-05-14 13:21:16,616 [ERROR] SensorCam: Failed to read frame from camera '/dev/video0'
2026-05-14 13:21:16,626 [ERROR] SensorCam: Failed to read frame from camera '/dev/video0'
2026-05-14 13:21:16,637 [ERROR] SensorCam: Failed to read frame from camera '/dev/video0'
2026-05-14 13:21:16,648 [ERROR] SensorCam: Failed to read frame from camera '/dev/video0'
2026-05-14 13:21:16,659 [ERROR] SensorCam: Failed to read frame from camera '/dev/video0'
2026-05-14 13:21:16,669 [ERROR] SensorCam: Failed to read frame from camera '/dev/video0'
2026-05-14 13:21:16,680 [ERROR] SensorCam: Failed to read frame from camera '/dev/video0'
2026-05-14 13:21:16,691 [ERROR] SensorCam: Failed to read frame from camera '/dev/video0'
2026-05-14 13:21:16,702 [ERROR] SensorCam: Failed to read frame from camera '/dev/video0'
2026-05-14 13:21:16,713 [ERROR] SensorCam: Failed to read frame from camera '/dev/video0'
2026-05-14 13:21:16,752 [ERROR] SensorCam: Failed to read frame from camera '/dev/video0'
2026-05-14 13:21:16,775 [ERROR] SensorCam: Failed to read frame from camera '/dev/video0'
2026-05-14 13:21:16,786 [ERROR] SensorCam: Failed to read frame from camera '/dev/video0'
2026-05-14 13:21:16,797 [ERROR] SensorCam: Failed to read frame from camera '/dev/video0'
2026-05-14 13:21:16,808 [ERROR] SensorCam: Failed to read frame from camera '/dev/video0'
2026-05-14 13:21:16,819 [ERROR] SensorCam: Failed to read frame from camera '/dev/video0'
2026-05-14 13:21:16,829 [ERROR] SensorCam: Failed to read frame from camera '/dev/video0'
2026-05-14 13:21:16,840 [ERROR] SensorCam: Failed to read frame from camera '/dev/video0'
2026-05-14 13:21:16,850 [ERROR] SensorCam: Failed to read frame from camera '/dev/video0'
2026-05-14 13:21:16,861 [ERROR] SensorCam: Failed to read frame from camera '/dev/video0'
2026-05-14 13:21:16,872 [ERROR] SensorCam: Failed to read frame from camera '/dev/video0'
2026-05-14 13:21:16,883 [ERROR] SensorCam: Failed to read frame from camera '/dev/video0'
2026-05-14 13:21:16,894 [ERROR] SensorCam: Failed to read frame from camera '/dev/video0'
2026-05-14 13:21:16,904 [ERROR] SensorCam: Failed to read frame from camera '/dev/video0'
2026-05-14 13:21:16,915 [ERROR] SensorCam: Failed to read frame from camera '/dev/video0'
2026-05-14 13:21:16,926 [ERROR] SensorCam: Failed to read frame from camera '/dev/video0'
2026-05-14 13:21:16,937 [ERROR] SensorCam: Failed to read frame from camera '/dev/video0'
2026-05-14 13:21:16,948 [ERROR] SensorCam: Failed to read frame from camera '/dev/video0'
2026-05-14 13:21:16,960 [ERROR] SensorCam: Failed to read frame from camera '/dev/video0'
2026-05-14 13:21:16,971 [ERROR] SensorCam: Failed to read frame from camera '/dev/video0'
2026-05-14 13:21:16,982 [ERROR] SensorCam: Failed to read frame from camera '/dev/video0'
2026-05-14 13:21:16,993 [ERROR] SensorCam: Failed to read frame from camera '/dev/video0'
2026-05-14 13:21:17,004 [ERROR] SensorCam: Failed to read frame from camera '/dev/video0'
2026-05-14 13:21:17,015 [ERROR] SensorCam: Failed to read frame from camera '/dev/video0'
2026-05-14 13:21:17,026 [ERROR] SensorCam: Failed to read frame from camera '/dev/video0'
2026-05-14 13:21:17,037 [ERROR] SensorCam: Failed to read frame from camera '/dev/video0'
2026-05-14 13:21:17,048 [ERROR] SensorCam: Failed to read frame from camera '/dev/video0'
2026-05-14 13:21:17,059 [ERROR] SensorCam: Failed to read frame from camera '/dev/video0'
2026-05-14 13:21:17,069 [ERROR] SensorCam: Failed to read frame from camera '/dev/video0'
2026-05-14 13:21:17,080 [ERROR] SensorCam: Failed to read frame from camera '/dev/video0'
2026-05-14 13:21:17,091 [ERROR] SensorCam: Failed to read frame from camera '/dev/video0'
2026-05-14 13:21:17,102 [ERROR] SensorCam: Failed to read frame from camera '/dev/video0'
2026-05-14 13:21:17,113 [ERROR] SensorCam: Failed to read frame from camera '/dev/video0'
2026-05-14 13:21:17,123 [ERROR] SensorCam: Failed to read frame from camera '/dev/video0'
2026-05-14 13:21:17,134 [ERROR] SensorCam: Failed to read frame from camera '/dev/video0'
2026-05-14 13:21:17,145 [ERROR] SensorCam: Failed to read frame from camera '/dev/video0'
2026-05-14 13:21:17,156 [ERROR] SensorCam: Failed to read frame from camera '/dev/video0'
2026-05-14 13:21:17,167 [ERROR] SensorCam: Failed to read frame from camera '/dev/video0'
2026-05-14 13:21:17,178 [ERROR] SensorCam: Failed to read frame from camera '/dev/video0'
2026-05-14 13:21:17,189 [ERROR] SensorCam: Failed to read frame from camera '/dev/video0'
2026-05-14 13:21:17,200 [ERROR] SensorCam: Failed to read frame from camera '/dev/video0'
2026-05-14 13:21:17,211 [ERROR] SensorCam: Failed to read frame from camera '/dev/video0'
2026-05-14 13:21:17,222 [ERROR] SensorCam: Failed to read frame from camera '/dev/video0'
2026-05-14 13:21:17,233 [ERROR] SensorCam: Failed to read frame from camera '/dev/video0'
2026-05-14 13:21:17,244 [ERROR] SensorCam: Failed to read frame from camera '/dev/video0'
2026-05-14 13:21:17,255 [ERROR] SensorCam: Failed to read frame from camera '/dev/video0'
2026-05-14 13:21:17,265 [ERROR] SensorCam: Failed to read frame from camera '/dev/video0'
2026-05-14 13:21:17,276 [ERROR] SensorCam: Failed to read frame from camera '/dev/video0'
2026-05-14 13:21:17,287 [ERROR] SensorCam: Failed to read frame from camera '/dev/video0'
2026-05-14 13:21:17,298 [ERROR] SensorCam: Failed to read frame from camera '/dev/video0'
2026-05-14 13:21:17,309 [ERROR] SensorCam: Failed to read frame from camera '/dev/video0'
2026-05-14 13:21:17,320 [ERROR] SensorCam: Failed to read frame from camera '/dev/video0'
2026-05-14 13:21:17,331 [ERROR] SensorCam: Failed to read frame from camera '/dev/video0'
2026-05-14 13:21:17,342 [ERROR] SensorCam: Failed to read frame from camera '/dev/video0'
2026-05-14 13:21:17,353 [ERROR] SensorCam: Failed to read frame from camera '/dev/video0'
2026-05-14 13:21:17,364 [ERROR] SensorCam: Failed to read frame from camera '/dev/video0'
2026-05-14 13:21:17,375 [ERROR] SensorCam: Failed to read frame from camera '/dev/video0'
2026-05-14 13:21:17,385 [ERROR] SensorCam: Failed to read frame from camera '/dev/video0'
2026-05-14 13:21:17,396 [ERROR] SensorCam: Failed to read frame from camera '/dev/video0'
2026-05-14 13:21:17,407 [ERROR] SensorCam: Failed to read frame from camera '/dev/video0'
2026-05-14 13:21:17,418 [ERROR] SensorCam: Failed to read frame from camera '/dev/video0'
2026-05-14 13:21:17,429 [ERROR] SensorCam: Failed to read frame from camera '/dev/video0'
2026-05-14 13:21:17,440 [ERROR] SensorCam: Failed to read frame from camera '/dev/video0'
2026-05-14 13:21:17,451 [ERROR] SensorCam: Failed to read frame from camera '/dev/video0'
2026-05-14 13:21:17,463 [ERROR] SensorCam: Failed to read frame from camera '/dev/video0'
2026-05-14 13:21:17,474 [ERROR] SensorCam: Failed to read frame from camera '/dev/video0'
2026-05-14 13:21:17,485 [ERROR] SensorCam: Failed to read frame from camera '/dev/video0'
2026-05-14 13:21:17,496 [ERROR] SensorCam: Failed to read frame from camera '/dev/video0'
2026-05-14 13:21:17,507 [ERROR] SensorCam: Failed to read frame from camera '/dev/video0'
2026-05-14 13:21:17,518 [ERROR] SensorCam: Failed to read frame from camera '/dev/video0'
2026-05-14 13:21:17,528 [ERROR] SensorCam: Failed to read frame from camera '/dev/video0'
2026-05-14 13:21:17,539 [ERROR] SensorCam: Failed to read frame from camera '/dev/video0'
2026-05-14 13:21:17,550 [ERROR] SensorCam: Failed to read frame from camera '/dev/video0'
2026-05-14 13:21:17,561 [ERROR] SensorCam: Failed to read frame from camera '/dev/video0'
2026-05-14 13:21:17,572 [ERROR] SensorCam: Failed to read frame from camera '/dev/video0'
2026-05-14 13:21:17,583 [ERROR] SensorCam: Failed to read frame from camera '/dev/video0'
2026-05-14 13:21:17,594 [ERROR] SensorCam: Failed to read frame from camera '/dev/video0'
2026-05-14 13:21:17,605 [ERROR] SensorCam: Failed to read frame from camera '/dev/video0'
2026-05-14 13:21:17,616 [ERROR] SensorCam: Failed to read frame from camera '/dev/video0'
2026-05-14 13:21:17,627 [ERROR] SensorCam: Failed to read frame from camera '/dev/video0'
2026-05-14 13:21:17,638 [ERROR] SensorCam: Failed to read frame from camera '/dev/video0'
2026-05-14 13:21:17,649 [ERROR] SensorCam: Failed to read frame from camera '/dev/video0'
2026-05-14 13:21:17,660 [ERROR] SensorCam: Failed to read frame from camera '/dev/video0'
2026-05-14 13:21:17,671 [ERROR] SensorCam: Failed to read frame from camera '/dev/video0'
2026-05-14 13:21:17,683 [ERROR] SensorCam: Failed to read frame from camera '/dev/video0'
2026-05-14 13:21:17,694 [ERROR] SensorCam: Failed to read frame from camera '/dev/video0'
2026-05-14 13:21:17,705 [ERROR] SensorCam: Failed to read frame from camera '/dev/video0'
2026-05-14 13:21:17,716 [ERROR] SensorCam: Failed to read frame from camera '/dev/video0'
2026-05-14 13:21:17,727 [ERROR] SensorCam: Failed to read frame from camera '/dev/video0'
2026-05-14 13:21:17,738 [ERROR] SensorCam: Failed to read frame from camera '/dev/video0'
2026-05-14 13:21:17,749 [ERROR] SensorCam: Failed to read frame from camera '/dev/video0'
2026-05-14 13:21:17,760 [ERROR] SensorCam: Failed to read frame from camera '/dev/video0'
2026-05-14 13:21:17,771 [ERROR] SensorCam: Failed to read frame from camera '/dev/video0'
2026-05-14 13:21:17,782 [ERROR] SensorCam: Failed to read frame from camera '/dev/video0'
2026-05-14 13:21:17,793 [ERROR] SensorCam: Failed to read frame from camera '/dev/video0'
2026-05-14 13:21:17,804 [ERROR] SensorCam: Failed to read frame from camera '/dev/video0'
2026-05-14 13:21:17,815 [ERROR] SensorCam: Failed to read frame from camera '/dev/video0'
2026-05-14 13:21:17,826 [ERROR] SensorCam: Failed to read frame from camera '/dev/video0'
2026-05-14 13:21:17,837 [ERROR] SensorCam: Failed to read frame from camera '/dev/video0'
2026-05-14 13:21:17,848 [ERROR] SensorCam: Failed to read frame from camera '/dev/video0'
2026-05-14 13:21:17,858 [ERROR] SensorCam: Failed to read frame from camera '/dev/video0'
2026-05-14 13:21:17,869 [ERROR] SensorCam: Failed to read frame from camera '/dev/video0'
2026-05-14 13:21:17,880 [ERROR] SensorCam: Failed to read frame from camera '/dev/video0'
2026-05-14 13:21:17,891 [ERROR] SensorCam: Failed to read frame from camera '/dev/video0'
2026-05-14 13:21:17,902 [ERROR] SensorCam: Failed to read frame from camera '/dev/video0'
2026-05-14 13:21:17,913 [ERROR] SensorCam: Failed to read frame from camera '/dev/video0'
2026-05-14 13:21:17,924 [ERROR] SensorCam: Failed to read frame from camera '/dev/video0'
2026-05-14 13:21:17,935 [ERROR] SensorCam: Failed to read frame from camera '/dev/video0'
2026-05-14 13:21:17,946 [ERROR] SensorCam: Failed to read frame from camera '/dev/video0'
2026-05-14 13:21:17,957 [ERROR] SensorCam: Failed to read frame from camera '/dev/video0'
2026-05-14 13:21:17,969 [ERROR] SensorCam: Failed to read frame from camera '/dev/video0'
2026-05-14 13:21:17,980 [ERROR] SensorCam: Failed to read frame from camera '/dev/video0'
2026-05-14 13:21:17,991 [ERROR] SensorCam: Failed to read frame from camera '/dev/video0'
2026-05-14 13:21:18,001 [ERROR] SensorCam: Failed to read frame from camera '/dev/video0'
2026-05-14 13:21:18,012 [ERROR] SensorCam: Failed to read frame from camera '/dev/video0'
2026-05-14 13:21:18,023 [ERROR] SensorCam: Failed to read frame from camera '/dev/video0'
2026-05-14 13:21:18,034 [ERROR] SensorCam: Failed to read frame from camera '/dev/video0'
2026-05-14 13:21:18,045 [ERROR] SensorCam: Failed to read frame from camera '/dev/video0'
2026-05-14 13:21:18,056 [ERROR] SensorCam: Failed to read frame from camera '/dev/video0'
2026-05-14 13:21:18,066 [ERROR] SensorCam: Failed to read frame from camera '/dev/video0'
2026-05-14 13:21:18,078 [ERROR] SensorCam: Failed to read frame from camera '/dev/video0'
2026-05-14 13:21:18,089 [ERROR] SensorCam: Failed to read frame from camera '/dev/video0'
2026-05-14 13:21:18,101 [ERROR] SensorCam: Failed to read frame from camera '/dev/video0'
2026-05-14 13:21:18,112 [ERROR] SensorCam: Failed to read frame from camera '/dev/video0'
2026-05-14 13:21:18,123 [ERROR] SensorCam: Failed to read frame from camera '/dev/video0'
2026-05-14 13:21:18,134 [ERROR] SensorCam: Failed to read frame from camera '/dev/video0'
2026-05-14 13:21:18,144 [ERROR] SensorCam: Failed to read frame from camera '/dev/video0'
2026-05-14 13:21:18,155 [ERROR] SensorCam: Failed to read frame from camera '/dev/video0'
2026-05-14 13:21:18,165 [ERROR] SensorCam: Failed to read frame from camera '/dev/video0'
2026-05-14 13:21:18,176 [ERROR] SensorCam: Failed to read frame from camera '/dev/video0'
2026-05-14 13:21:18,187 [ERROR] SensorCam: Failed to read frame from camera '/dev/video0'
2026-05-14 13:21:18,198 [ERROR] SensorCam: Failed to read frame from camera '/dev/video0'
2026-05-14 13:21:18,209 [ERROR] SensorCam: Failed to read frame from camera '/dev/video0'
2026-05-14 13:21:18,220 [ERROR] SensorCam: Failed to read frame from camera '/dev/video0'
2026-05-14 13:21:18,231 [ERROR] SensorCam: Failed to read frame from camera '/dev/video0'
2026-05-14 13:21:18,241 [ERROR] SensorCam: Failed to read frame from camera '/dev/video0'
2026-05-14 13:21:18,252 [ERROR] SensorCam: Failed to read frame from camera '/dev/video0'
2026-05-14 13:21:18,263 [ERROR] SensorCam: Failed to read frame from camera '/dev/video0'
2026-05-14 13:21:18,274 [ERROR] SensorCam: Failed to read frame from camera '/dev/video0'
2026-05-14 13:21:18,285 [ERROR] SensorCam: Failed to read frame from camera '/dev/video0'
2026-05-14 13:21:18,296 [ERROR] SensorCam: Failed to read frame from camera '/dev/video0'
2026-05-14 13:21:18,307 [ERROR] SensorCam: Failed to read frame from camera '/dev/video0'
2026-05-14 13:21:18,318 [ERROR] SensorCam: Failed to read frame from camera '/dev/video0'
2026-05-14 13:21:18,329 [ERROR] SensorCam: Failed to read frame from camera '/dev/video0'
2026-05-14 13:21:18,340 [ERROR] SensorCam: Failed to read frame from camera '/dev/video0'
2026-05-14 13:21:18,382 [ERROR] SensorCam: Failed to read frame from camera '/dev/video0'
2026-05-14 13:21:18,402 [ERROR] SensorCam: Failed to read frame from camera '/dev/video0'
2026-05-14 13:21:18,415 [ERROR] SensorCam: Failed to read frame from camera '/dev/video0'
2026-05-14 13:21:18,426 [ERROR] SensorCam: Failed to read frame from camera '/dev/video0'
2026-05-14 13:21:18,436 [ERROR] SensorCam: Failed to read frame from camera '/dev/video0'
2026-05-14 13:21:18,447 [ERROR] SensorCam: Failed to read frame from camera '/dev/video0'
2026-05-14 13:21:18,459 [ERROR] SensorCam: Failed to read frame from camera '/dev/video0'
2026-05-14 13:21:18,469 [ERROR] SensorCam: Failed to read frame from camera '/dev/video0'
2026-05-14 13:21:18,480 [ERROR] SensorCam: Failed to read frame from camera '/dev/video0'
2026-05-14 13:21:18,491 [ERROR] SensorCam: Failed to read frame from camera '/dev/video0'
2026-05-14 13:21:18,502 [ERROR] SensorCam: Failed to read frame from camera '/dev/video0'
2026-05-14 13:21:18,514 [ERROR] SensorCam: Failed to read frame from camera '/dev/video0'
2026-05-14 13:21:18,525 [ERROR] SensorCam: Failed to read frame from camera '/dev/video0'
2026-05-14 13:21:18,535 [ERROR] SensorCam: Failed to read frame from camera '/dev/video0'
2026-05-14 13:21:18,546 [ERROR] SensorCam: Failed to read frame from camera '/dev/video0'
2026-05-14 13:21:18,558 [ERROR] SensorCam: Failed to read frame from camera '/dev/video0'
2026-05-14 13:21:18,569 [ERROR] SensorCam: Failed to read frame from camera '/dev/video0'
2026-05-14 13:21:18,580 [ERROR] SensorCam: Failed to read frame from camera '/dev/video0'
2026-05-14 13:21:18,591 [ERROR] SensorCam: Failed to read frame from camera '/dev/video0'
2026-05-14 13:21:18,602 [ERROR] SensorCam: Failed to read frame from camera '/dev/video0'
2026-05-14 13:21:18,613 [ERROR] SensorCam: Failed to read frame from camera '/dev/video0'
2026-05-14 13:21:18,623 [ERROR] SensorCam: Failed to read frame from camera '/dev/video0'
2026-05-14 13:21:18,634 [ERROR] SensorCam: Failed to read frame from camera '/dev/video0'
2026-05-14 13:21:18,645 [ERROR] SensorCam: Failed to read frame from camera '/dev/video0'
2026-05-14 13:21:18,656 [ERROR] SensorCam: Failed to read frame from camera '/dev/video0'
2026-05-14 13:21:18,666 [ERROR] SensorCam: Failed to read frame from camera '/dev/video0'
2026-05-14 13:21:18,677 [ERROR] SensorCam: Failed to read frame from camera '/dev/video0'
2026-05-14 13:21:18,688 [ERROR] SensorCam: Failed to read frame from camera '/dev/video0'
2026-05-14 13:21:18,699 [ERROR] SensorCam: Failed to read frame from camera '/dev/video0'
2026-05-14 13:21:18,710 [ERROR] SensorCam: Failed to read frame from camera '/dev/video0'
2026-05-14 13:21:18,720 [ERROR] SensorCam: Failed to read frame from camera '/dev/video0'
2026-05-14 13:21:18,732 [ERROR] SensorCam: Failed to read frame from camera '/dev/video0'
2026-05-14 13:21:18,743 [ERROR] SensorCam: Failed to read frame from camera '/dev/video0'
2026-05-14 13:21:18,754 [ERROR] SensorCam: Failed to read frame from camera '/dev/video0'
2026-05-14 13:21:18,765 [ERROR] SensorCam: Failed to read frame from camera '/dev/video0'
2026-05-14 13:21:18,776 [ERROR] SensorCam: Failed to read frame from camera '/dev/video0'
2026-05-14 13:21:18,786 [ERROR] SensorCam: Failed to read frame from camera '/dev/video0'
2026-05-14 13:21:18,797 [ERROR] SensorCam: Failed to read frame from camera '/dev/video0'
2026-05-14 13:21:18,808 [ERROR] SensorCam: Failed to read frame from camera '/dev/video0'
2026-05-14 13:21:18,819 [ERROR] SensorCam: Failed to read frame from camera '/dev/video0'
2026-05-14 13:21:18,829 [ERROR] SensorCam: Failed to read frame from camera '/dev/video0'
2026-05-14 13:21:18,840 [ERROR] SensorCam: Failed to read frame from camera '/dev/video0'
2026-05-14 13:21:18,851 [ERROR] SensorCam: Failed to read frame from camera '/dev/video0'
2026-05-14 13:21:18,863 [ERROR] SensorCam: Failed to read frame from camera '/dev/video0'
2026-05-14 13:21:18,874 [ERROR] SensorCam: Failed to read frame from camera '/dev/video0'
2026-05-14 13:21:18,884 [ERROR] SensorCam: Failed to read frame from camera '/dev/video0'
2026-05-14 13:21:18,895 [ERROR] SensorCam: Failed to read frame from camera '/dev/video0'
2026-05-14 13:21:18,906 [ERROR] SensorCam: Failed to read frame from camera '/dev/video0'
2026-05-14 13:21:18,917 [ERROR] SensorCam: Failed to read frame from camera '/dev/video0'
2026-05-14 13:21:18,928 [ERROR] SensorCam: Failed to read frame from camera '/dev/video0'
2026-05-14 13:21:18,939 [ERROR] SensorCam: Failed to read frame from camera '/dev/video0'
2026-05-14 13:21:18,950 [ERROR] SensorCam: Failed to read frame from camera '/dev/video0'
2026-05-14 13:21:18,961 [ERROR] SensorCam: Failed to read frame from camera '/dev/video0'
2026-05-14 13:21:18,972 [ERROR] SensorCam: Failed to read frame from camera '/dev/video0'
2026-05-14 13:21:18,983 [ERROR] SensorCam: Failed to read frame from camera '/dev/video0'
2026-05-14 13:21:18,994 [ERROR] SensorCam: Failed to read frame from camera '/dev/video0'
2026-05-14 13:21:19,006 [ERROR] SensorCam: Failed to read frame from camera '/dev/video0'
2026-05-14 13:21:19,017 [ERROR] SensorCam: Failed to read frame from camera '/dev/video0'
2026-05-14 13:21:19,028 [ERROR] SensorCam: Failed to read frame from camera '/dev/video0'
2026-05-14 13:21:19,039 [ERROR] SensorCam: Failed to read frame from camera '/dev/video0'
2026-05-14 13:21:19,050 [ERROR] SensorCam: Failed to read frame from camera '/dev/video0'
2026-05-14 13:21:19,060 [ERROR] SensorCam: Failed to read frame from camera '/dev/video0'
2026-05-14 13:21:19,072 [ERROR] SensorCam: Failed to read frame from camera '/dev/video0'
2026-05-14 13:21:19,083 [ERROR] SensorCam: Failed to read frame from camera '/dev/video0'
2026-05-14 13:21:19,094 [ERROR] SensorCam: Failed to read frame from camera '/dev/video0'
2026-05-14 13:21:19,105 [ERROR] SensorCam: Failed to read frame from camera '/dev/video0'
2026-05-14 13:21:19,116 [ERROR] SensorCam: Failed to read frame from camera '/dev/video0'
2026-05-14 13:21:19,127 [ERROR] SensorCam: Failed to read frame from camera '/dev/video0'
2026-05-14 13:21:19,138 [ERROR] SensorCam: Failed to read frame from camera '/dev/video0'
2026-05-14 13:21:19,149 [ERROR] SensorCam: Failed to read frame from camera '/dev/video0'
2026-05-14 13:21:19,160 [ERROR] SensorCam: Failed to read frame from camera '/dev/video0'
2026-05-14 13:21:19,171 [ERROR] SensorCam: Failed to read frame from camera '/dev/video0'
2026-05-14 13:21:19,182 [ERROR] SensorCam: Failed to read frame from camera '/dev/video0'
2026-05-14 13:21:19,193 [ERROR] SensorCam: Failed to read frame from camera '/dev/video0'
2026-05-14 13:21:19,204 [ERROR] SensorCam: Failed to read frame from camera '/dev/video0'
2026-05-14 13:21:19,214 [ERROR] SensorCam: Failed to read frame from camera '/dev/video0'
2026-05-14 13:21:19,225 [ERROR] SensorCam: Failed to read frame from camera '/dev/video0'
2026-05-14 13:21:19,236 [ERROR] SensorCam: Failed to read frame from camera '/dev/video0'
2026-05-14 13:21:19,247 [ERROR] SensorCam: Failed to read frame from camera '/dev/video0'
2026-05-14 13:21:19,257 [ERROR] SensorCam: Failed to read frame from camera '/dev/video0'
2026-05-14 13:21:19,268 [ERROR] SensorCam: Failed to read frame from camera '/dev/video0'
2026-05-14 13:21:19,279 [ERROR] SensorCam: Failed to read frame from camera '/dev/video0'
2026-05-14 13:21:19,291 [ERROR] SensorCam: Failed to read frame from camera '/dev/video0'
2026-05-14 13:21:19,302 [ERROR] SensorCam: Failed to read frame from camera '/dev/video0'
2026-05-14 13:21:19,313 [ERROR] SensorCam: Failed to read frame from camera '/dev/video0'
2026-05-14 13:21:19,324 [ERROR] SensorCam: Failed to read frame from camera '/dev/video0'
2026-05-14 13:21:19,335 [ERROR] SensorCam: Failed to read frame from camera '/dev/video0'
2026-05-14 13:21:19,346 [ERROR] SensorCam: Failed to read frame from camera '/dev/video0'
2026-05-14 13:21:19,357 [ERROR] SensorCam: Failed to read frame from camera '/dev/video0'
2026-05-14 13:21:19,368 [ERROR] SensorCam: Failed to read frame from camera '/dev/video0'
2026-05-14 13:21:19,379 [ERROR] SensorCam: Failed to read frame from camera '/dev/video0'
2026-05-14 13:21:19,390 [ERROR] SensorCam: Failed to read frame from camera '/dev/video0'
2026-05-14 13:21:19,401 [ERROR] SensorCam: Failed to read frame from camera '/dev/video0'
2026-05-14 13:21:19,412 [ERROR] SensorCam: Failed to read frame from camera '/dev/video0'
2026-05-14 13:21:19,423 [ERROR] SensorCam: Failed to read frame from camera '/dev/video0'
2026-05-14 13:21:19,434 [ERROR] SensorCam: Failed to read frame from camera '/dev/video0'
2026-05-14 13:21:19,445 [ERROR] SensorCam: Failed to read frame from camera '/dev/video0'
2026-05-14 13:21:19,456 [ERROR] SensorCam: Failed to read frame from camera '/dev/video0'
2026-05-14 13:21:19,468 [ERROR] SensorCam: Failed to read frame from camera '/dev/video0'
2026-05-14 13:21:19,478 [ERROR] SensorCam: Failed to read frame from camera '/dev/video0'
2026-05-14 13:21:19,489 [ERROR] SensorCam: Failed to read frame from camera '/dev/video0'
2026-05-14 13:21:19,500 [ERROR] SensorCam: Failed to read frame from camera '/dev/video0'
2026-05-14 13:21:19,512 [ERROR] SensorCam: Failed to read frame from camera '/dev/video0'
2026-05-14 13:21:19,523 [ERROR] SensorCam: Failed to read frame from camera '/dev/video0'
2026-05-14 13:21:19,534 [ERROR] SensorCam: Failed to read frame from camera '/dev/video0'
2026-05-14 13:21:19,545 [ERROR] SensorCam: Failed to read frame from camera '/dev/video0'
2026-05-14 13:21:19,556 [ERROR] SensorCam: Failed to read frame from camera '/dev/video0'
2026-05-14 13:21:19,568 [ERROR] SensorCam: Failed to read frame from camera '/dev/video0'
2026-05-14 13:21:19,579 [ERROR] SensorCam: Failed to read frame from camera '/dev/video0'
2026-05-14 13:21:19,590 [ERROR] SensorCam: Failed to read frame from camera '/dev/video0'
2026-05-14 13:21:19,602 [ERROR] SensorCam: Failed to read frame from camera '/dev/video0'
2026-05-14 13:21:19,612 [ERROR] SensorCam: Failed to read frame from camera '/dev/video0'
2026-05-14 13:21:19,623 [ERROR] SensorCam: Failed to read frame from camera '/dev/video0'
2026-05-14 13:21:19,635 [ERROR] SensorCam: Failed to read frame from camera '/dev/video0'
2026-05-14 13:21:19,646 [ERROR] SensorCam: Failed to read frame from camera '/dev/video0'
2026-05-14 13:21:19,657 [ERROR] SensorCam: Failed to read frame from camera '/dev/video0'
2026-05-14 13:21:19,668 [ERROR] SensorCam: Failed to read frame from camera '/dev/video0'
2026-05-14 13:21:19,679 [ERROR] SensorCam: Failed to read frame from camera '/dev/video0'
2026-05-14 13:21:19,690 [ERROR] SensorCam: Failed to read frame from camera '/dev/video0'
2026-05-14 13:21:19,700 [ERROR] SensorCam: Failed to read frame from camera '/dev/video0'
2026-05-14 13:21:19,712 [ERROR] SensorCam: Failed to read frame from camera '/dev/video0'
2026-05-14 13:21:19,725 [ERROR] SensorCam: Failed to read frame from camera '/dev/video0'
2026-05-14 13:21:19,757 [ERROR] SensorCam: Failed to read frame from camera '/dev/video0'
2026-05-14 13:21:19,771 [ERROR] SensorCam: Failed to read frame from camera '/dev/video0'
2026-05-14 13:21:19,784 [ERROR] SensorCam: Failed to read frame from camera '/dev/video0'
2026-05-14 13:21:19,795 [ERROR] SensorCam: Failed to read frame from camera '/dev/video0'
2026-05-14 13:21:19,806 [ERROR] SensorCam: Failed to read frame from camera '/dev/video0'
2026-05-14 13:21:19,817 [ERROR] SensorCam: Failed to read frame from camera '/dev/video0'
2026-05-14 13:21:19,827 [ERROR] SensorCam: Failed to read frame from camera '/dev/video0'
2026-05-14 13:21:19,838 [ERROR] SensorCam: Failed to read frame from camera '/dev/video0'
2026-05-14 13:21:19,850 [ERROR] SensorCam: Failed to read frame from camera '/dev/video0'
2026-05-14 13:21:19,861 [ERROR] SensorCam: Failed to read frame from camera '/dev/video0'
2026-05-14 13:21:19,872 [ERROR] SensorCam: Failed to read frame from camera '/dev/video0'
2026-05-14 13:21:19,883 [ERROR] SensorCam: Failed to read frame from camera '/dev/video0'
2026-05-14 13:21:19,893 [ERROR] SensorCam: Failed to read frame from camera '/dev/video0'
2026-05-14 13:21:19,904 [ERROR] SensorCam: Failed to read frame from camera '/dev/video0'
2026-05-14 13:21:19,915 [ERROR] SensorCam: Failed to read frame from camera '/dev/video0'
2026-05-14 13:21:19,926 [ERROR] SensorCam: Failed to read frame from camera '/dev/video0'
2026-05-14 13:21:19,937 [ERROR] SensorCam: Failed to read frame from camera '/dev/video0'
2026-05-14 13:21:19,948 [ERROR] SensorCam: Failed to read frame from camera '/dev/video0'
2026-05-14 13:21:19,959 [ERROR] SensorCam: Failed to read frame from camera '/dev/video0'
2026-05-14 13:21:19,969 [ERROR] SensorCam: Failed to read frame from camera '/dev/video0'
2026-05-14 13:21:19,980 [ERROR] SensorCam: Failed to read frame from camera '/dev/video0'
2026-05-14 13:21:19,991 [ERROR] SensorCam: Failed to read frame from camera '/dev/video0'
2026-05-14 13:21:20,002 [ERROR] SensorCam: Failed to read frame from camera '/dev/video0'
2026-05-14 13:21:20,013 [ERROR] SensorCam: Failed to read frame from camera '/dev/video0'
2026-05-14 13:21:20,024 [ERROR] SensorCam: Failed to read frame from camera '/dev/video0'
2026-05-14 13:21:20,035 [ERROR] SensorCam: Failed to read frame from camera '/dev/video0'
2026-05-14 13:21:20,047 [ERROR] SensorCam: Failed to read frame from camera '/dev/video0'
2026-05-14 13:21:20,058 [ERROR] SensorCam: Failed to read frame from camera '/dev/video0'
2026-05-14 13:21:20,069 [ERROR] SensorCam: Failed to read frame from camera '/dev/video0'
2026-05-14 13:21:20,080 [ERROR] SensorCam: Failed to read frame from camera '/dev/video0'
2026-05-14 13:21:20,091 [ERROR] SensorCam: Failed to read frame from camera '/dev/video0'
2026-05-14 13:21:20,102 [ERROR] SensorCam: Failed to read frame from camera '/dev/video0'
2026-05-14 13:21:20,113 [ERROR] SensorCam: Failed to read frame from camera '/dev/video0'
2026-05-14 13:21:20,123 [ERROR] SensorCam: Failed to read frame from camera '/dev/video0'
2026-05-14 13:21:20,134 [ERROR] SensorCam: Failed to read frame from camera '/dev/video0'
2026-05-14 13:21:20,145 [ERROR] SensorCam: Failed to read frame from camera '/dev/video0'
2026-05-14 13:21:20,155 [ERROR] SensorCam: Failed to read frame from camera '/dev/video0'
2026-05-14 13:21:20,166 [ERROR] SensorCam: Failed to read frame from camera '/dev/video0'
2026-05-14 13:21:20,177 [ERROR] SensorCam: Failed to read frame from camera '/dev/video0'
2026-05-14 13:21:20,188 [ERROR] SensorCam: Failed to read frame from camera '/dev/video0'
2026-05-14 13:21:20,199 [ERROR] SensorCam: Failed to read frame from camera '/dev/video0'
2026-05-14 13:21:20,210 [ERROR] SensorCam: Failed to read frame from camera '/dev/video0'
2026-05-14 13:21:20,221 [ERROR] SensorCam: Failed to read frame from camera '/dev/video0'
2026-05-14 13:21:20,232 [ERROR] SensorCam: Failed to read frame from camera '/dev/video0'
2026-05-14 13:21:20,243 [ERROR] SensorCam: Failed to read frame from camera '/dev/video0'
2026-05-14 13:21:20,254 [ERROR] SensorCam: Failed to read frame from camera '/dev/video0'
2026-05-14 13:21:20,265 [ERROR] SensorCam: Failed to read frame from camera '/dev/video0'
2026-05-14 13:21:20,277 [ERROR] SensorCam: Failed to read frame from camera '/dev/video0'
2026-05-14 13:21:20,288 [ERROR] SensorCam: Failed to read frame from camera '/dev/video0'
2026-05-14 13:21:20,299 [ERROR] SensorCam: Failed to read frame from camera '/dev/video0'
2026-05-14 13:21:20,310 [ERROR] SensorCam: Failed to read frame from camera '/dev/video0'
2026-05-14 13:21:20,320 [ERROR] SensorCam: Failed to read frame from camera '/dev/video0'
2026-05-14 13:21:20,331 [ERROR] SensorCam: Failed to read frame from camera '/dev/video0'
2026-05-14 13:21:20,342 [ERROR] SensorCam: Failed to read frame from camera '/dev/video0'
2026-05-14 13:21:20,352 [ERROR] SensorCam: Failed to read frame from camera '/dev/video0'
2026-05-14 13:21:20,363 [ERROR] SensorCam: Failed to read frame from camera '/dev/video0'
2026-05-14 13:21:20,374 [ERROR] SensorCam: Failed to read frame from camera '/dev/video0'
2026-05-14 13:21:20,385 [ERROR] SensorCam: Failed to read frame from camera '/dev/video0'
2026-05-14 13:21:20,396 [ERROR] SensorCam: Failed to read frame from camera '/dev/video0'
2026-05-14 13:21:20,407 [ERROR] SensorCam: Failed to read frame from camera '/dev/video0'
2026-05-14 13:21:20,418 [ERROR] SensorCam: Failed to read frame from camera '/dev/video0'
2026-05-14 13:21:20,429 [ERROR] SensorCam: Failed to read frame from camera '/dev/video0'
2026-05-14 13:21:20,440 [ERROR] SensorCam: Failed to read frame from camera '/dev/video0'
2026-05-14 13:21:20,452 [ERROR] SensorCam: Failed to read frame from camera '/dev/video0'
2026-05-14 13:21:20,462 [ERROR] SensorCam: Failed to read frame from camera '/dev/video0'
2026-05-14 13:21:20,473 [ERROR] SensorCam: Failed to read frame from camera '/dev/video0'
2026-05-14 13:21:20,484 [ERROR] SensorCam: Failed to read frame from camera '/dev/video0'
2026-05-14 13:21:20,496 [ERROR] SensorCam: Failed to read frame from camera '/dev/video0'
2026-05-14 13:21:20,507 [ERROR] SensorCam: Failed to read frame from camera '/dev/video0'
2026-05-14 13:21:20,518 [ERROR] SensorCam: Failed to read frame from camera '/dev/video0'
2026-05-14 13:21:20,528 [ERROR] SensorCam: Failed to read frame from camera '/dev/video0'
2026-05-14 13:21:20,539 [ERROR] SensorCam: Failed to read frame from camera '/dev/video0'
2026-05-14 13:21:20,550 [ERROR] SensorCam: Failed to read frame from camera '/dev/video0'
2026-05-14 13:21:20,561 [ERROR] SensorCam: Failed to read frame from camera '/dev/video0'
2026-05-14 13:21:20,571 [ERROR] SensorCam: Failed to read frame from camera '/dev/video0'
2026-05-14 13:21:20,582 [ERROR] SensorCam: Failed to read frame from camera '/dev/video0'
2026-05-14 13:21:20,593 [ERROR] SensorCam: Failed to read frame from camera '/dev/video0'
2026-05-14 13:21:20,604 [ERROR] SensorCam: Failed to read frame from camera '/dev/video0'
2026-05-14 13:21:20,615 [ERROR] SensorCam: Failed to read frame from camera '/dev/video0'
2026-05-14 13:21:20,626 [ERROR] SensorCam: Failed to read frame from camera '/dev/video0'
2026-05-14 13:21:20,637 [ERROR] SensorCam: Failed to read frame from camera '/dev/video0'
2026-05-14 13:21:20,649 [ERROR] SensorCam: Failed to read frame from camera '/dev/video0'
2026-05-14 13:21:20,660 [ERROR] SensorCam: Failed to read frame from camera '/dev/video0'
2026-05-14 13:21:20,671 [ERROR] SensorCam: Failed to read frame from camera '/dev/video0'
2026-05-14 13:21:20,682 [ERROR] SensorCam: Failed to read frame from camera '/dev/video0'
2026-05-14 13:21:20,693 [ERROR] SensorCam: Failed to read frame from camera '/dev/video0'
2026-05-14 13:21:20,704 [ERROR] SensorCam: Failed to read frame from camera '/dev/video0'
2026-05-14 13:21:20,715 [ERROR] SensorCam: Failed to read frame from camera '/dev/video0'
2026-05-14 13:21:20,726 [ERROR] SensorCam: Failed to read frame from camera '/dev/video0'
2026-05-14 13:21:20,737 [ERROR] SensorCam: Failed to read frame from camera '/dev/video0'
2026-05-14 13:21:20,747 [ERROR] SensorCam: Failed to read frame from camera '/dev/video0'
2026-05-14 13:21:20,758 [ERROR] SensorCam: Failed to read frame from camera '/dev/video0'
2026-05-14 13:21:20,769 [ERROR] SensorCam: Failed to read frame from camera '/dev/video0'
2026-05-14 13:21:20,780 [ERROR] SensorCam: Failed to read frame from camera '/dev/video0'
2026-05-14 13:21:20,791 [ERROR] SensorCam: Failed to read frame from camera '/dev/video0'
2026-05-14 13:21:20,803 [ERROR] SensorCam: Failed to read frame from camera '/dev/video0'
2026-05-14 13:21:20,814 [ERROR] SensorCam: Failed to read frame from camera '/dev/video0'
2026-05-14 13:21:20,825 [ERROR] SensorCam: Failed to read frame from camera '/dev/video0'
2026-05-14 13:21:20,835 [ERROR] SensorCam: Failed to read frame from camera '/dev/video0'
2026-05-14 13:21:20,846 [ERROR] SensorCam: Failed to read frame from camera '/dev/video0'
2026-05-14 13:21:20,857 [ERROR] SensorCam: Failed to read frame from camera '/dev/video0'
2026-05-14 13:21:20,868 [ERROR] SensorCam: Failed to read frame from camera '/dev/video0'
2026-05-14 13:21:20,879 [ERROR] SensorCam: Failed to read frame from camera '/dev/video0'
2026-05-14 13:21:20,890 [ERROR] SensorCam: Failed to read frame from camera '/dev/video0'
2026-05-14 13:21:20,901 [ERROR] SensorCam: Failed to read frame from camera '/dev/video0'
2026-05-14 13:21:20,913 [ERROR] SensorCam: Failed to read frame from camera '/dev/video0'
2026-05-14 13:21:20,924 [ERROR] SensorCam: Failed to read frame from camera '/dev/video0'
2026-05-14 13:21:20,935 [ERROR] SensorCam: Failed to read frame from camera '/dev/video0'
2026-05-14 13:21:20,945 [ERROR] SensorCam: Failed to read frame from camera '/dev/video0'
2026-05-14 13:21:20,956 [ERROR] SensorCam: Failed to read frame from camera '/dev/video0'
2026-05-14 13:21:20,967 [ERROR] SensorCam: Failed to read frame from camera '/dev/video0'
2026-05-14 13:21:20,978 [ERROR] SensorCam: Failed to read frame from camera '/dev/video0'
2026-05-14 13:21:20,989 [ERROR] SensorCam: Failed to read frame from camera '/dev/video0'
2026-05-14 13:21:21,000 [ERROR] SensorCam: Failed to read frame from camera '/dev/video0'
2026-05-14 13:21:21,011 [ERROR] SensorCam: Failed to read frame from camera '/dev/video0'
2026-05-14 13:21:21,022 [ERROR] SensorCam: Failed to read frame from camera '/dev/video0'
2026-05-14 13:21:21,033 [ERROR] SensorCam: Failed to read frame from camera '/dev/video0'
2026-05-14 13:21:21,044 [ERROR] SensorCam: Failed to read frame from camera '/dev/video0'
2026-05-14 13:21:21,055 [ERROR] SensorCam: Failed to read frame from camera '/dev/video0'
2026-05-14 13:21:21,066 [ERROR] SensorCam: Failed to read frame from camera '/dev/video0'
2026-05-14 13:21:21,076 [ERROR] SensorCam: Failed to read frame from camera '/dev/video0'
2026-05-14 13:21:21,087 [ERROR] SensorCam: Failed to read frame from camera '/dev/video0'
2026-05-14 13:21:21,098 [ERROR] SensorCam: Failed to read frame from camera '/dev/video0'
2026-05-14 13:21:21,109 [ERROR] SensorCam: Failed to read frame from camera '/dev/video0'
2026-05-14 13:21:21,119 [ERROR] SensorCam: Failed to read frame from camera '/dev/video0'
2026-05-14 13:21:21,130 [ERROR] SensorCam: Failed to read frame from camera '/dev/video0'
2026-05-14 13:21:21,141 [ERROR] SensorCam: Failed to read frame from camera '/dev/video0'
2026-05-14 13:21:21,152 [ERROR] SensorCam: Failed to read frame from camera '/dev/video0'
2026-05-14 13:21:21,162 [ERROR] SensorCam: Failed to read frame from camera '/dev/video0'
2026-05-14 13:21:21,174 [ERROR] SensorCam: Failed to read frame from camera '/dev/video0'
2026-05-14 13:21:21,184 [ERROR] SensorCam: Failed to read frame from camera '/dev/video0'
2026-05-14 13:21:21,195 [ERROR] SensorCam: Failed to read frame from camera '/dev/video0'
2026-05-14 13:21:21,206 [ERROR] SensorCam: Failed to read frame from camera '/dev/video0'
2026-05-14 13:21:21,217 [ERROR] SensorCam: Failed to read frame from camera '/dev/video0'
2026-05-14 13:21:21,228 [ERROR] SensorCam: Failed to read frame from camera '/dev/video0'
2026-05-14 13:21:21,239 [ERROR] SensorCam: Failed to read frame from camera '/dev/video0'
2026-05-14 13:21:21,250 [ERROR] SensorCam: Failed to read frame from camera '/dev/video0'
2026-05-14 13:21:21,261 [ERROR] SensorCam: Failed to read frame from camera '/dev/video0'
2026-05-14 13:21:21,272 [ERROR] SensorCam: Failed to read frame from camera '/dev/video0'
2026-05-14 13:21:21,283 [ERROR] SensorCam: Failed to read frame from camera '/dev/video0'
2026-05-14 13:21:21,294 [ERROR] SensorCam: Failed to read frame from camera '/dev/video0'
2026-05-14 13:21:21,305 [ERROR] SensorCam: Failed to read frame from camera '/dev/video0'
2026-05-14 13:21:21,316 [ERROR] SensorCam: Failed to read frame from camera '/dev/video0'
2026-05-14 13:21:21,327 [ERROR] SensorCam: Failed to read frame from camera '/dev/video0'
2026-05-14 13:21:21,338 [ERROR] SensorCam: Failed to read frame from camera '/dev/video0'
2026-05-14 13:21:21,349 [ERROR] SensorCam: Failed to read frame from camera '/dev/video0'
2026-05-14 13:21:21,360 [ERROR] SensorCam: Failed to read frame from camera '/dev/video0'
2026-05-14 13:21:21,371 [ERROR] SensorCam: Failed to read frame from camera '/dev/video0'
2026-05-14 13:21:21,382 [ERROR] SensorCam: Failed to read frame from camera '/dev/video0'
2026-05-14 13:21:21,393 [ERROR] SensorCam: Failed to read frame from camera '/dev/video0'
2026-05-14 13:21:21,405 [ERROR] SensorCam: Failed to read frame from camera '/dev/video0'
2026-05-14 13:21:21,416 [ERROR] SensorCam: Failed to read frame from camera '/dev/video0'
2026-05-14 13:21:21,427 [ERROR] SensorCam: Failed to read frame from camera '/dev/video0'
2026-05-14 13:21:21,437 [ERROR] SensorCam: Failed to read frame from camera '/dev/video0'
2026-05-14 13:21:21,448 [ERROR] SensorCam: Failed to read frame from camera '/dev/video0'
2026-05-14 13:21:21,459 [ERROR] SensorCam: Failed to read frame from camera '/dev/video0'
2026-05-14 13:21:21,471 [ERROR] SensorCam: Failed to read frame from camera '/dev/video0'
2026-05-14 13:21:21,482 [ERROR] SensorCam: Failed to read frame from camera '/dev/video0'
2026-05-14 13:21:21,493 [ERROR] SensorCam: Failed to read frame from camera '/dev/video0'
2026-05-14 13:21:21,504 [ERROR] SensorCam: Failed to read frame from camera '/dev/video0'
2026-05-14 13:21:21,515 [ERROR] SensorCam: Failed to read frame from camera '/dev/video0'
2026-05-14 13:21:21,526 [ERROR] SensorCam: Failed to read frame from camera '/dev/video0'
2026-05-14 13:21:21,537 [ERROR] SensorCam: Failed to read frame from camera '/dev/video0'
2026-05-14 13:21:21,548 [ERROR] SensorCam: Failed to read frame from camera '/dev/video0'
2026-05-14 13:21:21,559 [ERROR] SensorCam: Failed to read frame from camera '/dev/video0'
2026-05-14 13:21:21,570 [ERROR] SensorCam: Failed to read frame from camera '/dev/video0'
2026-05-14 13:21:21,581 [ERROR] SensorCam: Failed to read frame from camera '/dev/video0'
2026-05-14 13:21:21,592 [ERROR] SensorCam: Failed to read frame from camera '/dev/video0'
2026-05-14 13:21:21,603 [ERROR] SensorCam: Failed to read frame from camera '/dev/video0'
2026-05-14 13:21:21,614 [ERROR] SensorCam: Failed to read frame from camera '/dev/video0'
2026-05-14 13:21:21,625 [ERROR] SensorCam: Failed to read frame from camera '/dev/video0'
2026-05-14 13:21:21,636 [ERROR] SensorCam: Failed to read frame from camera '/dev/video0'
2026-05-14 13:21:21,647 [ERROR] SensorCam: Failed to read frame from camera '/dev/video0'
2026-05-14 13:21:21,659 [ERROR] SensorCam: Failed to read frame from camera '/dev/video0'
2026-05-14 13:21:21,670 [ERROR] SensorCam: Failed to read frame from camera '/dev/video0'
2026-05-14 13:21:21,723 [ERROR] SensorCam: Failed to read frame from camera '/dev/video0'
2026-05-14 13:21:21,736 [ERROR] SensorCam: Failed to read frame from camera '/dev/video0'
2026-05-14 13:21:21,747 [ERROR] SensorCam: Failed to read frame from camera '/dev/video0'
2026-05-14 13:21:21,758 [ERROR] SensorCam: Failed to read frame from camera '/dev/video0'
2026-05-14 13:21:21,770 [ERROR] SensorCam: Failed to read frame from camera '/dev/video0'
2026-05-14 13:21:21,781 [ERROR] SensorCam: Failed to read frame from camera '/dev/video0'
2026-05-14 13:21:21,792 [ERROR] SensorCam: Failed to read frame from camera '/dev/video0'
2026-05-14 13:21:21,803 [ERROR] SensorCam: Failed to read frame from camera '/dev/video0'
2026-05-14 13:21:21,814 [ERROR] SensorCam: Failed to read frame from camera '/dev/video0'
2026-05-14 13:21:21,825 [ERROR] SensorCam: Failed to read frame from camera '/dev/video0'
2026-05-14 13:21:21,837 [ERROR] SensorCam: Failed to read frame from camera '/dev/video0'
2026-05-14 13:21:21,848 [ERROR] SensorCam: Failed to read frame from camera '/dev/video0'
2026-05-14 13:21:21,859 [ERROR] SensorCam: Failed to read frame from camera '/dev/video0'
2026-05-14 13:21:21,870 [ERROR] SensorCam: Failed to read frame from camera '/dev/video0'
2026-05-14 13:21:21,881 [ERROR] SensorCam: Failed to read frame from camera '/dev/video0'
2026-05-14 13:21:21,892 [ERROR] SensorCam: Failed to read frame from camera '/dev/video0'
2026-05-14 13:21:21,903 [ERROR] SensorCam: Failed to read frame from camera '/dev/video0'
2026-05-14 13:21:21,914 [ERROR] SensorCam: Failed to read frame from camera '/dev/video0'
2026-05-14 13:21:21,925 [ERROR] SensorCam: Failed to read frame from camera '/dev/video0'
2026-05-14 13:21:21,936 [ERROR] SensorCam: Failed to read frame from camera '/dev/video0'
2026-05-14 13:21:21,947 [ERROR] SensorCam: Failed to read frame from camera '/dev/video0'
2026-05-14 13:21:21,958 [ERROR] SensorCam: Failed to read frame from camera '/dev/video0'
2026-05-14 13:21:21,970 [ERROR] SensorCam: Failed to read frame from camera '/dev/video0'
2026-05-14 13:21:21,981 [ERROR] SensorCam: Failed to read frame from camera '/dev/video0'
2026-05-14 13:21:21,992 [ERROR] SensorCam: Failed to read frame from camera '/dev/video0'
2026-05-14 13:21:22,003 [ERROR] SensorCam: Failed to read frame from camera '/dev/video0'
2026-05-14 13:21:22,014 [ERROR] SensorCam: Failed to read frame from camera '/dev/video0'
2026-05-14 13:21:22,024 [ERROR] SensorCam: Failed to read frame from camera '/dev/video0'
2026-05-14 13:21:22,035 [ERROR] SensorCam: Failed to read frame from camera '/dev/video0'
2026-05-14 13:21:22,046 [ERROR] SensorCam: Failed to read frame from camera '/dev/video0'
2026-05-14 13:21:22,057 [ERROR] SensorCam: Failed to read frame from camera '/dev/video0'
2026-05-14 13:21:22,068 [ERROR] SensorCam: Failed to read frame from camera '/dev/video0'
2026-05-14 13:21:22,079 [ERROR] SensorCam: Failed to read frame from camera '/dev/video0'
2026-05-14 13:21:22,090 [ERROR] SensorCam: Failed to read frame from camera '/dev/video0'
2026-05-14 13:21:22,102 [ERROR] SensorCam: Failed to read frame from camera '/dev/video0'
2026-05-14 13:21:22,112 [ERROR] SensorCam: Failed to read frame from camera '/dev/video0'
2026-05-14 13:21:22,123 [ERROR] SensorCam: Failed to read frame from camera '/dev/video0'
2026-05-14 13:21:22,134 [ERROR] SensorCam: Failed to read frame from camera '/dev/video0'
2026-05-14 13:21:22,145 [ERROR] SensorCam: Failed to read frame from camera '/dev/video0'
2026-05-14 13:21:22,155 [ERROR] SensorCam: Failed to read frame from camera '/dev/video0'
2026-05-14 13:21:22,167 [ERROR] SensorCam: Failed to read frame from camera '/dev/video0'
2026-05-14 13:21:22,177 [ERROR] SensorCam: Failed to read frame from camera '/dev/video0'
2026-05-14 13:21:22,189 [ERROR] SensorCam: Failed to read frame from camera '/dev/video0'
2026-05-14 13:21:22,199 [ERROR] SensorCam: Failed to read frame from camera '/dev/video0'
2026-05-14 13:21:22,210 [ERROR] SensorCam: Failed to read frame from camera '/dev/video0'
2026-05-14 13:21:22,221 [ERROR] SensorCam: Failed to read frame from camera '/dev/video0'
2026-05-14 13:21:22,232 [ERROR] SensorCam: Failed to read frame from camera '/dev/video0'
2026-05-14 13:21:22,243 [ERROR] SensorCam: Failed to read frame from camera '/dev/video0'
2026-05-14 13:21:22,253 [ERROR] SensorCam: Failed to read frame from camera '/dev/video0'
2026-05-14 13:21:22,265 [ERROR] SensorCam: Failed to read frame from camera '/dev/video0'
2026-05-14 13:21:22,276 [ERROR] SensorCam: Failed to read frame from camera '/dev/video0'
2026-05-14 13:21:22,287 [ERROR] SensorCam: Failed to read frame from camera '/dev/video0'
2026-05-14 13:21:22,298 [ERROR] SensorCam: Failed to read frame from camera '/dev/video0'
2026-05-14 13:21:22,309 [ERROR] SensorCam: Failed to read frame from camera '/dev/video0'
2026-05-14 13:21:22,320 [ERROR] SensorCam: Failed to read frame from camera '/dev/video0'
2026-05-14 13:21:22,331 [ERROR] SensorCam: Failed to read frame from camera '/dev/video0'
2026-05-14 13:21:22,342 [ERROR] SensorCam: Failed to read frame from camera '/dev/video0'
2026-05-14 13:21:22,353 [ERROR] SensorCam: Failed to read frame from camera '/dev/video0'
2026-05-14 13:21:22,364 [ERROR] SensorCam: Failed to read frame from camera '/dev/video0'
2026-05-14 13:21:22,375 [ERROR] SensorCam: Failed to read frame from camera '/dev/video0'
2026-05-14 13:21:22,385 [ERROR] SensorCam: Failed to read frame from camera '/dev/video0'
2026-05-14 13:21:22,396 [ERROR] SensorCam: Failed to read frame from camera '/dev/video0'
2026-05-14 13:21:22,407 [ERROR] SensorCam: Failed to read frame from camera '/dev/video0'
2026-05-14 13:21:22,418 [ERROR] SensorCam: Failed to read frame from camera '/dev/video0'
2026-05-14 13:21:22,430 [ERROR] SensorCam: Failed to read frame from camera '/dev/video0'
2026-05-14 13:21:22,441 [ERROR] SensorCam: Failed to read frame from camera '/dev/video0'
2026-05-14 13:21:22,451 [ERROR] SensorCam: Failed to read frame from camera '/dev/video0'
2026-05-14 13:21:22,462 [ERROR] SensorCam: Failed to read frame from camera '/dev/video0'
2026-05-14 13:21:22,473 [ERROR] SensorCam: Failed to read frame from camera '/dev/video0'
2026-05-14 13:21:22,484 [ERROR] SensorCam: Failed to read frame from camera '/dev/video0'
2026-05-14 13:21:22,495 [ERROR] SensorCam: Failed to read frame from camera '/dev/video0'
2026-05-14 13:21:22,506 [ERROR] SensorCam: Failed to read frame from camera '/dev/video0'
2026-05-14 13:21:22,517 [ERROR] SensorCam: Failed to read frame from camera '/dev/video0'
2026-05-14 13:21:22,528 [ERROR] SensorCam: Failed to read frame from camera '/dev/video0'
2026-05-14 13:21:22,539 [ERROR] SensorCam: Failed to read frame from camera '/dev/video0'
2026-05-14 13:21:22,551 [ERROR] SensorCam: Failed to read frame from camera '/dev/video0'
2026-05-14 13:21:22,562 [ERROR] SensorCam: Failed to read frame from camera '/dev/video0'
2026-05-14 13:21:22,572 [ERROR] SensorCam: Failed to read frame from camera '/dev/video0'
2026-05-14 13:21:22,584 [ERROR] SensorCam: Failed to read frame from camera '/dev/video0'
2026-05-14 13:21:22,595 [ERROR] SensorCam: Failed to read frame from camera '/dev/video0'
2026-05-14 13:21:22,606 [ERROR] SensorCam: Failed to read frame from camera '/dev/video0'
2026-05-14 13:21:22,617 [ERROR] SensorCam: Failed to read frame from camera '/dev/video0'
2026-05-14 13:21:22,628 [ERROR] SensorCam: Failed to read frame from camera '/dev/video0'
2026-05-14 13:21:22,639 [ERROR] SensorCam: Failed to read frame from camera '/dev/video0'
2026-05-14 13:21:22,650 [ERROR] SensorCam: Failed to read frame from camera '/dev/video0'
2026-05-14 13:21:22,661 [ERROR] SensorCam: Failed to read frame from camera '/dev/video0'
2026-05-14 13:21:22,672 [ERROR] SensorCam: Failed to read frame from camera '/dev/video0'
2026-05-14 13:21:22,683 [ERROR] SensorCam: Failed to read frame from camera '/dev/video0'
2026-05-14 13:21:22,694 [ERROR] SensorCam: Failed to read frame from camera '/dev/video0'
2026-05-14 13:21:22,706 [ERROR] SensorCam: Failed to read frame from camera '/dev/video0'
2026-05-14 13:21:22,717 [ERROR] SensorCam: Failed to read frame from camera '/dev/video0'
2026-05-14 13:21:22,728 [ERROR] SensorCam: Failed to read frame from camera '/dev/video0'
2026-05-14 13:21:22,739 [ERROR] SensorCam: Failed to read frame from camera '/dev/video0'
2026-05-14 13:21:22,750 [ERROR] SensorCam: Failed to read frame from camera '/dev/video0'
2026-05-14 13:21:22,761 [ERROR] SensorCam: Failed to read frame from camera '/dev/video0'
2026-05-14 13:21:22,772 [ERROR] SensorCam: Failed to read frame from camera '/dev/video0'
2026-05-14 13:21:22,783 [ERROR] SensorCam: Failed to read frame from camera '/dev/video0'
2026-05-14 13:21:22,795 [ERROR] SensorCam: Failed to read frame from camera '/dev/video0'
2026-05-14 13:21:22,805 [ERROR] SensorCam: Failed to read frame from camera '/dev/video0'
2026-05-14 13:21:22,816 [ERROR] SensorCam: Failed to read frame from camera '/dev/video0'
2026-05-14 13:21:22,827 [ERROR] SensorCam: Failed to read frame from camera '/dev/video0'
2026-05-14 13:21:22,838 [ERROR] SensorCam: Failed to read frame from camera '/dev/video0'
2026-05-14 13:21:22,849 [ERROR] SensorCam: Failed to read frame from camera '/dev/video0'
2026-05-14 13:21:22,860 [ERROR] SensorCam: Failed to read frame from camera '/dev/video0'
2026-05-14 13:21:22,871 [ERROR] SensorCam: Failed to read frame from camera '/dev/video0'
2026-05-14 13:21:22,883 [ERROR] SensorCam: Failed to read frame from camera '/dev/video0'
2026-05-14 13:21:22,894 [ERROR] SensorCam: Failed to read frame from camera '/dev/video0'
2026-05-14 13:21:22,905 [ERROR] SensorCam: Failed to read frame from camera '/dev/video0'
2026-05-14 13:21:22,916 [ERROR] SensorCam: Failed to read frame from camera '/dev/video0'
2026-05-14 13:21:22,928 [ERROR] SensorCam: Failed to read frame from camera '/dev/video0'
2026-05-14 13:21:22,939 [ERROR] SensorCam: Failed to read frame from camera '/dev/video0'
2026-05-14 13:21:22,950 [ERROR] SensorCam: Failed to read frame from camera '/dev/video0'
2026-05-14 13:21:22,961 [ERROR] SensorCam: Failed to read frame from camera '/dev/video0'
2026-05-14 13:21:22,973 [ERROR] SensorCam: Failed to read frame from camera '/dev/video0'
2026-05-14 13:21:22,983 [ERROR] SensorCam: Failed to read frame from camera '/dev/video0'
2026-05-14 13:21:22,995 [ERROR] SensorCam: Failed to read frame from camera '/dev/video0'
2026-05-14 13:21:23,006 [ERROR] SensorCam: Failed to read frame from camera '/dev/video0'
2026-05-14 13:21:23,017 [ERROR] SensorCam: Failed to read frame from camera '/dev/video0'
2026-05-14 13:21:23,028 [ERROR] SensorCam: Failed to read frame from camera '/dev/video0'
2026-05-14 13:21:23,039 [ERROR] SensorCam: Failed to read frame from camera '/dev/video0'
2026-05-14 13:21:23,050 [ERROR] SensorCam: Failed to read frame from camera '/dev/video0'
2026-05-14 13:21:23,061 [ERROR] SensorCam: Failed to read frame from camera '/dev/video0'
2026-05-14 13:21:23,072 [ERROR] SensorCam: Failed to read frame from camera '/dev/video0'
2026-05-14 13:21:23,083 [ERROR] SensorCam: Failed to read frame from camera '/dev/video0'
2026-05-14 13:21:23,094 [ERROR] SensorCam: Failed to read frame from camera '/dev/video0'
2026-05-14 13:21:23,105 [ERROR] SensorCam: Failed to read frame from camera '/dev/video0'
2026-05-14 13:21:23,116 [ERROR] SensorCam: Failed to read frame from camera '/dev/video0'
2026-05-14 13:21:23,127 [ERROR] SensorCam: Failed to read frame from camera '/dev/video0'
2026-05-14 13:21:23,138 [ERROR] SensorCam: Failed to read frame from camera '/dev/video0'
2026-05-14 13:21:23,149 [ERROR] SensorCam: Failed to read frame from camera '/dev/video0'
2026-05-14 13:21:23,160 [ERROR] SensorCam: Failed to read frame from camera '/dev/video0'
2026-05-14 13:21:23,170 [ERROR] SensorCam: Failed to read frame from camera '/dev/video0'
2026-05-14 13:21:23,182 [ERROR] SensorCam: Failed to read frame from camera '/dev/video0'
2026-05-14 13:21:23,193 [ERROR] SensorCam: Failed to read frame from camera '/dev/video0'
2026-05-14 13:21:23,204 [ERROR] SensorCam: Failed to read frame from camera '/dev/video0'
2026-05-14 13:21:23,215 [ERROR] SensorCam: Failed to read frame from camera '/dev/video0'
2026-05-14 13:21:23,225 [ERROR] SensorCam: Failed to read frame from camera '/dev/video0'
2026-05-14 13:21:23,236 [ERROR] SensorCam: Failed to read frame from camera '/dev/video0'
2026-05-14 13:21:23,247 [ERROR] SensorCam: Failed to read frame from camera '/dev/video0'
2026-05-14 13:21:23,259 [ERROR] SensorCam: Failed to read frame from camera '/dev/video0'
2026-05-14 13:21:23,270 [ERROR] SensorCam: Failed to read frame from camera '/dev/video0'
2026-05-14 13:21:23,281 [ERROR] SensorCam: Failed to read frame from camera '/dev/video0'
2026-05-14 13:21:23,291 [ERROR] SensorCam: Failed to read frame from camera '/dev/video0'
2026-05-14 13:21:23,302 [ERROR] SensorCam: Failed to read frame from camera '/dev/video0'
2026-05-14 13:21:23,313 [ERROR] SensorCam: Failed to read frame from camera '/dev/video0'
2026-05-14 13:21:23,324 [ERROR] SensorCam: Failed to read frame from camera '/dev/video0'
2026-05-14 13:21:23,335 [ERROR] SensorCam: Failed to read frame from camera '/dev/video0'
2026-05-14 13:21:23,346 [ERROR] SensorCam: Failed to read frame from camera '/dev/video0'
2026-05-14 13:21:23,357 [ERROR] SensorCam: Failed to read frame from camera '/dev/video0'
2026-05-14 13:21:23,368 [ERROR] SensorCam: Failed to read frame from camera '/dev/video0'
2026-05-14 13:21:23,379 [ERROR] SensorCam: Failed to read frame from camera '/dev/video0'
2026-05-14 13:21:23,390 [ERROR] SensorCam: Failed to read frame from camera '/dev/video0'
2026-05-14 13:21:23,401 [ERROR] SensorCam: Failed to read frame from camera '/dev/video0'
2026-05-14 13:21:23,411 [ERROR] SensorCam: Failed to read frame from camera '/dev/video0'
2026-05-14 13:21:23,422 [ERROR] SensorCam: Failed to read frame from camera '/dev/video0'
2026-05-14 13:21:23,433 [ERROR] SensorCam: Failed to read frame from camera '/dev/video0'
2026-05-14 13:21:23,444 [ERROR] SensorCam: Failed to read frame from camera '/dev/video0'
2026-05-14 13:21:23,454 [ERROR] SensorCam: Failed to read frame from camera '/dev/video0'
2026-05-14 13:21:23,465 [ERROR] SensorCam: Failed to read frame from camera '/dev/video0'
2026-05-14 13:21:23,476 [ERROR] SensorCam: Failed to read frame from camera '/dev/video0'
2026-05-14 13:21:23,487 [ERROR] SensorCam: Failed to read frame from camera '/dev/video0'
2026-05-14 13:21:23,498 [ERROR] SensorCam: Failed to read frame from camera '/dev/video0'
2026-05-14 13:21:23,509 [ERROR] SensorCam: Failed to read frame from camera '/dev/video0'
2026-05-14 13:21:23,520 [ERROR] SensorCam: Failed to read frame from camera '/dev/video0'
2026-05-14 13:21:23,531 [ERROR] SensorCam: Failed to read frame from camera '/dev/video0'
2026-05-14 13:21:23,542 [ERROR] SensorCam: Failed to read frame from camera '/dev/video0'
2026-05-14 13:21:23,553 [ERROR] SensorCam: Failed to read frame from camera '/dev/video0'
2026-05-14 13:21:23,565 [ERROR] SensorCam: Failed to read frame from camera '/dev/video0'
2026-05-14 13:21:23,576 [ERROR] SensorCam: Failed to read frame from camera '/dev/video0'
2026-05-14 13:21:23,587 [ERROR] SensorCam: Failed to read frame from camera '/dev/video0'
2026-05-14 13:21:23,598 [ERROR] SensorCam: Failed to read frame from camera '/dev/video0'
2026-05-14 13:21:23,609 [ERROR] SensorCam: Failed to read frame from camera '/dev/video0'
2026-05-14 13:21:23,620 [ERROR] SensorCam: Failed to read frame from camera '/dev/video0'
2026-05-14 13:21:23,631 [ERROR] SensorCam: Failed to read frame from camera '/dev/video0'
2026-05-14 13:21:23,642 [ERROR] SensorCam: Failed to read frame from camera '/dev/video0'
2026-05-14 13:21:23,653 [ERROR] SensorCam: Failed to read frame from camera '/dev/video0'
2026-05-14 13:21:23,664 [ERROR] SensorCam: Failed to read frame from camera '/dev/video0'
2026-05-14 13:21:23,674 [ERROR] SensorCam: Failed to read frame from camera '/dev/video0'
2026-05-14 13:21:23,685 [ERROR] SensorCam: Failed to read frame from camera '/dev/video0'
2026-05-14 13:21:23,696 [ERROR] SensorCam: Failed to read frame from camera '/dev/video0'
2026-05-14 13:21:23,707 [ERROR] SensorCam: Failed to read frame from camera '/dev/video0'
2026-05-14 13:21:23,718 [ERROR] SensorCam: Failed to read frame from camera '/dev/video0'
2026-05-14 13:21:23,729 [ERROR] SensorCam: Failed to read frame from camera '/dev/video0'
2026-05-14 13:21:23,740 [ERROR] SensorCam: Failed to read frame from camera '/dev/video0'
2026-05-14 13:21:23,752 [ERROR] SensorCam: Failed to read frame from camera '/dev/video0'
2026-05-14 13:21:23,762 [ERROR] SensorCam: Failed to read frame from camera '/dev/video0'
2026-05-14 13:21:23,774 [ERROR] SensorCam: Failed to read frame from camera '/dev/video0'
2026-05-14 13:21:23,785 [ERROR] SensorCam: Failed to read frame from camera '/dev/video0'
2026-05-14 13:21:23,796 [ERROR] SensorCam: Failed to read frame from camera '/dev/video0'
2026-05-14 13:21:23,807 [ERROR] SensorCam: Failed to read frame from camera '/dev/video0'
2026-05-14 13:21:23,818 [ERROR] SensorCam: Failed to read frame from camera '/dev/video0'
2026-05-14 13:21:23,829 [ERROR] SensorCam: Failed to read frame from camera '/dev/video0'
2026-05-14 13:21:23,839 [ERROR] SensorCam: Failed to read frame from camera '/dev/video0'
2026-05-14 13:21:23,850 [ERROR] SensorCam: Failed to read frame from camera '/dev/video0'
2026-05-14 13:21:23,861 [ERROR] SensorCam: Failed to read frame from camera '/dev/video0'
2026-05-14 13:21:23,872 [ERROR] SensorCam: Failed to read frame from camera '/dev/video0'
2026-05-14 13:21:23,883 [ERROR] SensorCam: Failed to read frame from camera '/dev/video0'
2026-05-14 13:21:23,894 [ERROR] SensorCam: Failed to read frame from camera '/dev/video0'
2026-05-14 13:21:23,905 [ERROR] SensorCam: Failed to read frame from camera '/dev/video0'
2026-05-14 13:21:23,916 [ERROR] SensorCam: Failed to read frame from camera '/dev/video0'
2026-05-14 13:21:23,927 [ERROR] SensorCam: Failed to read frame from camera '/dev/video0'
2026-05-14 13:21:23,938 [ERROR] SensorCam: Failed to read frame from camera '/dev/video0'
2026-05-14 13:21:23,949 [ERROR] SensorCam: Failed to read frame from camera '/dev/video0'
2026-05-14 13:21:23,960 [ERROR] SensorCam: Failed to read frame from camera '/dev/video0'
2026-05-14 13:21:23,971 [ERROR] SensorCam: Failed to read frame from camera '/dev/video0'
2026-05-14 13:21:23,982 [ERROR] SensorCam: Failed to read frame from camera '/dev/video0'
2026-05-14 13:21:23,992 [ERROR] SensorCam: Failed to read frame from camera '/dev/video0'
2026-05-14 13:21:24,003 [ERROR] SensorCam: Failed to read frame from camera '/dev/video0'
2026-05-14 13:21:24,014 [ERROR] SensorCam: Failed to read frame from camera '/dev/video0'
2026-05-14 13:21:24,025 [ERROR] SensorCam: Failed to read frame from camera '/dev/video0'
2026-05-14 13:21:24,035 [ERROR] SensorCam: Failed to read frame from camera '/dev/video0'
2026-05-14 13:21:24,046 [ERROR] SensorCam: Failed to read frame from camera '/dev/video0'
2026-05-14 13:21:24,057 [ERROR] SensorCam: Failed to read frame from camera '/dev/video0'
2026-05-14 13:21:24,070 [ERROR] SensorCam: Failed to read frame from camera '/dev/video0'
2026-05-14 13:21:24,081 [ERROR] SensorCam: Failed to read frame from camera '/dev/video0'
2026-05-14 13:21:24,093 [ERROR] SensorCam: Failed to read frame from camera '/dev/video0'
2026-05-14 13:21:24,104 [ERROR] SensorCam: Failed to read frame from camera '/dev/video0'
2026-05-14 13:21:24,115 [ERROR] SensorCam: Failed to read frame from camera '/dev/video0'
2026-05-14 13:21:24,126 [ERROR] SensorCam: Failed to read frame from camera '/dev/video0'
2026-05-14 13:21:24,137 [ERROR] SensorCam: Failed to read frame from camera '/dev/video0'
2026-05-14 13:21:24,148 [ERROR] SensorCam: Failed to read frame from camera '/dev/video0'
2026-05-14 13:21:24,158 [ERROR] SensorCam: Failed to read frame from camera '/dev/video0'
2026-05-14 13:21:24,169 [ERROR] SensorCam: Failed to read frame from camera '/dev/video0'
2026-05-14 13:21:24,180 [ERROR] SensorCam: Failed to read frame from camera '/dev/video0'
2026-05-14 13:21:24,191 [ERROR] SensorCam: Failed to read frame from camera '/dev/video0'
2026-05-14 13:21:24,202 [ERROR] SensorCam: Failed to read frame from camera '/dev/video0'
2026-05-14 13:21:24,213 [ERROR] SensorCam: Failed to read frame from camera '/dev/video0'
2026-05-14 13:21:24,223 [ERROR] SensorCam: Failed to read frame from camera '/dev/video0'
2026-05-14 13:21:24,234 [ERROR] SensorCam: Failed to read frame from camera '/dev/video0'
2026-05-14 13:21:24,246 [ERROR] SensorCam: Failed to read frame from camera '/dev/video0'
2026-05-14 13:21:24,256 [ERROR] SensorCam: Failed to read frame from camera '/dev/video0'
2026-05-14 13:21:24,267 [ERROR] SensorCam: Failed to read frame from camera '/dev/video0'
2026-05-14 13:21:24,278 [ERROR] SensorCam: Failed to read frame from camera '/dev/video0'
2026-05-14 13:21:24,289 [ERROR] SensorCam: Failed to read frame from camera '/dev/video0'
2026-05-14 13:21:24,301 [ERROR] SensorCam: Failed to read frame from camera '/dev/video0'
2026-05-14 13:21:24,312 [ERROR] SensorCam: Failed to read frame from camera '/dev/video0'
2026-05-14 13:21:24,322 [ERROR] SensorCam: Failed to read frame from camera '/dev/video0'
2026-05-14 13:21:24,333 [ERROR] SensorCam: Failed to read frame from camera '/dev/video0'
2026-05-14 13:21:24,344 [ERROR] SensorCam: Failed to read frame from camera '/dev/video0'
2026-05-14 13:21:24,355 [ERROR] SensorCam: Failed to read frame from camera '/dev/video0'
2026-05-14 13:21:24,366 [ERROR] SensorCam: Failed to read frame from camera '/dev/video0'
2026-05-14 13:21:24,377 [ERROR] SensorCam: Failed to read frame from camera '/dev/video0'
2026-05-14 13:21:24,388 [ERROR] SensorCam: Failed to read frame from camera '/dev/video0'
2026-05-14 13:21:24,399 [ERROR] SensorCam: Failed to read frame from camera '/dev/video0'
2026-05-14 13:21:24,410 [ERROR] SensorCam: Failed to read frame from camera '/dev/video0'
2026-05-14 13:21:24,421 [ERROR] SensorCam: Failed to read frame from camera '/dev/video0'
2026-05-14 13:21:24,432 [ERROR] SensorCam: Failed to read frame from camera '/dev/video0'
2026-05-14 13:21:24,443 [ERROR] SensorCam: Failed to read frame from camera '/dev/video0'
2026-05-14 13:21:24,454 [ERROR] SensorCam: Failed to read frame from camera '/dev/video0'
2026-05-14 13:21:24,465 [ERROR] SensorCam: Failed to read frame from camera '/dev/video0'
2026-05-14 13:21:24,476 [ERROR] SensorCam: Failed to read frame from camera '/dev/video0'
2026-05-14 13:21:24,487 [ERROR] SensorCam: Failed to read frame from camera '/dev/video0'
2026-05-14 13:21:24,498 [ERROR] SensorCam: Failed to read frame from camera '/dev/video0'
2026-05-14 13:21:24,508 [ERROR] SensorCam: Failed to read frame from camera '/dev/video0'
2026-05-14 13:21:24,520 [ERROR] SensorCam: Failed to read frame from camera '/dev/video0'
2026-05-14 13:21:24,531 [ERROR] SensorCam: Failed to read frame from camera '/dev/video0'
2026-05-14 13:21:24,542 [ERROR] SensorCam: Failed to read frame from camera '/dev/video0'
2026-05-14 13:21:24,553 [ERROR] SensorCam: Failed to read frame from camera '/dev/video0'
2026-05-14 13:21:24,564 [ERROR] SensorCam: Failed to read frame from camera '/dev/video0'
2026-05-14 13:21:24,574 [ERROR] SensorCam: Failed to read frame from camera '/dev/video0'
2026-05-14 13:21:24,585 [ERROR] SensorCam: Failed to read frame from camera '/dev/video0'
2026-05-14 13:21:24,597 [ERROR] SensorCam: Failed to read frame from camera '/dev/video0'
2026-05-14 13:21:24,608 [ERROR] SensorCam: Failed to read frame from camera '/dev/video0'
2026-05-14 13:21:24,619 [ERROR] SensorCam: Failed to read frame from camera '/dev/video0'
2026-05-14 13:21:24,629 [ERROR] SensorCam: Failed to read frame from camera '/dev/video0'
2026-05-14 13:21:24,640 [ERROR] SensorCam: Failed to read frame from camera '/dev/video0'
2026-05-14 13:21:24,651 [ERROR] SensorCam: Failed to read frame from camera '/dev/video0'
2026-05-14 13:21:24,662 [ERROR] SensorCam: Failed to read frame from camera '/dev/video0'
2026-05-14 13:21:24,673 [ERROR] SensorCam: Failed to read frame from camera '/dev/video0'
2026-05-14 13:21:24,684 [ERROR] SensorCam: Failed to read frame from camera '/dev/video0'
2026-05-14 13:21:24,694 [ERROR] SensorCam: Failed to read frame from camera '/dev/video0'
2026-05-14 13:21:24,705 [ERROR] SensorCam: Failed to read frame from camera '/dev/video0'
2026-05-14 13:21:24,716 [ERROR] SensorCam: Failed to read frame from camera '/dev/video0'
2026-05-14 13:21:24,727 [ERROR] SensorCam: Failed to read frame from camera '/dev/video0'
2026-05-14 13:21:24,738 [ERROR] SensorCam: Failed to read frame from camera '/dev/video0'
2026-05-14 13:21:24,749 [ERROR] SensorCam: Failed to read frame from camera '/dev/video0'
2026-05-14 13:21:24,760 [ERROR] SensorCam: Failed to read frame from camera '/dev/video0'
2026-05-14 13:21:24,771 [ERROR] SensorCam: Failed to read frame from camera '/dev/video0'
2026-05-14 13:21:24,783 [ERROR] SensorCam: Failed to read frame from camera '/dev/video0'
2026-05-14 13:21:24,793 [ERROR] SensorCam: Failed to read frame from camera '/dev/video0'
2026-05-14 13:21:24,805 [ERROR] SensorCam: Failed to read frame from camera '/dev/video0'
2026-05-14 13:21:24,816 [ERROR] SensorCam: Failed to read frame from camera '/dev/video0'
2026-05-14 13:21:24,827 [ERROR] SensorCam: Failed to read frame from camera '/dev/video0'
2026-05-14 13:21:24,838 [ERROR] SensorCam: Failed to read frame from camera '/dev/video0'
2026-05-14 13:21:24,848 [ERROR] SensorCam: Failed to read frame from camera '/dev/video0'
2026-05-14 13:21:24,859 [ERROR] SensorCam: Failed to read frame from camera '/dev/video0'
2026-05-14 13:21:24,870 [ERROR] SensorCam: Failed to read frame from camera '/dev/video0'
2026-05-14 13:21:24,880 [ERROR] SensorCam: Failed to read frame from camera '/dev/video0'
2026-05-14 13:21:24,891 [ERROR] SensorCam: Failed to read frame from camera '/dev/video0'
2026-05-14 13:21:24,902 [ERROR] SensorCam: Failed to read frame from camera '/dev/video0'
2026-05-14 13:21:24,913 [ERROR] SensorCam: Failed to read frame from camera '/dev/video0'
2026-05-14 13:21:24,923 [ERROR] SensorCam: Failed to read frame from camera '/dev/video0'
2026-05-14 13:21:24,935 [ERROR] SensorCam: Failed to read frame from camera '/dev/video0'
2026-05-14 13:21:24,946 [ERROR] SensorCam: Failed to read frame from camera '/dev/video0'
2026-05-14 13:21:24,957 [ERROR] SensorCam: Failed to read frame from camera '/dev/video0'
2026-05-14 13:21:24,968 [ERROR] SensorCam: Failed to read frame from camera '/dev/video0'
2026-05-14 13:21:24,979 [ERROR] SensorCam: Failed to read frame from camera '/dev/video0'
2026-05-14 13:21:24,990 [ERROR] SensorCam: Failed to read frame from camera '/dev/video0'
2026-05-14 13:21:25,001 [ERROR] SensorCam: Failed to read frame from camera '/dev/video0'
2026-05-14 13:21:25,012 [ERROR] SensorCam: Failed to read frame from camera '/dev/video0'
2026-05-14 13:21:25,023 [ERROR] SensorCam: Failed to read frame from camera '/dev/video0'
2026-05-14 13:21:25,034 [ERROR] SensorCam: Failed to read frame from camera '/dev/video0'
2026-05-14 13:21:25,045 [ERROR] SensorCam: Failed to read frame from camera '/dev/video0'
2026-05-14 13:21:25,056 [ERROR] SensorCam: Failed to read frame from camera '/dev/video0'
2026-05-14 13:21:25,066 [ERROR] SensorCam: Failed to read frame from camera '/dev/video0'
2026-05-14 13:21:25,077 [ERROR] SensorCam: Failed to read frame from camera '/dev/video0'
2026-05-14 13:21:25,088 [ERROR] SensorCam: Failed to read frame from camera '/dev/video0'
2026-05-14 13:21:25,099 [ERROR] SensorCam: Failed to read frame from camera '/dev/video0'
2026-05-14 13:21:25,110 [ERROR] SensorCam: Failed to read frame from camera '/dev/video0'
2026-05-14 13:21:25,121 [ERROR] SensorCam: Failed to read frame from camera '/dev/video0'
2026-05-14 13:21:25,132 [ERROR] SensorCam: Failed to read frame from camera '/dev/video0'
2026-05-14 13:21:25,143 [ERROR] SensorCam: Failed to read frame from camera '/dev/video0'
2026-05-14 13:21:25,154 [ERROR] SensorCam: Failed to read frame from camera '/dev/video0'
2026-05-14 13:21:25,164 [ERROR] SensorCam: Failed to read frame from camera '/dev/video0'
2026-05-14 13:21:25,175 [ERROR] SensorCam: Failed to read frame from camera '/dev/video0'
2026-05-14 13:21:25,186 [ERROR] SensorCam: Failed to read frame from camera '/dev/video0'
2026-05-14 13:21:25,197 [ERROR] SensorCam: Failed to read frame from camera '/dev/video0'
2026-05-14 13:21:25,208 [ERROR] SensorCam: Failed to read frame from camera '/dev/video0'
2026-05-14 13:21:25,219 [ERROR] SensorCam: Failed to read frame from camera '/dev/video0'
2026-05-14 13:21:25,230 [ERROR] SensorCam: Failed to read frame from camera '/dev/video0'
2026-05-14 13:21:25,241 [ERROR] SensorCam: Failed to read frame from camera '/dev/video0'
2026-05-14 13:21:25,252 [ERROR] SensorCam: Failed to read frame from camera '/dev/video0'
2026-05-14 13:21:25,263 [ERROR] SensorCam: Failed to read frame from camera '/dev/video0'
2026-05-14 13:21:25,274 [ERROR] SensorCam: Failed to read frame from camera '/dev/video0'
2026-05-14 13:21:25,285 [ERROR] SensorCam: Failed to read frame from camera '/dev/video0'
2026-05-14 13:21:25,296 [ERROR] SensorCam: Failed to read frame from camera '/dev/video0'
2026-05-14 13:21:25,307 [ERROR] SensorCam: Failed to read frame from camera '/dev/video0'
2026-05-14 13:21:25,318 [ERROR] SensorCam: Failed to read frame from camera '/dev/video0'
2026-05-14 13:21:25,328 [ERROR] SensorCam: Failed to read frame from camera '/dev/video0'
2026-05-14 13:21:25,340 [ERROR] SensorCam: Failed to read frame from camera '/dev/video0'
2026-05-14 13:21:25,351 [ERROR] SensorCam: Failed to read frame from camera '/dev/video0'
2026-05-14 13:21:25,362 [ERROR] SensorCam: Failed to read frame from camera '/dev/video0'
2026-05-14 13:21:25,373 [ERROR] SensorCam: Failed to read frame from camera '/dev/video0'
2026-05-14 13:21:25,383 [ERROR] SensorCam: Failed to read frame from camera '/dev/video0'
2026-05-14 13:21:25,394 [ERROR] SensorCam: Failed to read frame from camera '/dev/video0'
2026-05-14 13:21:25,405 [ERROR] SensorCam: Failed to read frame from camera '/dev/video0'
2026-05-14 13:21:25,416 [ERROR] SensorCam: Failed to read frame from camera '/dev/video0'
2026-05-14 13:21:25,427 [ERROR] SensorCam: Failed to read frame from camera '/dev/video0'
2026-05-14 13:21:25,438 [ERROR] SensorCam: Failed to read frame from camera '/dev/video0'
2026-05-14 13:21:25,449 [ERROR] SensorCam: Failed to read frame from camera '/dev/video0'
2026-05-14 13:21:25,460 [ERROR] SensorCam: Failed to read frame from camera '/dev/video0'
2026-05-14 13:21:25,471 [ERROR] SensorCam: Failed to read frame from camera '/dev/video0'
2026-05-14 13:21:25,482 [ERROR] SensorCam: Failed to read frame from camera '/dev/video0'
2026-05-14 13:21:25,494 [ERROR] SensorCam: Failed to read frame from camera '/dev/video0'
2026-05-14 13:21:25,505 [ERROR] SensorCam: Failed to read frame from camera '/dev/video0'
2026-05-14 13:21:25,546 [ERROR] SensorCam: Failed to read frame from camera '/dev/video0'
2026-05-14 13:21:25,564 [ERROR] SensorCam: Failed to read frame from camera '/dev/video0'
2026-05-14 13:21:25,575 [ERROR] SensorCam: Failed to read frame from camera '/dev/video0'
2026-05-14 13:21:25,587 [ERROR] SensorCam: Failed to read frame from camera '/dev/video0'
2026-05-14 13:21:25,598 [ERROR] SensorCam: Failed to read frame from camera '/dev/video0'
2026-05-14 13:21:25,608 [ERROR] SensorCam: Failed to read frame from camera '/dev/video0'
2026-05-14 13:21:25,619 [ERROR] SensorCam: Failed to read frame from camera '/dev/video0'
2026-05-14 13:21:25,630 [ERROR] SensorCam: Failed to read frame from camera '/dev/video0'
2026-05-14 13:21:25,640 [ERROR] SensorCam: Failed to read frame from camera '/dev/video0'
2026-05-14 13:21:25,651 [ERROR] SensorCam: Failed to read frame from camera '/dev/video0'
2026-05-14 13:21:25,662 [ERROR] SensorCam: Failed to read frame from camera '/dev/video0'
2026-05-14 13:21:25,673 [ERROR] SensorCam: Failed to read frame from camera '/dev/video0'
2026-05-14 13:21:25,684 [ERROR] SensorCam: Failed to read frame from camera '/dev/video0'
2026-05-14 13:21:25,695 [ERROR] SensorCam: Failed to read frame from camera '/dev/video0'
2026-05-14 13:21:25,706 [ERROR] SensorCam: Failed to read frame from camera '/dev/video0'
2026-05-14 13:21:25,716 [ERROR] SensorCam: Failed to read frame from camera '/dev/video0'
2026-05-14 13:21:25,727 [ERROR] SensorCam: Failed to read frame from camera '/dev/video0'
2026-05-14 13:21:25,738 [ERROR] SensorCam: Failed to read frame from camera '/dev/video0'
2026-05-14 13:21:25,748 [ERROR] SensorCam: Failed to read frame from camera '/dev/video0'
2026-05-14 13:21:25,759 [ERROR] SensorCam: Failed to read frame from camera '/dev/video0'
2026-05-14 13:21:25,770 [ERROR] SensorCam: Failed to read frame from camera '/dev/video0'
2026-05-14 13:21:25,781 [ERROR] SensorCam: Failed to read frame from camera '/dev/video0'
2026-05-14 13:21:25,792 [ERROR] SensorCam: Failed to read frame from camera '/dev/video0'
2026-05-14 13:21:25,803 [ERROR] SensorCam: Failed to read frame from camera '/dev/video0'
2026-05-14 13:21:25,814 [ERROR] SensorCam: Failed to read frame from camera '/dev/video0'
2026-05-14 13:21:25,825 [ERROR] SensorCam: Failed to read frame from camera '/dev/video0'
2026-05-14 13:21:25,836 [ERROR] SensorCam: Failed to read frame from camera '/dev/video0'
2026-05-14 13:21:25,847 [ERROR] SensorCam: Failed to read frame from camera '/dev/video0'
2026-05-14 13:21:25,859 [ERROR] SensorCam: Failed to read frame from camera '/dev/video0'
2026-05-14 13:21:25,870 [ERROR] SensorCam: Failed to read frame from camera '/dev/video0'
2026-05-14 13:21:25,881 [ERROR] SensorCam: Failed to read frame from camera '/dev/video0'
2026-05-14 13:21:25,891 [ERROR] SensorCam: Failed to read frame from camera '/dev/video0'
2026-05-14 13:21:25,902 [ERROR] SensorCam: Failed to read frame from camera '/dev/video0'
2026-05-14 13:21:25,913 [ERROR] SensorCam: Failed to read frame from camera '/dev/video0'
2026-05-14 13:21:25,924 [ERROR] SensorCam: Failed to read frame from camera '/dev/video0'
2026-05-14 13:21:25,935 [ERROR] SensorCam: Failed to read frame from camera '/dev/video0'
2026-05-14 13:21:25,946 [ERROR] SensorCam: Failed to read frame from camera '/dev/video0'
2026-05-14 13:21:25,957 [ERROR] SensorCam: Failed to read frame from camera '/dev/video0'
2026-05-14 13:21:25,969 [ERROR] SensorCam: Failed to read frame from camera '/dev/video0'
2026-05-14 13:21:25,980 [ERROR] SensorCam: Failed to read frame from camera '/dev/video0'
2026-05-14 13:21:25,991 [ERROR] SensorCam: Failed to read frame from camera '/dev/video0'
2026-05-14 13:21:26,002 [ERROR] SensorCam: Failed to read frame from camera '/dev/video0'
2026-05-14 13:21:26,012 [ERROR] SensorCam: Failed to read frame from camera '/dev/video0'
2026-05-14 13:21:26,023 [ERROR] SensorCam: Failed to read frame from camera '/dev/video0'
2026-05-14 13:21:26,034 [ERROR] SensorCam: Failed to read frame from camera '/dev/video0'
2026-05-14 13:21:26,045 [ERROR] SensorCam: Failed to read frame from camera '/dev/video0'
2026-05-14 13:21:26,056 [ERROR] SensorCam: Failed to read frame from camera '/dev/video0'
2026-05-14 13:21:26,068 [ERROR] SensorCam: Failed to read frame from camera '/dev/video0'
2026-05-14 13:21:26,078 [ERROR] SensorCam: Failed to read frame from camera '/dev/video0'
2026-05-14 13:21:26,089 [ERROR] SensorCam: Failed to read frame from camera '/dev/video0'
2026-05-14 13:21:26,100 [ERROR] SensorCam: Failed to read frame from camera '/dev/video0'
2026-05-14 13:21:26,111 [ERROR] SensorCam: Failed to read frame from camera '/dev/video0'
2026-05-14 13:21:26,122 [ERROR] SensorCam: Failed to read frame from camera '/dev/video0'
2026-05-14 13:21:26,133 [ERROR] SensorCam: Failed to read frame from camera '/dev/video0'
2026-05-14 13:21:26,144 [ERROR] SensorCam: Failed to read frame from camera '/dev/video0'
2026-05-14 13:21:26,154 [ERROR] SensorCam: Failed to read frame from camera '/dev/video0'
2026-05-14 13:21:26,166 [ERROR] SensorCam: Failed to read frame from camera '/dev/video0'
2026-05-14 13:21:26,178 [ERROR] SensorCam: Failed to read frame from camera '/dev/video0'
2026-05-14 13:21:26,189 [ERROR] SensorCam: Failed to read frame from camera '/dev/video0'
2026-05-14 13:21:26,201 [ERROR] SensorCam: Failed to read frame from camera '/dev/video0'
2026-05-14 13:21:26,211 [ERROR] SensorCam: Failed to read frame from camera '/dev/video0'
2026-05-14 13:21:26,222 [ERROR] SensorCam: Failed to read frame from camera '/dev/video0'
2026-05-14 13:21:26,234 [ERROR] SensorCam: Failed to read frame from camera '/dev/video0'
2026-05-14 13:21:26,245 [ERROR] SensorCam: Failed to read frame from camera '/dev/video0'
2026-05-14 13:21:26,256 [ERROR] SensorCam: Failed to read frame from camera '/dev/video0'
2026-05-14 13:21:26,267 [ERROR] SensorCam: Failed to read frame from camera '/dev/video0'
2026-05-14 13:21:26,278 [ERROR] SensorCam: Failed to read frame from camera '/dev/video0'
2026-05-14 13:21:26,289 [ERROR] SensorCam: Failed to read frame from camera '/dev/video0'
2026-05-14 13:21:26,300 [ERROR] SensorCam: Failed to read frame from camera '/dev/video0'
2026-05-14 13:21:26,311 [ERROR] SensorCam: Failed to read frame from camera '/dev/video0'
2026-05-14 13:21:26,322 [ERROR] SensorCam: Failed to read frame from camera '/dev/video0'
2026-05-14 13:21:26,334 [ERROR] SensorCam: Failed to read frame from camera '/dev/video0'
2026-05-14 13:21:26,345 [ERROR] SensorCam: Failed to read frame from camera '/dev/video0'
2026-05-14 13:21:26,355 [ERROR] SensorCam: Failed to read frame from camera '/dev/video0'
2026-05-14 13:21:26,366 [ERROR] SensorCam: Failed to read frame from camera '/dev/video0'
2026-05-14 13:21:26,377 [ERROR] SensorCam: Failed to read frame from camera '/dev/video0'
2026-05-14 13:21:26,388 [ERROR] SensorCam: Failed to read frame from camera '/dev/video0'
2026-05-14 13:21:26,399 [ERROR] SensorCam: Failed to read frame from camera '/dev/video0'
2026-05-14 13:21:26,410 [ERROR] SensorCam: Failed to read frame from camera '/dev/video0'
2026-05-14 13:21:26,420 [ERROR] SensorCam: Failed to read frame from camera '/dev/video0'
2026-05-14 13:21:26,431 [ERROR] SensorCam: Failed to read frame from camera '/dev/video0'
2026-05-14 13:21:26,442 [ERROR] SensorCam: Failed to read frame from camera '/dev/video0'
2026-05-14 13:21:26,454 [ERROR] SensorCam: Failed to read frame from camera '/dev/video0'
2026-05-14 13:21:26,465 [ERROR] SensorCam: Failed to read frame from camera '/dev/video0'
2026-05-14 13:21:26,475 [ERROR] SensorCam: Failed to read frame from camera '/dev/video0'
2026-05-14 13:21:26,486 [ERROR] SensorCam: Failed to read frame from camera '/dev/video0'
2026-05-14 13:21:26,497 [ERROR] SensorCam: Failed to read frame from camera '/dev/video0'
2026-05-14 13:21:26,507 [ERROR] SensorCam: Failed to read frame from camera '/dev/video0'
2026-05-14 13:21:26,518 [ERROR] SensorCam: Failed to read frame from camera '/dev/video0'
2026-05-14 13:21:26,529 [ERROR] SensorCam: Failed to read frame from camera '/dev/video0'
2026-05-14 13:21:26,540 [ERROR] SensorCam: Failed to read frame from camera '/dev/video0'
2026-05-14 13:21:26,551 [ERROR] SensorCam: Failed to read frame from camera '/dev/video0'
2026-05-14 13:21:26,562 [ERROR] SensorCam: Failed to read frame from camera '/dev/video0'
2026-05-14 13:21:26,573 [ERROR] SensorCam: Failed to read frame from camera '/dev/video0'
2026-05-14 13:21:26,584 [ERROR] SensorCam: Failed to read frame from camera '/dev/video0'
2026-05-14 13:21:26,595 [ERROR] SensorCam: Failed to read frame from camera '/dev/video0'
2026-05-14 13:21:26,606 [ERROR] SensorCam: Failed to read frame from camera '/dev/video0'
2026-05-14 13:21:26,617 [ERROR] SensorCam: Failed to read frame from camera '/dev/video0'
2026-05-14 13:21:26,628 [ERROR] SensorCam: Failed to read frame from camera '/dev/video0'
2026-05-14 13:21:26,639 [ERROR] SensorCam: Failed to read frame from camera '/dev/video0'
2026-05-14 13:21:26,650 [ERROR] SensorCam: Failed to read frame from camera '/dev/video0'
2026-05-14 13:21:26,661 [ERROR] SensorCam: Failed to read frame from camera '/dev/video0'
2026-05-14 13:21:26,673 [ERROR] SensorCam: Failed to read frame from camera '/dev/video0'
2026-05-14 13:21:26,684 [ERROR] SensorCam: Failed to read frame from camera '/dev/video0'
2026-05-14 13:21:26,694 [ERROR] SensorCam: Failed to read frame from camera '/dev/video0'
2026-05-14 13:21:26,705 [ERROR] SensorCam: Failed to read frame from camera '/dev/video0'
2026-05-14 13:21:26,716 [ERROR] SensorCam: Failed to read frame from camera '/dev/video0'
2026-05-14 13:21:26,727 [ERROR] SensorCam: Failed to read frame from camera '/dev/video0'
2026-05-14 13:21:26,738 [ERROR] SensorCam: Failed to read frame from camera '/dev/video0'
2026-05-14 13:21:26,749 [ERROR] SensorCam: Failed to read frame from camera '/dev/video0'
2026-05-14 13:21:26,759 [ERROR] SensorCam: Failed to read frame from camera '/dev/video0'
2026-05-14 13:21:26,771 [ERROR] SensorCam: Failed to read frame from camera '/dev/video0'
2026-05-14 13:21:26,781 [ERROR] SensorCam: Failed to read frame from camera '/dev/video0'
2026-05-14 13:21:26,792 [ERROR] SensorCam: Failed to read frame from camera '/dev/video0'
2026-05-14 13:21:26,803 [ERROR] SensorCam: Failed to read frame from camera '/dev/video0'
2026-05-14 13:21:26,815 [ERROR] SensorCam: Failed to read frame from camera '/dev/video0'
2026-05-14 13:21:26,826 [ERROR] SensorCam: Failed to read frame from camera '/dev/video0'
2026-05-14 13:21:26,837 [ERROR] SensorCam: Failed to read frame from camera '/dev/video0'
2026-05-14 13:21:26,848 [ERROR] SensorCam: Failed to read frame from camera '/dev/video0'
2026-05-14 13:21:26,859 [ERROR] SensorCam: Failed to read frame from camera '/dev/video0'
2026-05-14 13:21:26,870 [ERROR] SensorCam: Failed to read frame from camera '/dev/video0'
2026-05-14 13:21:26,880 [ERROR] SensorCam: Failed to read frame from camera '/dev/video0'
2026-05-14 13:21:26,891 [ERROR] SensorCam: Failed to read frame from camera '/dev/video0'
2026-05-14 13:21:26,903 [ERROR] SensorCam: Failed to read frame from camera '/dev/video0'
2026-05-14 13:21:26,913 [ERROR] SensorCam: Failed to read frame from camera '/dev/video0'
2026-05-14 13:21:26,925 [ERROR] SensorCam: Failed to read frame from camera '/dev/video0'
2026-05-14 13:21:26,935 [ERROR] SensorCam: Failed to read frame from camera '/dev/video0'
2026-05-14 13:21:26,946 [ERROR] SensorCam: Failed to read frame from camera '/dev/video0'
2026-05-14 13:21:26,957 [ERROR] SensorCam: Failed to read frame from camera '/dev/video0'
2026-05-14 13:21:26,967 [ERROR] SensorCam: Failed to read frame from camera '/dev/video0'
2026-05-14 13:21:26,978 [ERROR] SensorCam: Failed to read frame from camera '/dev/video0'
2026-05-14 13:21:26,989 [ERROR] SensorCam: Failed to read frame from camera '/dev/video0'
2026-05-14 13:21:27,000 [ERROR] SensorCam: Failed to read frame from camera '/dev/video0'
2026-05-14 13:21:27,010 [ERROR] SensorCam: Failed to read frame from camera '/dev/video0'
2026-05-14 13:21:27,021 [ERROR] SensorCam: Failed to read frame from camera '/dev/video0'
2026-05-14 13:21:27,032 [ERROR] SensorCam: Failed to read frame from camera '/dev/video0'
2026-05-14 13:21:27,043 [ERROR] SensorCam: Failed to read frame from camera '/dev/video0'
2026-05-14 13:21:27,055 [ERROR] SensorCam: Failed to read frame from camera '/dev/video0'
2026-05-14 13:21:27,066 [ERROR] SensorCam: Failed to read frame from camera '/dev/video0'
2026-05-14 13:21:27,077 [ERROR] SensorCam: Failed to read frame from camera '/dev/video0'
2026-05-14 13:21:27,088 [ERROR] SensorCam: Failed to read frame from camera '/dev/video0'
2026-05-14 13:21:27,099 [ERROR] SensorCam: Failed to read frame from camera '/dev/video0'
2026-05-14 13:21:27,110 [ERROR] SensorCam: Failed to read frame from camera '/dev/video0'
2026-05-14 13:21:27,121 [ERROR] SensorCam: Failed to read frame from camera '/dev/video0'
2026-05-14 13:21:27,133 [ERROR] SensorCam: Failed to read frame from camera '/dev/video0'
2026-05-14 13:21:27,144 [ERROR] SensorCam: Failed to read frame from camera '/dev/video0'
2026-05-14 13:21:27,155 [ERROR] SensorCam: Failed to read frame from camera '/dev/video0'
2026-05-14 13:21:27,165 [ERROR] SensorCam: Failed to read frame from camera '/dev/video0'
2026-05-14 13:21:27,176 [ERROR] SensorCam: Failed to read frame from camera '/dev/video0'
2026-05-14 13:21:27,187 [ERROR] SensorCam: Failed to read frame from camera '/dev/video0'
2026-05-14 13:21:27,198 [ERROR] SensorCam: Failed to read frame from camera '/dev/video0'
2026-05-14 13:21:27,209 [ERROR] SensorCam: Failed to read frame from camera '/dev/video0'
2026-05-14 13:21:27,220 [ERROR] SensorCam: Failed to read frame from camera '/dev/video0'
2026-05-14 13:21:27,231 [ERROR] SensorCam: Failed to read frame from camera '/dev/video0'
2026-05-14 13:21:27,242 [ERROR] SensorCam: Failed to read frame from camera '/dev/video0'
2026-05-14 13:21:27,253 [ERROR] SensorCam: Failed to read frame from camera '/dev/video0'
2026-05-14 13:21:27,264 [ERROR] SensorCam: Failed to read frame from camera '/dev/video0'
2026-05-14 13:21:27,275 [ERROR] SensorCam: Failed to read frame from camera '/dev/video0'
2026-05-14 13:21:27,286 [ERROR] SensorCam: Failed to read frame from camera '/dev/video0'
2026-05-14 13:21:27,297 [ERROR] SensorCam: Failed to read frame from camera '/dev/video0'
2026-05-14 13:21:27,308 [ERROR] SensorCam: Failed to read frame from camera '/dev/video0'
2026-05-14 13:21:27,319 [ERROR] SensorCam: Failed to read frame from camera '/dev/video0'
2026-05-14 13:21:27,330 [ERROR] SensorCam: Failed to read frame from camera '/dev/video0'
2026-05-14 13:21:27,341 [ERROR] SensorCam: Failed to read frame from camera '/dev/video0'
2026-05-14 13:21:27,352 [ERROR] SensorCam: Failed to read frame from camera '/dev/video0'
2026-05-14 13:21:27,362 [ERROR] SensorCam: Failed to read frame from camera '/dev/video0'
2026-05-14 13:21:27,373 [ERROR] SensorCam: Failed to read frame from camera '/dev/video0'
2026-05-14 13:21:27,384 [ERROR] SensorCam: Failed to read frame from camera '/dev/video0'
2026-05-14 13:21:27,395 [ERROR] SensorCam: Failed to read frame from camera '/dev/video0'
2026-05-14 13:21:27,405 [ERROR] SensorCam: Failed to read frame from camera '/dev/video0'
2026-05-14 13:21:27,416 [ERROR] SensorCam: Failed to read frame from camera '/dev/video0'
2026-05-14 13:21:27,427 [ERROR] SensorCam: Failed to read frame from camera '/dev/video0'
2026-05-14 13:21:27,438 [ERROR] SensorCam: Failed to read frame from camera '/dev/video0'
2026-05-14 13:21:27,449 [ERROR] SensorCam: Failed to read frame from camera '/dev/video0'
2026-05-14 13:21:27,460 [ERROR] SensorCam: Failed to read frame from camera '/dev/video0'
2026-05-14 13:21:27,471 [ERROR] SensorCam: Failed to read frame from camera '/dev/video0'
2026-05-14 13:21:27,482 [ERROR] SensorCam: Failed to read frame from camera '/dev/video0'
2026-05-14 13:21:27,526 [ERROR] SensorCam: Failed to read frame from camera '/dev/video0'
2026-05-14 13:21:27,538 [ERROR] SensorCam: Failed to read frame from camera '/dev/video0'
2026-05-14 13:21:27,552 [ERROR] SensorCam: Failed to read frame from camera '/dev/video0'
2026-05-14 13:21:27,563 [ERROR] SensorCam: Failed to read frame from camera '/dev/video0'
2026-05-14 13:21:27,573 [ERROR] SensorCam: Failed to read frame from camera '/dev/video0'
2026-05-14 13:21:27,584 [ERROR] SensorCam: Failed to read frame from camera '/dev/video0'
2026-05-14 13:21:27,595 [ERROR] SensorCam: Failed to read frame from camera '/dev/video0'
2026-05-14 13:21:27,606 [ERROR] SensorCam: Failed to read frame from camera '/dev/video0'
2026-05-14 13:21:27,617 [ERROR] SensorCam: Failed to read frame from camera '/dev/video0'
2026-05-14 13:21:27,627 [ERROR] SensorCam: Failed to read frame from camera '/dev/video0'
2026-05-14 13:21:27,638 [ERROR] SensorCam: Failed to read frame from camera '/dev/video0'
2026-05-14 13:21:27,649 [ERROR] SensorCam: Failed to read frame from camera '/dev/video0'
2026-05-14 13:21:27,660 [ERROR] SensorCam: Failed to read frame from camera '/dev/video0'
2026-05-14 13:21:27,671 [ERROR] SensorCam: Failed to read frame from camera '/dev/video0'
2026-05-14 13:21:27,682 [ERROR] SensorCam: Failed to read frame from camera '/dev/video0'
2026-05-14 13:21:27,693 [ERROR] SensorCam: Failed to read frame from camera '/dev/video0'
2026-05-14 13:21:27,705 [ERROR] SensorCam: Failed to read frame from camera '/dev/video0'
2026-05-14 13:21:27,716 [ERROR] SensorCam: Failed to read frame from camera '/dev/video0'
2026-05-14 13:21:27,728 [ERROR] SensorCam: Failed to read frame from camera '/dev/video0'
2026-05-14 13:21:27,739 [ERROR] SensorCam: Failed to read frame from camera '/dev/video0'
2026-05-14 13:21:27,750 [ERROR] SensorCam: Failed to read frame from camera '/dev/video0'
2026-05-14 13:21:27,761 [ERROR] SensorCam: Failed to read frame from camera '/dev/video0'
2026-05-14 13:21:27,772 [ERROR] SensorCam: Failed to read frame from camera '/dev/video0'
2026-05-14 13:21:27,783 [ERROR] SensorCam: Failed to read frame from camera '/dev/video0'
2026-05-14 13:21:27,794 [ERROR] SensorCam: Failed to read frame from camera '/dev/video0'
2026-05-14 13:21:27,805 [ERROR] SensorCam: Failed to read frame from camera '/dev/video0'
2026-05-14 13:21:27,816 [ERROR] SensorCam: Failed to read frame from camera '/dev/video0'
2026-05-14 13:21:27,827 [ERROR] SensorCam: Failed to read frame from camera '/dev/video0'
2026-05-14 13:21:27,838 [ERROR] SensorCam: Failed to read frame from camera '/dev/video0'
2026-05-14 13:21:27,849 [ERROR] SensorCam: Failed to read frame from camera '/dev/video0'
2026-05-14 13:21:27,859 [ERROR] SensorCam: Failed to read frame from camera '/dev/video0'
2026-05-14 13:21:27,870 [ERROR] SensorCam: Failed to read frame from camera '/dev/video0'
2026-05-14 13:21:27,881 [ERROR] SensorCam: Failed to read frame from camera '/dev/video0'
2026-05-14 13:21:27,892 [ERROR] SensorCam: Failed to read frame from camera '/dev/video0'
2026-05-14 13:21:27,902 [ERROR] SensorCam: Failed to read frame from camera '/dev/video0'
2026-05-14 13:21:27,913 [ERROR] SensorCam: Failed to read frame from camera '/dev/video0'
2026-05-14 13:21:27,924 [ERROR] SensorCam: Failed to read frame from camera '/dev/video0'
2026-05-14 13:21:27,935 [ERROR] SensorCam: Failed to read frame from camera '/dev/video0'
2026-05-14 13:21:27,946 [ERROR] SensorCam: Failed to read frame from camera '/dev/video0'
2026-05-14 13:21:27,957 [ERROR] SensorCam: Failed to read frame from camera '/dev/video0'
2026-05-14 13:21:27,968 [ERROR] SensorCam: Failed to read frame from camera '/dev/video0'
2026-05-14 13:21:27,978 [ERROR] SensorCam: Failed to read frame from camera '/dev/video0'
2026-05-14 13:21:27,989 [ERROR] SensorCam: Failed to read frame from camera '/dev/video0'
2026-05-14 13:21:28,001 [ERROR] SensorCam: Failed to read frame from camera '/dev/video0'
2026-05-14 13:21:28,012 [ERROR] SensorCam: Failed to read frame from camera '/dev/video0'
2026-05-14 13:21:28,023 [ERROR] SensorCam: Failed to read frame from camera '/dev/video0'
2026-05-14 13:21:28,034 [ERROR] SensorCam: Failed to read frame from camera '/dev/video0'
2026-05-14 13:21:28,045 [ERROR] SensorCam: Failed to read frame from camera '/dev/video0'
2026-05-14 13:21:28,056 [ERROR] SensorCam: Failed to read frame from camera '/dev/video0'
2026-05-14 13:21:28,067 [ERROR] SensorCam: Failed to read frame from camera '/dev/video0'
2026-05-14 13:21:28,077 [ERROR] SensorCam: Failed to read frame from camera '/dev/video0'
2026-05-14 13:21:28,088 [ERROR] SensorCam: Failed to read frame from camera '/dev/video0'
2026-05-14 13:21:28,099 [ERROR] SensorCam: Failed to read frame from camera '/dev/video0'
2026-05-14 13:21:28,110 [ERROR] SensorCam: Failed to read frame from camera '/dev/video0'
2026-05-14 13:21:28,121 [ERROR] SensorCam: Failed to read frame from camera '/dev/video0'
2026-05-14 13:21:28,132 [ERROR] SensorCam: Failed to read frame from camera '/dev/video0'
2026-05-14 13:21:28,143 [ERROR] SensorCam: Failed to read frame from camera '/dev/video0'
2026-05-14 13:21:28,154 [ERROR] SensorCam: Failed to read frame from camera '/dev/video0'
2026-05-14 13:21:28,165 [ERROR] SensorCam: Failed to read frame from camera '/dev/video0'
2026-05-14 13:21:28,176 [ERROR] SensorCam: Failed to read frame from camera '/dev/video0'
2026-05-14 13:21:28,187 [ERROR] SensorCam: Failed to read frame from camera '/dev/video0'
2026-05-14 13:21:28,198 [ERROR] SensorCam: Failed to read frame from camera '/dev/video0'
2026-05-14 13:21:28,209 [ERROR] SensorCam: Failed to read frame from camera '/dev/video0'
2026-05-14 13:21:28,220 [ERROR] SensorCam: Failed to read frame from camera '/dev/video0'
2026-05-14 13:21:28,232 [ERROR] SensorCam: Failed to read frame from camera '/dev/video0'
2026-05-14 13:21:28,243 [ERROR] SensorCam: Failed to read frame from camera '/dev/video0'
2026-05-14 13:21:28,254 [ERROR] SensorCam: Failed to read frame from camera '/dev/video0'
2026-05-14 13:21:28,265 [ERROR] SensorCam: Failed to read frame from camera '/dev/video0'
2026-05-14 13:21:28,275 [ERROR] SensorCam: Failed to read frame from camera '/dev/video0'
2026-05-14 13:21:28,286 [ERROR] SensorCam: Failed to read frame from camera '/dev/video0'
2026-05-14 13:21:28,297 [ERROR] SensorCam: Failed to read frame from camera '/dev/video0'
2026-05-14 13:21:28,308 [ERROR] SensorCam: Failed to read frame from camera '/dev/video0'
2026-05-14 13:21:28,320 [ERROR] SensorCam: Failed to read frame from camera '/dev/video0'
2026-05-14 13:21:28,331 [ERROR] SensorCam: Failed to read frame from camera '/dev/video0'
2026-05-14 13:21:28,341 [ERROR] SensorCam: Failed to read frame from camera '/dev/video0'
2026-05-14 13:21:28,352 [ERROR] SensorCam: Failed to read frame from camera '/dev/video0'
2026-05-14 13:21:28,363 [ERROR] SensorCam: Failed to read frame from camera '/dev/video0'
2026-05-14 13:21:28,374 [ERROR] SensorCam: Failed to read frame from camera '/dev/video0'
2026-05-14 13:21:28,385 [ERROR] SensorCam: Failed to read frame from camera '/dev/video0'
2026-05-14 13:21:28,396 [ERROR] SensorCam: Failed to read frame from camera '/dev/video0'
2026-05-14 13:21:28,407 [ERROR] SensorCam: Failed to read frame from camera '/dev/video0'
2026-05-14 13:21:28,418 [ERROR] SensorCam: Failed to read frame from camera '/dev/video0'
2026-05-14 13:21:28,429 [ERROR] SensorCam: Failed to read frame from camera '/dev/video0'
2026-05-14 13:21:28,440 [ERROR] SensorCam: Failed to read frame from camera '/dev/video0'
2026-05-14 13:21:28,451 [ERROR] SensorCam: Failed to read frame from camera '/dev/video0'
2026-05-14 13:21:28,462 [ERROR] SensorCam: Failed to read frame from camera '/dev/video0'
2026-05-14 13:21:28,472 [ERROR] SensorCam: Failed to read frame from camera '/dev/video0'
2026-05-14 13:21:28,483 [ERROR] SensorCam: Failed to read frame from camera '/dev/video0'
2026-05-14 13:21:28,494 [ERROR] SensorCam: Failed to read frame from camera '/dev/video0'
2026-05-14 13:21:28,505 [ERROR] SensorCam: Failed to read frame from camera '/dev/video0'
2026-05-14 13:21:28,516 [ERROR] SensorCam: Failed to read frame from camera '/dev/video0'
2026-05-14 13:21:28,527 [ERROR] SensorCam: Failed to read frame from camera '/dev/video0'
2026-05-14 13:21:28,538 [ERROR] SensorCam: Failed to read frame from camera '/dev/video0'
2026-05-14 13:21:28,549 [ERROR] SensorCam: Failed to read frame from camera '/dev/video0'
2026-05-14 13:21:28,560 [ERROR] SensorCam: Failed to read frame from camera '/dev/video0'
2026-05-14 13:21:28,571 [ERROR] SensorCam: Failed to read frame from camera '/dev/video0'
2026-05-14 13:21:28,582 [ERROR] SensorCam: Failed to read frame from camera '/dev/video0'
2026-05-14 13:21:28,594 [ERROR] SensorCam: Failed to read frame from camera '/dev/video0'
2026-05-14 13:21:28,605 [ERROR] SensorCam: Failed to read frame from camera '/dev/video0'
2026-05-14 13:21:28,617 [ERROR] SensorCam: Failed to read frame from camera '/dev/video0'
2026-05-14 13:21:28,628 [ERROR] SensorCam: Failed to read frame from camera '/dev/video0'
2026-05-14 13:21:28,639 [ERROR] SensorCam: Failed to read frame from camera '/dev/video0'
2026-05-14 13:21:28,650 [ERROR] SensorCam: Failed to read frame from camera '/dev/video0'
2026-05-14 13:21:28,661 [ERROR] SensorCam: Failed to read frame from camera '/dev/video0'
2026-05-14 13:21:28,672 [ERROR] SensorCam: Failed to read frame from camera '/dev/video0'
2026-05-14 13:21:28,683 [ERROR] SensorCam: Failed to read frame from camera '/dev/video0'
2026-05-14 13:21:28,693 [ERROR] SensorCam: Failed to read frame from camera '/dev/video0'
2026-05-14 13:21:28,705 [ERROR] SensorCam: Failed to read frame from camera '/dev/video0'
2026-05-14 13:21:28,716 [ERROR] SensorCam: Failed to read frame from camera '/dev/video0'
2026-05-14 13:21:28,727 [ERROR] SensorCam: Failed to read frame from camera '/dev/video0'
2026-05-14 13:21:28,738 [ERROR] SensorCam: Failed to read frame from camera '/dev/video0'
2026-05-14 13:21:28,748 [ERROR] SensorCam: Failed to read frame from camera '/dev/video0'
2026-05-14 13:21:28,759 [ERROR] SensorCam: Failed to read frame from camera '/dev/video0'
2026-05-14 13:21:28,771 [ERROR] SensorCam: Failed to read frame from camera '/dev/video0'
2026-05-14 13:21:28,781 [ERROR] SensorCam: Failed to read frame from camera '/dev/video0'
2026-05-14 13:21:28,792 [ERROR] SensorCam: Failed to read frame from camera '/dev/video0'
2026-05-14 13:21:28,803 [ERROR] SensorCam: Failed to read frame from camera '/dev/video0'
2026-05-14 13:21:28,815 [ERROR] SensorCam: Failed to read frame from camera '/dev/video0'
2026-05-14 13:21:28,826 [ERROR] SensorCam: Failed to read frame from camera '/dev/video0'
2026-05-14 13:21:28,837 [ERROR] SensorCam: Failed to read frame from camera '/dev/video0'
2026-05-14 13:21:28,848 [ERROR] SensorCam: Failed to read frame from camera '/dev/video0'
2026-05-14 13:21:28,859 [ERROR] SensorCam: Failed to read frame from camera '/dev/video0'
2026-05-14 13:21:28,870 [ERROR] SensorCam: Failed to read frame from camera '/dev/video0'
2026-05-14 13:21:28,881 [ERROR] SensorCam: Failed to read frame from camera '/dev/video0'
2026-05-14 13:21:28,892 [ERROR] SensorCam: Failed to read frame from camera '/dev/video0'
2026-05-14 13:21:28,903 [ERROR] SensorCam: Failed to read frame from camera '/dev/video0'
2026-05-14 13:21:28,914 [ERROR] SensorCam: Failed to read frame from camera '/dev/video0'
2026-05-14 13:21:28,925 [ERROR] SensorCam: Failed to read frame from camera '/dev/video0'
2026-05-14 13:21:28,936 [ERROR] SensorCam: Failed to read frame from camera '/dev/video0'
2026-05-14 13:21:28,947 [ERROR] SensorCam: Failed to read frame from camera '/dev/video0'
2026-05-14 13:21:28,958 [ERROR] SensorCam: Failed to read frame from camera '/dev/video0'
2026-05-14 13:21:28,968 [ERROR] SensorCam: Failed to read frame from camera '/dev/video0'
2026-05-14 13:21:28,979 [ERROR] SensorCam: Failed to read frame from camera '/dev/video0'
2026-05-14 13:21:28,991 [ERROR] SensorCam: Failed to read frame from camera '/dev/video0'
2026-05-14 13:21:29,002 [ERROR] SensorCam: Failed to read frame from camera '/dev/video0'
2026-05-14 13:21:29,013 [ERROR] SensorCam: Failed to read frame from camera '/dev/video0'
2026-05-14 13:21:29,024 [ERROR] SensorCam: Failed to read frame from camera '/dev/video0'
2026-05-14 13:21:29,035 [ERROR] SensorCam: Failed to read frame from camera '/dev/video0'
2026-05-14 13:21:29,046 [ERROR] SensorCam: Failed to read frame from camera '/dev/video0'
2026-05-14 13:21:29,057 [ERROR] SensorCam: Failed to read frame from camera '/dev/video0'
2026-05-14 13:21:29,068 [ERROR] SensorCam: Failed to read frame from camera '/dev/video0'
2026-05-14 13:21:29,079 [ERROR] SensorCam: Failed to read frame from camera '/dev/video0'
2026-05-14 13:21:29,090 [ERROR] SensorCam: Failed to read frame from camera '/dev/video0'
2026-05-14 13:21:29,101 [ERROR] SensorCam: Failed to read frame from camera '/dev/video0'
2026-05-14 13:21:29,112 [ERROR] SensorCam: Failed to read frame from camera '/dev/video0'
2026-05-14 13:21:29,122 [ERROR] SensorCam: Failed to read frame from camera '/dev/video0'
2026-05-14 13:21:29,134 [ERROR] SensorCam: Failed to read frame from camera '/dev/video0'
2026-05-14 13:21:29,146 [ERROR] SensorCam: Failed to read frame from camera '/dev/video0'
2026-05-14 13:21:29,157 [ERROR] SensorCam: Failed to read frame from camera '/dev/video0'
2026-05-14 13:21:29,169 [ERROR] SensorCam: Failed to read frame from camera '/dev/video0'
2026-05-14 13:21:29,180 [ERROR] SensorCam: Failed to read frame from camera '/dev/video0'
2026-05-14 13:21:29,192 [ERROR] SensorCam: Failed to read frame from camera '/dev/video0'
2026-05-14 13:21:29,204 [ERROR] SensorCam: Failed to read frame from camera '/dev/video0'
2026-05-14 13:21:29,215 [ERROR] SensorCam: Failed to read frame from camera '/dev/video0'
2026-05-14 13:21:29,227 [ERROR] SensorCam: Failed to read frame from camera '/dev/video0'
2026-05-14 13:21:29,238 [ERROR] SensorCam: Failed to read frame from camera '/dev/video0'
2026-05-14 13:21:29,248 [ERROR] SensorCam: Failed to read frame from camera '/dev/video0'
2026-05-14 13:21:29,259 [ERROR] SensorCam: Failed to read frame from camera '/dev/video0'
2026-05-14 13:21:29,270 [ERROR] SensorCam: Failed to read frame from camera '/dev/video0'
2026-05-14 13:21:29,281 [ERROR] SensorCam: Failed to read frame from camera '/dev/video0'
2026-05-14 13:21:29,291 [ERROR] SensorCam: Failed to read frame from camera '/dev/video0'
2026-05-14 13:21:29,302 [ERROR] SensorCam: Failed to read frame from camera '/dev/video0'
2026-05-14 13:21:29,314 [ERROR] SensorCam: Failed to read frame from camera '/dev/video0'
2026-05-14 13:21:29,324 [ERROR] SensorCam: Failed to read frame from camera '/dev/video0'
2026-05-14 13:21:29,336 [ERROR] SensorCam: Failed to read frame from camera '/dev/video0'
2026-05-14 13:21:29,347 [ERROR] SensorCam: Failed to read frame from camera '/dev/video0'
2026-05-14 13:21:29,363 [ERROR] SensorCam: Failed to read frame from camera '/dev/video0'
2026-05-14 13:21:29,382 [ERROR] SensorCam: Failed to read frame from camera '/dev/video0'
2026-05-14 13:21:29,393 [ERROR] SensorCam: Failed to read frame from camera '/dev/video0'
2026-05-14 13:21:29,404 [ERROR] SensorCam: Failed to read frame from camera '/dev/video0'
2026-05-14 13:21:29,415 [ERROR] SensorCam: Failed to read frame from camera '/dev/video0'
2026-05-14 13:21:29,426 [ERROR] SensorCam: Failed to read frame from camera '/dev/video0'
2026-05-14 13:21:29,437 [ERROR] SensorCam: Failed to read frame from camera '/dev/video0'
2026-05-14 13:21:29,448 [ERROR] SensorCam: Failed to read frame from camera '/dev/video0'
2026-05-14 13:21:29,459 [ERROR] SensorCam: Failed to read frame from camera '/dev/video0'
2026-05-14 13:21:29,470 [ERROR] SensorCam: Failed to read frame from camera '/dev/video0'
2026-05-14 13:21:29,481 [ERROR] SensorCam: Failed to read frame from camera '/dev/video0'
2026-05-14 13:21:29,492 [ERROR] SensorCam: Failed to read frame from camera '/dev/video0'
2026-05-14 13:21:29,503 [ERROR] SensorCam: Failed to read frame from camera '/dev/video0'
2026-05-14 13:21:29,516 [ERROR] SensorCam: Failed to read frame from camera '/dev/video0'
2026-05-14 13:21:29,527 [ERROR] SensorCam: Failed to read frame from camera '/dev/video0'
2026-05-14 13:21:29,538 [ERROR] SensorCam: Failed to read frame from camera '/dev/video0'
2026-05-14 13:21:29,548 [ERROR] SensorCam: Failed to read frame from camera '/dev/video0'
2026-05-14 13:21:29,559 [ERROR] SensorCam: Failed to read frame from camera '/dev/video0'
2026-05-14 13:21:29,570 [ERROR] SensorCam: Failed to read frame from camera '/dev/video0'
2026-05-14 13:21:29,581 [ERROR] SensorCam: Failed to read frame from camera '/dev/video0'
2026-05-14 13:21:29,593 [ERROR] SensorCam: Failed to read frame from camera '/dev/video0'
2026-05-14 13:21:29,604 [ERROR] SensorCam: Failed to read frame from camera '/dev/video0'
2026-05-14 13:21:29,615 [ERROR] SensorCam: Failed to read frame from camera '/dev/video0'
2026-05-14 13:21:29,625 [ERROR] SensorCam: Failed to read frame from camera '/dev/video0'
2026-05-14 13:21:29,636 [ERROR] SensorCam: Failed to read frame from camera '/dev/video0'
2026-05-14 13:21:29,647 [ERROR] SensorCam: Failed to read frame from camera '/dev/video0'
2026-05-14 13:21:29,658 [ERROR] SensorCam: Failed to read frame from camera '/dev/video0'
2026-05-14 13:21:29,670 [ERROR] SensorCam: Failed to read frame from camera '/dev/video0'
2026-05-14 13:21:29,681 [ERROR] SensorCam: Failed to read frame from camera '/dev/video0'
2026-05-14 13:21:29,692 [ERROR] SensorCam: Failed to read frame from camera '/dev/video0'
2026-05-14 13:21:29,702 [ERROR] SensorCam: Failed to read frame from camera '/dev/video0'
2026-05-14 13:21:29,713 [ERROR] SensorCam: Failed to read frame from camera '/dev/video0'
2026-05-14 13:21:29,724 [ERROR] SensorCam: Failed to read frame from camera '/dev/video0'
2026-05-14 13:21:29,734 [ERROR] SensorCam: Failed to read frame from camera '/dev/video0'
2026-05-14 13:21:29,745 [ERROR] SensorCam: Failed to read frame from camera '/dev/video0'
2026-05-14 13:21:29,756 [ERROR] SensorCam: Failed to read frame from camera '/dev/video0'
2026-05-14 13:21:29,767 [ERROR] SensorCam: Failed to read frame from camera '/dev/video0'
2026-05-14 13:21:29,778 [ERROR] SensorCam: Failed to read frame from camera '/dev/video0'
2026-05-14 13:21:29,789 [ERROR] SensorCam: Failed to read frame from camera '/dev/video0'
2026-05-14 13:21:29,799 [ERROR] SensorCam: Failed to read frame from camera '/dev/video0'
2026-05-14 13:21:29,810 [ERROR] SensorCam: Failed to read frame from camera '/dev/video0'
2026-05-14 13:21:29,821 [ERROR] SensorCam: Failed to read frame from camera '/dev/video0'
2026-05-14 13:21:29,832 [ERROR] SensorCam: Failed to read frame from camera '/dev/video0'
2026-05-14 13:21:29,843 [ERROR] SensorCam: Failed to read frame from camera '/dev/video0'
2026-05-14 13:21:29,854 [ERROR] SensorCam: Failed to read frame from camera '/dev/video0'
2026-05-14 13:21:29,865 [ERROR] SensorCam: Failed to read frame from camera '/dev/video0'
2026-05-14 13:21:29,876 [ERROR] SensorCam: Failed to read frame from camera '/dev/video0'
2026-05-14 13:21:29,887 [ERROR] SensorCam: Failed to read frame from camera '/dev/video0'
2026-05-14 13:21:29,898 [ERROR] SensorCam: Failed to read frame from camera '/dev/video0'
2026-05-14 13:21:29,909 [ERROR] SensorCam: Failed to read frame from camera '/dev/video0'
2026-05-14 13:21:29,920 [ERROR] SensorCam: Failed to read frame from camera '/dev/video0'
2026-05-14 13:21:29,931 [ERROR] SensorCam: Failed to read frame from camera '/dev/video0'
2026-05-14 13:21:29,941 [ERROR] SensorCam: Failed to read frame from camera '/dev/video0'
2026-05-14 13:21:29,952 [ERROR] SensorCam: Failed to read frame from camera '/dev/video0'
2026-05-14 13:21:29,962 [ERROR] SensorCam: Failed to read frame from camera '/dev/video0'
2026-05-14 13:21:29,974 [ERROR] SensorCam: Failed to read frame from camera '/dev/video0'
2026-05-14 13:21:29,984 [ERROR] SensorCam: Failed to read frame from camera '/dev/video0'
2026-05-14 13:21:29,995 [ERROR] SensorCam: Failed to read frame from camera '/dev/video0'
2026-05-14 13:21:30,006 [ERROR] SensorCam: Failed to read frame from camera '/dev/video0'
2026-05-14 13:21:30,016 [ERROR] SensorCam: Failed to read frame from camera '/dev/video0'
2026-05-14 13:21:30,027 [ERROR] SensorCam: Failed to read frame from camera '/dev/video0'
2026-05-14 13:21:30,038 [ERROR] SensorCam: Failed to read frame from camera '/dev/video0'
2026-05-14 13:21:30,049 [ERROR] SensorCam: Failed to read frame from camera '/dev/video0'
2026-05-14 13:21:30,060 [ERROR] SensorCam: Failed to read frame from camera '/dev/video0'
2026-05-14 13:21:30,071 [ERROR] SensorCam: Failed to read frame from camera '/dev/video0'
2026-05-14 13:21:30,083 [ERROR] SensorCam: Failed to read frame from camera '/dev/video0'
2026-05-14 13:21:30,094 [ERROR] SensorCam: Failed to read frame from camera '/dev/video0'
2026-05-14 13:21:30,105 [ERROR] SensorCam: Failed to read frame from camera '/dev/video0'
2026-05-14 13:21:30,116 [ERROR] SensorCam: Failed to read frame from camera '/dev/video0'
2026-05-14 13:21:30,127 [ERROR] SensorCam: Failed to read frame from camera '/dev/video0'
2026-05-14 13:21:30,138 [ERROR] SensorCam: Failed to read frame from camera '/dev/video0'
2026-05-14 13:21:30,149 [ERROR] SensorCam: Failed to read frame from camera '/dev/video0'
2026-05-14 13:21:30,160 [ERROR] SensorCam: Failed to read frame from camera '/dev/video0'
2026-05-14 13:21:30,171 [ERROR] SensorCam: Failed to read frame from camera '/dev/video0'
2026-05-14 13:21:30,182 [ERROR] SensorCam: Failed to read frame from camera '/dev/video0'
2026-05-14 13:21:30,193 [ERROR] SensorCam: Failed to read frame from camera '/dev/video0'
2026-05-14 13:21:30,204 [ERROR] SensorCam: Failed to read frame from camera '/dev/video0'
2026-05-14 13:21:30,215 [ERROR] SensorCam: Failed to read frame from camera '/dev/video0'
2026-05-14 13:21:30,225 [ERROR] SensorCam: Failed to read frame from camera '/dev/video0'
2026-05-14 13:21:30,236 [ERROR] SensorCam: Failed to read frame from camera '/dev/video0'
2026-05-14 13:21:30,247 [ERROR] SensorCam: Failed to read frame from camera '/dev/video0'
2026-05-14 13:21:30,258 [ERROR] SensorCam: Failed to read frame from camera '/dev/video0'
2026-05-14 13:21:30,269 [ERROR] SensorCam: Failed to read frame from camera '/dev/video0'
2026-05-14 13:21:30,280 [ERROR] SensorCam: Failed to read frame from camera '/dev/video0'
2026-05-14 13:21:30,291 [ERROR] SensorCam: Failed to read frame from camera '/dev/video0'
2026-05-14 13:21:30,302 [ERROR] SensorCam: Failed to read frame from camera '/dev/video0'
2026-05-14 13:21:30,312 [ERROR] SensorCam: Failed to read frame from camera '/dev/video0'
2026-05-14 13:21:30,323 [ERROR] SensorCam: Failed to read frame from camera '/dev/video0'
2026-05-14 13:21:30,334 [ERROR] SensorCam: Failed to read frame from camera '/dev/video0'
2026-05-14 13:21:30,345 [ERROR] SensorCam: Failed to read frame from camera '/dev/video0'
2026-05-14 13:21:30,356 [ERROR] SensorCam: Failed to read frame from camera '/dev/video0'
2026-05-14 13:21:30,367 [ERROR] SensorCam: Failed to read frame from camera '/dev/video0'
2026-05-14 13:21:30,378 [ERROR] SensorCam: Failed to read frame from camera '/dev/video0'
2026-05-14 13:21:30,388 [ERROR] SensorCam: Failed to read frame from camera '/dev/video0'
2026-05-14 13:21:30,400 [ERROR] SensorCam: Failed to read frame from camera '/dev/video0'
2026-05-14 13:21:30,410 [ERROR] SensorCam: Failed to read frame from camera '/dev/video0'
2026-05-14 13:21:30,421 [ERROR] SensorCam: Failed to read frame from camera '/dev/video0'
2026-05-14 13:21:30,432 [ERROR] SensorCam: Failed to read frame from camera '/dev/video0'
2026-05-14 13:21:30,443 [ERROR] SensorCam: Failed to read frame from camera '/dev/video0'
2026-05-14 13:21:30,454 [ERROR] SensorCam: Failed to read frame from camera '/dev/video0'
2026-05-14 13:21:30,464 [ERROR] SensorCam: Failed to read frame from camera '/dev/video0'
2026-05-14 13:21:30,475 [ERROR] SensorCam: Failed to read frame from camera '/dev/video0'
2026-05-14 13:21:30,486 [ERROR] SensorCam: Failed to read frame from camera '/dev/video0'
2026-05-14 13:21:30,497 [ERROR] SensorCam: Failed to read frame from camera '/dev/video0'
2026-05-14 13:21:30,509 [ERROR] SensorCam: Failed to read frame from camera '/dev/video0'
2026-05-14 13:21:30,519 [ERROR] SensorCam: Failed to read frame from camera '/dev/video0'
2026-05-14 13:21:30,530 [ERROR] SensorCam: Failed to read frame from camera '/dev/video0'
2026-05-14 13:21:30,541 [ERROR] SensorCam: Failed to read frame from camera '/dev/video0'
2026-05-14 13:21:30,552 [ERROR] SensorCam: Failed to read frame from camera '/dev/video0'
2026-05-14 13:21:30,563 [ERROR] SensorCam: Failed to read frame from camera '/dev/video0'
2026-05-14 13:21:30,574 [ERROR] SensorCam: Failed to read frame from camera '/dev/video0'
2026-05-14 13:21:30,585 [ERROR] SensorCam: Failed to read frame from camera '/dev/video0'
2026-05-14 13:21:30,596 [ERROR] SensorCam: Failed to read frame from camera '/dev/video0'
2026-05-14 13:21:30,606 [ERROR] SensorCam: Failed to read frame from camera '/dev/video0'
2026-05-14 13:21:30,617 [ERROR] SensorCam: Failed to read frame from camera '/dev/video0'
2026-05-14 13:21:30,628 [ERROR] SensorCam: Failed to read frame from camera '/dev/video0'
2026-05-14 13:21:30,639 [ERROR] SensorCam: Failed to read frame from camera '/dev/video0'
2026-05-14 13:21:30,650 [ERROR] SensorCam: Failed to read frame from camera '/dev/video0'
2026-05-14 13:21:30,662 [ERROR] SensorCam: Failed to read frame from camera '/dev/video0'
2026-05-14 13:21:30,673 [ERROR] SensorCam: Failed to read frame from camera '/dev/video0'
2026-05-14 13:21:30,683 [ERROR] SensorCam: Failed to read frame from camera '/dev/video0'
2026-05-14 13:21:30,694 [ERROR] SensorCam: Failed to read frame from camera '/dev/video0'
2026-05-14 13:21:30,705 [ERROR] SensorCam: Failed to read frame from camera '/dev/video0'
2026-05-14 13:21:30,716 [ERROR] SensorCam: Failed to read frame from camera '/dev/video0'
2026-05-14 13:21:30,728 [ERROR] SensorCam: Failed to read frame from camera '/dev/video0'
2026-05-14 13:21:30,739 [ERROR] SensorCam: Failed to read frame from camera '/dev/video0'
2026-05-14 13:21:30,749 [ERROR] SensorCam: Failed to read frame from camera '/dev/video0'
2026-05-14 13:21:30,760 [ERROR] SensorCam: Failed to read frame from camera '/dev/video0'
2026-05-14 13:21:30,771 [ERROR] SensorCam: Failed to read frame from camera '/dev/video0'
2026-05-14 13:21:30,781 [ERROR] SensorCam: Failed to read frame from camera '/dev/video0'
2026-05-14 13:21:30,792 [ERROR] SensorCam: Failed to read frame from camera '/dev/video0'
2026-05-14 13:21:30,803 [ERROR] SensorCam: Failed to read frame from camera '/dev/video0'
2026-05-14 13:21:30,814 [ERROR] SensorCam: Failed to read frame from camera '/dev/video0'
2026-05-14 13:21:30,825 [ERROR] SensorCam: Failed to read frame from camera '/dev/video0'
2026-05-14 13:21:30,836 [ERROR] SensorCam: Failed to read frame from camera '/dev/video0'
2026-05-14 13:21:30,847 [ERROR] SensorCam: Failed to read frame from camera '/dev/video0'
2026-05-14 13:21:30,857 [ERROR] SensorCam: Failed to read frame from camera '/dev/video0'
2026-05-14 13:21:30,868 [ERROR] SensorCam: Failed to read frame from camera '/dev/video0'
2026-05-14 13:21:30,879 [ERROR] SensorCam: Failed to read frame from camera '/dev/video0'
2026-05-14 13:21:30,890 [ERROR] SensorCam: Failed to read frame from camera '/dev/video0'
2026-05-14 13:21:30,901 [ERROR] SensorCam: Failed to read frame from camera '/dev/video0'
2026-05-14 13:21:30,913 [ERROR] SensorCam: Failed to read frame from camera '/dev/video0'
2026-05-14 13:21:30,924 [ERROR] SensorCam: Failed to read frame from camera '/dev/video0'
2026-05-14 13:21:30,935 [ERROR] SensorCam: Failed to read frame from camera '/dev/video0'
2026-05-14 13:21:30,946 [ERROR] SensorCam: Failed to read frame from camera '/dev/video0'
2026-05-14 13:21:30,956 [ERROR] SensorCam: Failed to read frame from camera '/dev/video0'
2026-05-14 13:21:30,967 [ERROR] SensorCam: Failed to read frame from camera '/dev/video0'
2026-05-14 13:21:30,978 [ERROR] SensorCam: Failed to read frame from camera '/dev/video0'
2026-05-14 13:21:30,989 [ERROR] SensorCam: Failed to read frame from camera '/dev/video0'
2026-05-14 13:21:30,999 [ERROR] SensorCam: Failed to read frame from camera '/dev/video0'
2026-05-14 13:21:31,010 [ERROR] SensorCam: Failed to read frame from camera '/dev/video0'
2026-05-14 13:21:31,021 [ERROR] SensorCam: Failed to read frame from camera '/dev/video0'
2026-05-14 13:21:31,032 [ERROR] SensorCam: Failed to read frame from camera '/dev/video0'
2026-05-14 13:21:31,043 [ERROR] SensorCam: Failed to read frame from camera '/dev/video0'
2026-05-14 13:21:31,053 [ERROR] SensorCam: Failed to read frame from camera '/dev/video0'
2026-05-14 13:21:31,064 [ERROR] SensorCam: Failed to read frame from camera '/dev/video0'
2026-05-14 13:21:31,075 [ERROR] SensorCam: Failed to read frame from camera '/dev/video0'
2026-05-14 13:21:31,086 [ERROR] SensorCam: Failed to read frame from camera '/dev/video0'
2026-05-14 13:21:31,097 [ERROR] SensorCam: Failed to read frame from camera '/dev/video0'
2026-05-14 13:21:31,108 [ERROR] SensorCam: Failed to read frame from camera '/dev/video0'
2026-05-14 13:21:31,119 [ERROR] SensorCam: Failed to read frame from camera '/dev/video0'
2026-05-14 13:21:31,130 [ERROR] SensorCam: Failed to read frame from camera '/dev/video0'
2026-05-14 13:21:31,141 [ERROR] SensorCam: Failed to read frame from camera '/dev/video0'
2026-05-14 13:21:31,152 [ERROR] SensorCam: Failed to read frame from camera '/dev/video0'
2026-05-14 13:21:31,163 [ERROR] SensorCam: Failed to read frame from camera '/dev/video0'
2026-05-14 13:21:31,174 [ERROR] SensorCam: Failed to read frame from camera '/dev/video0'
2026-05-14 13:21:31,185 [ERROR] SensorCam: Failed to read frame from camera '/dev/video0'
2026-05-14 13:21:31,196 [ERROR] SensorCam: Failed to read frame from camera '/dev/video0'
2026-05-14 13:21:31,207 [ERROR] SensorCam: Failed to read frame from camera '/dev/video0'
2026-05-14 13:21:31,218 [ERROR] SensorCam: Failed to read frame from camera '/dev/video0'
2026-05-14 13:21:31,229 [ERROR] SensorCam: Failed to read frame from camera '/dev/video0'
2026-05-14 13:21:31,240 [ERROR] SensorCam: Failed to read frame from camera '/dev/video0'
2026-05-14 13:21:31,250 [ERROR] SensorCam: Failed to read frame from camera '/dev/video0'
2026-05-14 13:21:31,261 [ERROR] SensorCam: Failed to read frame from camera '/dev/video0'
2026-05-14 13:21:31,272 [ERROR] SensorCam: Failed to read frame from camera '/dev/video0'
2026-05-14 13:21:31,284 [ERROR] SensorCam: Failed to read frame from camera '/dev/video0'
2026-05-14 13:21:31,294 [ERROR] SensorCam: Failed to read frame from camera '/dev/video0'
2026-05-14 13:21:31,305 [ERROR] SensorCam: Failed to read frame from camera '/dev/video0'
2026-05-14 13:21:31,316 [ERROR] SensorCam: Failed to read frame from camera '/dev/video0'
2026-05-14 13:21:31,327 [ERROR] SensorCam: Failed to read frame from camera '/dev/video0'
2026-05-14 13:21:31,338 [ERROR] SensorCam: Failed to read frame from camera '/dev/video0'
2026-05-14 13:21:31,349 [ERROR] SensorCam: Failed to read frame from camera '/dev/video0'
2026-05-14 13:21:31,360 [ERROR] SensorCam: Failed to read frame from camera '/dev/video0'
2026-05-14 13:21:31,371 [ERROR] SensorCam: Failed to read frame from camera '/dev/video0'
2026-05-14 13:21:31,416 [ERROR] SensorCam: Failed to read frame from camera '/dev/video0'
2026-05-14 13:21:31,428 [ERROR] SensorCam: Failed to read frame from camera '/dev/video0'
2026-05-14 13:21:31,439 [ERROR] SensorCam: Failed to read frame from camera '/dev/video0'
2026-05-14 13:21:31,450 [ERROR] SensorCam: Failed to read frame from camera '/dev/video0'
2026-05-14 13:21:31,461 [ERROR] SensorCam: Failed to read frame from camera '/dev/video0'
2026-05-14 13:21:31,472 [ERROR] SensorCam: Failed to read frame from camera '/dev/video0'
2026-05-14 13:21:31,483 [ERROR] SensorCam: Failed to read frame from camera '/dev/video0'
2026-05-14 13:21:31,494 [ERROR] SensorCam: Failed to read frame from camera '/dev/video0'
2026-05-14 13:21:31,505 [ERROR] SensorCam: Failed to read frame from camera '/dev/video0'
2026-05-14 13:21:31,516 [ERROR] SensorCam: Failed to read frame from camera '/dev/video0'
2026-05-14 13:21:31,528 [ERROR] SensorCam: Failed to read frame from camera '/dev/video0'
2026-05-14 13:21:31,539 [ERROR] SensorCam: Failed to read frame from camera '/dev/video0'
2026-05-14 13:21:31,550 [ERROR] SensorCam: Failed to read frame from camera '/dev/video0'
2026-05-14 13:21:31,561 [ERROR] SensorCam: Failed to read frame from camera '/dev/video0'
2026-05-14 13:21:31,572 [ERROR] SensorCam: Failed to read frame from camera '/dev/video0'
2026-05-14 13:21:31,583 [ERROR] SensorCam: Failed to read frame from camera '/dev/video0'
2026-05-14 13:21:31,593 [ERROR] SensorCam: Failed to read frame from camera '/dev/video0'
2026-05-14 13:21:31,604 [ERROR] SensorCam: Failed to read frame from camera '/dev/video0'
2026-05-14 13:21:31,615 [ERROR] SensorCam: Failed to read frame from camera '/dev/video0'
2026-05-14 13:21:31,626 [ERROR] SensorCam: Failed to read frame from camera '/dev/video0'
2026-05-14 13:21:31,636 [ERROR] SensorCam: Failed to read frame from camera '/dev/video0'
2026-05-14 13:21:31,647 [ERROR] SensorCam: Failed to read frame from camera '/dev/video0'
2026-05-14 13:21:31,658 [ERROR] SensorCam: Failed to read frame from camera '/dev/video0'
2026-05-14 13:21:31,669 [ERROR] SensorCam: Failed to read frame from camera '/dev/video0'
2026-05-14 13:21:31,680 [ERROR] SensorCam: Failed to read frame from camera '/dev/video0'
2026-05-14 13:21:31,691 [ERROR] SensorCam: Failed to read frame from camera '/dev/video0'
2026-05-14 13:21:31,702 [ERROR] SensorCam: Failed to read frame from camera '/dev/video0'
2026-05-14 13:21:31,713 [ERROR] SensorCam: Failed to read frame from camera '/dev/video0'
2026-05-14 13:21:31,724 [ERROR] SensorCam: Failed to read frame from camera '/dev/video0'
2026-05-14 13:21:31,735 [ERROR] SensorCam: Failed to read frame from camera '/dev/video0'
2026-05-14 13:21:31,746 [ERROR] SensorCam: Failed to read frame from camera '/dev/video0'
2026-05-14 13:21:31,757 [ERROR] SensorCam: Failed to read frame from camera '/dev/video0'
2026-05-14 13:21:31,768 [ERROR] SensorCam: Failed to read frame from camera '/dev/video0'
2026-05-14 13:21:31,779 [ERROR] SensorCam: Failed to read frame from camera '/dev/video0'
2026-05-14 13:21:31,790 [ERROR] SensorCam: Failed to read frame from camera '/dev/video0'
2026-05-14 13:21:31,800 [ERROR] SensorCam: Failed to read frame from camera '/dev/video0'
2026-05-14 13:21:31,811 [ERROR] SensorCam: Failed to read frame from camera '/dev/video0'
2026-05-14 13:21:31,823 [ERROR] SensorCam: Failed to read frame from camera '/dev/video0'
2026-05-14 13:21:31,833 [ERROR] SensorCam: Failed to read frame from camera '/dev/video0'
2026-05-14 13:21:31,844 [ERROR] SensorCam: Failed to read frame from camera '/dev/video0'
2026-05-14 13:21:31,855 [ERROR] SensorCam: Failed to read frame from camera '/dev/video0'
2026-05-14 13:21:31,866 [ERROR] SensorCam: Failed to read frame from camera '/dev/video0'
2026-05-14 13:21:31,877 [ERROR] SensorCam: Failed to read frame from camera '/dev/video0'
2026-05-14 13:21:31,888 [ERROR] SensorCam: Failed to read frame from camera '/dev/video0'
2026-05-14 13:21:31,899 [ERROR] SensorCam: Failed to read frame from camera '/dev/video0'
2026-05-14 13:21:31,910 [ERROR] SensorCam: Failed to read frame from camera '/dev/video0'
2026-05-14 13:21:31,921 [ERROR] SensorCam: Failed to read frame from camera '/dev/video0'
2026-05-14 13:21:31,932 [ERROR] SensorCam: Failed to read frame from camera '/dev/video0'
2026-05-14 13:21:31,943 [ERROR] SensorCam: Failed to read frame from camera '/dev/video0'
2026-05-14 13:21:31,954 [ERROR] SensorCam: Failed to read frame from camera '/dev/video0'
2026-05-14 13:21:31,966 [ERROR] SensorCam: Failed to read frame from camera '/dev/video0'
2026-05-14 13:21:31,977 [ERROR] SensorCam: Failed to read frame from camera '/dev/video0'
2026-05-14 13:21:31,988 [ERROR] SensorCam: Failed to read frame from camera '/dev/video0'
2026-05-14 13:21:31,999 [ERROR] SensorCam: Failed to read frame from camera '/dev/video0'
2026-05-14 13:21:32,010 [ERROR] SensorCam: Failed to read frame from camera '/dev/video0'
2026-05-14 13:21:32,021 [ERROR] SensorCam: Failed to read frame from camera '/dev/video0'
2026-05-14 13:21:32,032 [ERROR] SensorCam: Failed to read frame from camera '/dev/video0'
2026-05-14 13:21:32,043 [ERROR] SensorCam: Failed to read frame from camera '/dev/video0'
2026-05-14 13:21:32,054 [ERROR] SensorCam: Failed to read frame from camera '/dev/video0'
2026-05-14 13:21:32,065 [ERROR] SensorCam: Failed to read frame from camera '/dev/video0'
2026-05-14 13:21:32,075 [ERROR] SensorCam: Failed to read frame from camera '/dev/video0'
2026-05-14 13:21:32,086 [ERROR] SensorCam: Failed to read frame from camera '/dev/video0'
2026-05-14 13:21:32,097 [ERROR] SensorCam: Failed to read frame from camera '/dev/video0'
2026-05-14 13:21:32,108 [ERROR] SensorCam: Failed to read frame from camera '/dev/video0'
2026-05-14 13:21:32,119 [ERROR] SensorCam: Failed to read frame from camera '/dev/video0'
2026-05-14 13:21:32,130 [ERROR] SensorCam: Failed to read frame from camera '/dev/video0'
2026-05-14 13:21:32,141 [ERROR] SensorCam: Failed to read frame from camera '/dev/video0'
2026-05-14 13:21:32,152 [ERROR] SensorCam: Failed to read frame from camera '/dev/video0'
2026-05-14 13:21:32,163 [ERROR] SensorCam: Failed to read frame from camera '/dev/video0'
2026-05-14 13:21:32,174 [ERROR] SensorCam: Failed to read frame from camera '/dev/video0'
2026-05-14 13:21:32,185 [ERROR] SensorCam: Failed to read frame from camera '/dev/video0'
2026-05-14 13:21:32,197 [ERROR] SensorCam: Failed to read frame from camera '/dev/video0'
2026-05-14 13:21:32,208 [ERROR] SensorCam: Failed to read frame from camera '/dev/video0'
2026-05-14 13:21:32,218 [ERROR] SensorCam: Failed to read frame from camera '/dev/video0'
2026-05-14 13:21:32,229 [ERROR] SensorCam: Failed to read frame from camera '/dev/video0'
2026-05-14 13:21:32,245 [ERROR] SensorCam: Failed to read frame from camera '/dev/video0'
2026-05-14 13:21:32,256 [ERROR] SensorCam: Failed to read frame from camera '/dev/video0'
2026-05-14 13:21:32,267 [ERROR] SensorCam: Failed to read frame from camera '/dev/video0'
2026-05-14 13:21:32,278 [ERROR] SensorCam: Failed to read frame from camera '/dev/video0'
2026-05-14 13:21:32,289 [ERROR] SensorCam: Failed to read frame from camera '/dev/video0'
2026-05-14 13:21:32,300 [ERROR] SensorCam: Failed to read frame from camera '/dev/video0'
2026-05-14 13:21:32,311 [ERROR] SensorCam: Failed to read frame from camera '/dev/video0'
2026-05-14 13:21:32,323 [ERROR] SensorCam: Failed to read frame from camera '/dev/video0'
2026-05-14 13:21:32,334 [ERROR] SensorCam: Failed to read frame from camera '/dev/video0'
2026-05-14 13:21:32,344 [ERROR] SensorCam: Failed to read frame from camera '/dev/video0'
2026-05-14 13:21:32,355 [ERROR] SensorCam: Failed to read frame from camera '/dev/video0'
2026-05-14 13:21:32,366 [ERROR] SensorCam: Failed to read frame from camera '/dev/video0'
2026-05-14 13:21:32,377 [ERROR] SensorCam: Failed to read frame from camera '/dev/video0'
2026-05-14 13:21:32,388 [ERROR] SensorCam: Failed to read frame from camera '/dev/video0'
2026-05-14 13:21:32,399 [ERROR] SensorCam: Failed to read frame from camera '/dev/video0'
2026-05-14 13:21:32,410 [ERROR] SensorCam: Failed to read frame from camera '/dev/video0'
2026-05-14 13:21:32,421 [ERROR] SensorCam: Failed to read frame from camera '/dev/video0'
2026-05-14 13:21:32,432 [ERROR] SensorCam: Failed to read frame from camera '/dev/video0'
2026-05-14 13:21:32,443 [ERROR] SensorCam: Failed to read frame from camera '/dev/video0'
2026-05-14 13:21:32,455 [ERROR] SensorCam: Failed to read frame from camera '/dev/video0'
2026-05-14 13:21:32,466 [ERROR] SensorCam: Failed to read frame from camera '/dev/video0'
2026-05-14 13:21:32,476 [ERROR] SensorCam: Failed to read frame from camera '/dev/video0'
2026-05-14 13:21:32,487 [ERROR] SensorCam: Failed to read frame from camera '/dev/video0'
2026-05-14 13:21:32,499 [ERROR] SensorCam: Failed to read frame from camera '/dev/video0'
2026-05-14 13:21:32,509 [ERROR] SensorCam: Failed to read frame from camera '/dev/video0'
2026-05-14 13:21:32,520 [ERROR] SensorCam: Failed to read frame from camera '/dev/video0'
2026-05-14 13:21:32,530 [ERROR] SensorCam: Failed to read frame from camera '/dev/video0'
2026-05-14 13:21:32,541 [ERROR] SensorCam: Failed to read frame from camera '/dev/video0'
2026-05-14 13:21:32,552 [ERROR] SensorCam: Failed to read frame from camera '/dev/video0'
2026-05-14 13:21:32,562 [ERROR] SensorCam: Failed to read frame from camera '/dev/video0'
2026-05-14 13:21:32,573 [ERROR] SensorCam: Failed to read frame from camera '/dev/video0'
2026-05-14 13:21:32,584 [ERROR] SensorCam: Failed to read frame from camera '/dev/video0'
2026-05-14 13:21:32,594 [ERROR] SensorCam: Failed to read frame from camera '/dev/video0'
2026-05-14 13:21:32,605 [ERROR] SensorCam: Failed to read frame from camera '/dev/video0'
2026-05-14 13:21:32,616 [ERROR] SensorCam: Failed to read frame from camera '/dev/video0'
2026-05-14 13:21:32,627 [ERROR] SensorCam: Failed to read frame from camera '/dev/video0'
2026-05-14 13:21:32,637 [ERROR] SensorCam: Failed to read frame from camera '/dev/video0'
2026-05-14 13:21:32,648 [ERROR] SensorCam: Failed to read frame from camera '/dev/video0'
2026-05-14 13:21:32,659 [ERROR] SensorCam: Failed to read frame from camera '/dev/video0'
2026-05-14 13:21:32,671 [ERROR] SensorCam: Failed to read frame from camera '/dev/video0'
2026-05-14 13:21:32,682 [ERROR] SensorCam: Failed to read frame from camera '/dev/video0'
2026-05-14 13:21:32,693 [ERROR] SensorCam: Failed to read frame from camera '/dev/video0'
2026-05-14 13:21:32,704 [ERROR] SensorCam: Failed to read frame from camera '/dev/video0'
2026-05-14 13:21:32,714 [ERROR] SensorCam: Failed to read frame from camera '/dev/video0'
2026-05-14 13:21:32,726 [ERROR] SensorCam: Failed to read frame from camera '/dev/video0'
2026-05-14 13:21:32,737 [ERROR] SensorCam: Failed to read frame from camera '/dev/video0'
2026-05-14 13:21:32,748 [ERROR] SensorCam: Failed to read frame from camera '/dev/video0'
2026-05-14 13:21:32,758 [ERROR] SensorCam: Failed to read frame from camera '/dev/video0'
2026-05-14 13:21:32,769 [ERROR] SensorCam: Failed to read frame from camera '/dev/video0'
2026-05-14 13:21:32,780 [ERROR] SensorCam: Failed to read frame from camera '/dev/video0'
2026-05-14 13:21:32,791 [ERROR] SensorCam: Failed to read frame from camera '/dev/video0'
2026-05-14 13:21:32,802 [ERROR] SensorCam: Failed to read frame from camera '/dev/video0'
2026-05-14 13:21:32,812 [ERROR] SensorCam: Failed to read frame from camera '/dev/video0'
2026-05-14 13:21:32,823 [ERROR] SensorCam: Failed to read frame from camera '/dev/video0'
2026-05-14 13:21:32,834 [ERROR] SensorCam: Failed to read frame from camera '/dev/video0'
2026-05-14 13:21:32,845 [ERROR] SensorCam: Failed to read frame from camera '/dev/video0'
2026-05-14 13:21:32,856 [ERROR] SensorCam: Failed to read frame from camera '/dev/video0'
2026-05-14 13:21:32,867 [ERROR] SensorCam: Failed to read frame from camera '/dev/video0'
2026-05-14 13:21:32,878 [ERROR] SensorCam: Failed to read frame from camera '/dev/video0'
2026-05-14 13:21:32,890 [ERROR] SensorCam: Failed to read frame from camera '/dev/video0'
2026-05-14 13:21:32,901 [ERROR] SensorCam: Failed to read frame from camera '/dev/video0'
2026-05-14 13:21:32,912 [ERROR] SensorCam: Failed to read frame from camera '/dev/video0'
2026-05-14 13:21:32,923 [ERROR] SensorCam: Failed to read frame from camera '/dev/video0'
2026-05-14 13:21:32,935 [ERROR] SensorCam: Failed to read frame from camera '/dev/video0'
2026-05-14 13:21:32,946 [ERROR] SensorCam: Failed to read frame from camera '/dev/video0'
2026-05-14 13:21:32,957 [ERROR] SensorCam: Failed to read frame from camera '/dev/video0'
2026-05-14 13:21:32,968 [ERROR] SensorCam: Failed to read frame from camera '/dev/video0'
2026-05-14 13:21:32,979 [ERROR] SensorCam: Failed to read frame from camera '/dev/video0'
2026-05-14 13:21:32,989 [ERROR] SensorCam: Failed to read frame from camera '/dev/video0'
2026-05-14 13:21:33,000 [ERROR] SensorCam: Failed to read frame from camera '/dev/video0'
2026-05-14 13:21:33,011 [ERROR] SensorCam: Failed to read frame from camera '/dev/video0'
2026-05-14 13:21:33,022 [ERROR] SensorCam: Failed to read frame from camera '/dev/video0'
2026-05-14 13:21:33,033 [ERROR] SensorCam: Failed to read frame from camera '/dev/video0'
2026-05-14 13:21:33,044 [ERROR] SensorCam: Failed to read frame from camera '/dev/video0'
2026-05-14 13:21:33,055 [ERROR] SensorCam: Failed to read frame from camera '/dev/video0'
2026-05-14 13:21:33,066 [ERROR] SensorCam: Failed to read frame from camera '/dev/video0'
2026-05-14 13:21:33,077 [ERROR] SensorCam: Failed to read frame from camera '/dev/video0'
2026-05-14 13:21:33,088 [ERROR] SensorCam: Failed to read frame from camera '/dev/video0'
2026-05-14 13:21:33,099 [ERROR] SensorCam: Failed to read frame from camera '/dev/video0'
2026-05-14 13:21:33,110 [ERROR] SensorCam: Failed to read frame from camera '/dev/video0'
2026-05-14 13:21:33,122 [ERROR] SensorCam: Failed to read frame from camera '/dev/video0'
2026-05-14 13:21:33,133 [ERROR] SensorCam: Failed to read frame from camera '/dev/video0'
2026-05-14 13:21:33,144 [ERROR] SensorCam: Failed to read frame from camera '/dev/video0'
2026-05-14 13:21:33,155 [ERROR] SensorCam: Failed to read frame from camera '/dev/video0'
2026-05-14 13:21:33,166 [ERROR] SensorCam: Failed to read frame from camera '/dev/video0'
2026-05-14 13:21:33,176 [ERROR] SensorCam: Failed to read frame from camera '/dev/video0'
2026-05-14 13:21:33,187 [ERROR] SensorCam: Failed to read frame from camera '/dev/video0'
2026-05-14 13:21:33,198 [ERROR] SensorCam: Failed to read frame from camera '/dev/video0'
2026-05-14 13:21:33,209 [ERROR] SensorCam: Failed to read frame from camera '/dev/video0'
2026-05-14 13:21:33,220 [ERROR] SensorCam: Failed to read frame from camera '/dev/video0'
2026-05-14 13:21:33,230 [ERROR] SensorCam: Failed to read frame from camera '/dev/video0'
2026-05-14 13:21:33,241 [ERROR] SensorCam: Failed to read frame from camera '/dev/video0'
2026-05-14 13:21:33,252 [ERROR] SensorCam: Failed to read frame from camera '/dev/video0'
2026-05-14 13:21:33,263 [ERROR] SensorCam: Failed to read frame from camera '/dev/video0'
2026-05-14 13:21:33,274 [ERROR] SensorCam: Failed to read frame from camera '/dev/video0'
2026-05-14 13:21:33,285 [ERROR] SensorCam: Failed to read frame from camera '/dev/video0'
2026-05-14 13:21:33,296 [ERROR] SensorCam: Failed to read frame from camera '/dev/video0'
2026-05-14 13:21:33,307 [ERROR] SensorCam: Failed to read frame from camera '/dev/video0'
2026-05-14 13:21:33,318 [ERROR] SensorCam: Failed to read frame from camera '/dev/video0'
2026-05-14 13:21:33,329 [ERROR] SensorCam: Failed to read frame from camera '/dev/video0'
2026-05-14 13:21:33,340 [ERROR] SensorCam: Failed to read frame from camera '/dev/video0'
2026-05-14 13:21:33,351 [ERROR] SensorCam: Failed to read frame from camera '/dev/video0'
2026-05-14 13:21:33,362 [ERROR] SensorCam: Failed to read frame from camera '/dev/video0'
2026-05-14 13:21:33,402 [ERROR] SensorCam: Failed to read frame from camera '/dev/video0'
2026-05-14 13:21:33,424 [ERROR] SensorCam: Failed to read frame from camera '/dev/video0'
2026-05-14 13:21:33,435 [ERROR] SensorCam: Failed to read frame from camera '/dev/video0'
2026-05-14 13:21:33,445 [ERROR] SensorCam: Failed to read frame from camera '/dev/video0'
2026-05-14 13:21:33,456 [ERROR] SensorCam: Failed to read frame from camera '/dev/video0'
2026-05-14 13:21:33,467 [ERROR] SensorCam: Failed to read frame from camera '/dev/video0'
2026-05-14 13:21:33,478 [ERROR] SensorCam: Failed to read frame from camera '/dev/video0'
2026-05-14 13:21:33,489 [ERROR] SensorCam: Failed to read frame from camera '/dev/video0'
2026-05-14 13:21:33,500 [ERROR] SensorCam: Failed to read frame from camera '/dev/video0'
2026-05-14 13:21:33,510 [ERROR] SensorCam: Failed to read frame from camera '/dev/video0'
2026-05-14 13:21:33,522 [ERROR] SensorCam: Failed to read frame from camera '/dev/video0'
2026-05-14 13:21:33,532 [ERROR] SensorCam: Failed to read frame from camera '/dev/video0'
2026-05-14 13:21:33,544 [ERROR] SensorCam: Failed to read frame from camera '/dev/video0'
2026-05-14 13:21:33,554 [ERROR] SensorCam: Failed to read frame from camera '/dev/video0'
2026-05-14 13:21:33,565 [ERROR] SensorCam: Failed to read frame from camera '/dev/video0'
2026-05-14 13:21:33,576 [ERROR] SensorCam: Failed to read frame from camera '/dev/video0'
2026-05-14 13:21:33,587 [ERROR] SensorCam: Failed to read frame from camera '/dev/video0'
2026-05-14 13:21:33,598 [ERROR] SensorCam: Failed to read frame from camera '/dev/video0'
2026-05-14 13:21:33,609 [ERROR] SensorCam: Failed to read frame from camera '/dev/video0'
2026-05-14 13:21:33,621 [ERROR] SensorCam: Failed to read frame from camera '/dev/video0'
2026-05-14 13:21:33,632 [ERROR] SensorCam: Failed to read frame from camera '/dev/video0'
2026-05-14 13:21:33,643 [ERROR] SensorCam: Failed to read frame from camera '/dev/video0'
2026-05-14 13:21:33,655 [ERROR] SensorCam: Failed to read frame from camera '/dev/video0'
2026-05-14 13:21:33,666 [ERROR] SensorCam: Failed to read frame from camera '/dev/video0'
2026-05-14 13:21:33,677 [ERROR] SensorCam: Failed to read frame from camera '/dev/video0'
2026-05-14 13:21:33,687 [ERROR] SensorCam: Failed to read frame from camera '/dev/video0'
2026-05-14 13:21:33,699 [ERROR] SensorCam: Failed to read frame from camera '/dev/video0'
2026-05-14 13:21:33,709 [ERROR] SensorCam: Failed to read frame from camera '/dev/video0'
2026-05-14 13:21:33,720 [ERROR] SensorCam: Failed to read frame from camera '/dev/video0'
2026-05-14 13:21:33,731 [ERROR] SensorCam: Failed to read frame from camera '/dev/video0'
2026-05-14 13:21:33,742 [ERROR] SensorCam: Failed to read frame from camera '/dev/video0'
2026-05-14 13:21:33,753 [ERROR] SensorCam: Failed to read frame from camera '/dev/video0'
2026-05-14 13:21:33,763 [ERROR] SensorCam: Failed to read frame from camera '/dev/video0'
2026-05-14 13:21:33,774 [ERROR] SensorCam: Failed to read frame from camera '/dev/video0'
2026-05-14 13:21:33,785 [ERROR] SensorCam: Failed to read frame from camera '/dev/video0'
2026-05-14 13:21:33,796 [ERROR] SensorCam: Failed to read frame from camera '/dev/video0'
2026-05-14 13:21:33,807 [ERROR] SensorCam: Failed to read frame from camera '/dev/video0'
2026-05-14 13:21:33,818 [ERROR] SensorCam: Failed to read frame from camera '/dev/video0'
2026-05-14 13:21:33,830 [ERROR] SensorCam: Failed to read frame from camera '/dev/video0'
2026-05-14 13:21:33,840 [ERROR] SensorCam: Failed to read frame from camera '/dev/video0'
2026-05-14 13:21:33,851 [ERROR] SensorCam: Failed to read frame from camera '/dev/video0'
2026-05-14 13:21:33,862 [ERROR] SensorCam: Failed to read frame from camera '/dev/video0'
2026-05-14 13:21:33,873 [ERROR] SensorCam: Failed to read frame from camera '/dev/video0'
2026-05-14 13:21:33,884 [ERROR] SensorCam: Failed to read frame from camera '/dev/video0'
2026-05-14 13:21:33,896 [ERROR] SensorCam: Failed to read frame from camera '/dev/video0'
2026-05-14 13:21:33,907 [ERROR] SensorCam: Failed to read frame from camera '/dev/video0'
2026-05-14 13:21:33,918 [ERROR] SensorCam: Failed to read frame from camera '/dev/video0'
2026-05-14 13:21:33,929 [ERROR] SensorCam: Failed to read frame from camera '/dev/video0'
2026-05-14 13:21:33,940 [ERROR] SensorCam: Failed to read frame from camera '/dev/video0'
2026-05-14 13:21:33,951 [ERROR] SensorCam: Failed to read frame from camera '/dev/video0'
2026-05-14 13:21:33,962 [ERROR] SensorCam: Failed to read frame from camera '/dev/video0'
2026-05-14 13:21:33,973 [ERROR] SensorCam: Failed to read frame from camera '/dev/video0'
2026-05-14 13:21:33,984 [ERROR] SensorCam: Failed to read frame from camera '/dev/video0'
2026-05-14 13:21:33,995 [ERROR] SensorCam: Failed to read frame from camera '/dev/video0'
2026-05-14 13:21:34,006 [ERROR] SensorCam: Failed to read frame from camera '/dev/video0'
2026-05-14 13:21:34,017 [ERROR] SensorCam: Failed to read frame from camera '/dev/video0'
2026-05-14 13:21:34,028 [ERROR] SensorCam: Failed to read frame from camera '/dev/video0'
2026-05-14 13:21:34,039 [ERROR] SensorCam: Failed to read frame from camera '/dev/video0'
2026-05-14 13:21:34,050 [ERROR] SensorCam: Failed to read frame from camera '/dev/video0'
2026-05-14 13:21:34,061 [ERROR] SensorCam: Failed to read frame from camera '/dev/video0'
2026-05-14 13:21:34,072 [ERROR] SensorCam: Failed to read frame from camera '/dev/video0'
2026-05-14 13:21:34,083 [ERROR] SensorCam: Failed to read frame from camera '/dev/video0'
2026-05-14 13:21:34,094 [ERROR] SensorCam: Failed to read frame from camera '/dev/video0'
2026-05-14 13:21:34,105 [ERROR] SensorCam: Failed to read frame from camera '/dev/video0'
2026-05-14 13:21:34,116 [ERROR] SensorCam: Failed to read frame from camera '/dev/video0'
2026-05-14 13:21:34,127 [ERROR] SensorCam: Failed to read frame from camera '/dev/video0'
2026-05-14 13:21:34,139 [ERROR] SensorCam: Failed to read frame from camera '/dev/video0'
2026-05-14 13:21:34,149 [ERROR] SensorCam: Failed to read frame from camera '/dev/video0'
2026-05-14 13:21:34,160 [ERROR] SensorCam: Failed to read frame from camera '/dev/video0'
2026-05-14 13:21:34,171 [ERROR] SensorCam: Failed to read frame from camera '/dev/video0'
2026-05-14 13:21:34,182 [ERROR] SensorCam: Failed to read frame from camera '/dev/video0'
2026-05-14 13:21:34,193 [ERROR] SensorCam: Failed to read frame from camera '/dev/video0'
2026-05-14 13:21:34,205 [ERROR] SensorCam: Failed to read frame from camera '/dev/video0'
2026-05-14 13:21:34,215 [ERROR] SensorCam: Failed to read frame from camera '/dev/video0'
2026-05-14 13:21:34,226 [ERROR] SensorCam: Failed to read frame from camera '/dev/video0'
2026-05-14 13:21:34,237 [ERROR] SensorCam: Failed to read frame from camera '/dev/video0'
2026-05-14 13:21:34,248 [ERROR] SensorCam: Failed to read frame from camera '/dev/video0'
2026-05-14 13:21:34,259 [ERROR] SensorCam: Failed to read frame from camera '/dev/video0'
2026-05-14 13:21:34,270 [ERROR] SensorCam: Failed to read frame from camera '/dev/video0'
2026-05-14 13:21:34,281 [ERROR] SensorCam: Failed to read frame from camera '/dev/video0'
2026-05-14 13:21:34,292 [ERROR] SensorCam: Failed to read frame from camera '/dev/video0'
2026-05-14 13:21:34,303 [ERROR] SensorCam: Failed to read frame from camera '/dev/video0'
2026-05-14 13:21:34,314 [ERROR] SensorCam: Failed to read frame from camera '/dev/video0'
2026-05-14 13:21:34,326 [ERROR] SensorCam: Failed to read frame from camera '/dev/video0'
2026-05-14 13:21:34,337 [ERROR] SensorCam: Failed to read frame from camera '/dev/video0'
2026-05-14 13:21:34,347 [ERROR] SensorCam: Failed to read frame from camera '/dev/video0'
2026-05-14 13:21:34,358 [ERROR] SensorCam: Failed to read frame from camera '/dev/video0'
2026-05-14 13:21:34,369 [ERROR] SensorCam: Failed to read frame from camera '/dev/video0'
2026-05-14 13:21:34,380 [ERROR] SensorCam: Failed to read frame from camera '/dev/video0'
2026-05-14 13:21:34,391 [ERROR] SensorCam: Failed to read frame from camera '/dev/video0'
2026-05-14 13:21:34,403 [ERROR] SensorCam: Failed to read frame from camera '/dev/video0'
2026-05-14 13:21:34,414 [ERROR] SensorCam: Failed to read frame from camera '/dev/video0'
2026-05-14 13:21:34,424 [ERROR] SensorCam: Failed to read frame from camera '/dev/video0'
2026-05-14 13:21:34,436 [ERROR] SensorCam: Failed to read frame from camera '/dev/video0'
2026-05-14 13:21:34,447 [ERROR] SensorCam: Failed to read frame from camera '/dev/video0'
2026-05-14 13:21:34,458 [ERROR] SensorCam: Failed to read frame from camera '/dev/video0'
2026-05-14 13:21:34,469 [ERROR] SensorCam: Failed to read frame from camera '/dev/video0'
2026-05-14 13:21:34,479 [ERROR] SensorCam: Failed to read frame from camera '/dev/video0'
2026-05-14 13:21:34,490 [ERROR] SensorCam: Failed to read frame from camera '/dev/video0'
2026-05-14 13:21:34,501 [ERROR] SensorCam: Failed to read frame from camera '/dev/video0'
2026-05-14 13:21:34,512 [ERROR] SensorCam: Failed to read frame from camera '/dev/video0'
2026-05-14 13:21:34,523 [ERROR] SensorCam: Failed to read frame from camera '/dev/video0'
2026-05-14 13:21:34,534 [ERROR] SensorCam: Failed to read frame from camera '/dev/video0'
2026-05-14 13:21:34,545 [ERROR] SensorCam: Failed to read frame from camera '/dev/video0'
2026-05-14 13:21:34,555 [ERROR] SensorCam: Failed to read frame from camera '/dev/video0'
2026-05-14 13:21:34,567 [ERROR] SensorCam: Failed to read frame from camera '/dev/video0'
2026-05-14 13:21:34,578 [ERROR] SensorCam: Failed to read frame from camera '/dev/video0'
2026-05-14 13:21:34,588 [ERROR] SensorCam: Failed to read frame from camera '/dev/video0'
2026-05-14 13:21:34,599 [ERROR] SensorCam: Failed to read frame from camera '/dev/video0'
2026-05-14 13:21:34,610 [ERROR] SensorCam: Failed to read frame from camera '/dev/video0'
2026-05-14 13:21:34,621 [ERROR] SensorCam: Failed to read frame from camera '/dev/video0'
2026-05-14 13:21:34,632 [ERROR] SensorCam: Failed to read frame from camera '/dev/video0'
2026-05-14 13:21:34,643 [ERROR] SensorCam: Failed to read frame from camera '/dev/video0'
2026-05-14 13:21:34,654 [ERROR] SensorCam: Failed to read frame from camera '/dev/video0'
2026-05-14 13:21:34,665 [ERROR] SensorCam: Failed to read frame from camera '/dev/video0'
2026-05-14 13:21:34,676 [ERROR] SensorCam: Failed to read frame from camera '/dev/video0'
2026-05-14 13:21:34,687 [ERROR] SensorCam: Failed to read frame from camera '/dev/video0'
2026-05-14 13:21:34,699 [ERROR] SensorCam: Failed to read frame from camera '/dev/video0'
2026-05-14 13:21:34,709 [ERROR] SensorCam: Failed to read frame from camera '/dev/video0'
2026-05-14 13:21:34,721 [ERROR] SensorCam: Failed to read frame from camera '/dev/video0'
2026-05-14 13:21:34,732 [ERROR] SensorCam: Failed to read frame from camera '/dev/video0'
2026-05-14 13:21:34,743 [ERROR] SensorCam: Failed to read frame from camera '/dev/video0'
2026-05-14 13:21:34,754 [ERROR] SensorCam: Failed to read frame from camera '/dev/video0'
2026-05-14 13:21:34,765 [ERROR] SensorCam: Failed to read frame from camera '/dev/video0'
2026-05-14 13:21:34,776 [ERROR] SensorCam: Failed to read frame from camera '/dev/video0'
2026-05-14 13:21:34,786 [ERROR] SensorCam: Failed to read frame from camera '/dev/video0'
2026-05-14 13:21:34,797 [ERROR] SensorCam: Failed to read frame from camera '/dev/video0'
2026-05-14 13:21:34,808 [ERROR] SensorCam: Failed to read frame from camera '/dev/video0'
2026-05-14 13:21:34,818 [ERROR] SensorCam: Failed to read frame from camera '/dev/video0'
2026-05-14 13:21:34,829 [ERROR] SensorCam: Failed to read frame from camera '/dev/video0'
2026-05-14 13:21:34,840 [ERROR] SensorCam: Failed to read frame from camera '/dev/video0'
2026-05-14 13:21:34,851 [ERROR] SensorCam: Failed to read frame from camera '/dev/video0'
2026-05-14 13:21:34,862 [ERROR] SensorCam: Failed to read frame from camera '/dev/video0'
2026-05-14 13:21:34,873 [ERROR] SensorCam: Failed to read frame from camera '/dev/video0'
2026-05-14 13:21:34,884 [ERROR] SensorCam: Failed to read frame from camera '/dev/video0'
2026-05-14 13:21:34,895 [ERROR] SensorCam: Failed to read frame from camera '/dev/video0'
2026-05-14 13:21:34,906 [ERROR] SensorCam: Failed to read frame from camera '/dev/video0'
2026-05-14 13:21:34,917 [ERROR] SensorCam: Failed to read frame from camera '/dev/video0'
2026-05-14 13:21:34,928 [ERROR] SensorCam: Failed to read frame from camera '/dev/video0'
2026-05-14 13:21:34,938 [ERROR] SensorCam: Failed to read frame from camera '/dev/video0'
2026-05-14 13:21:34,949 [ERROR] SensorCam: Failed to read frame from camera '/dev/video0'
2026-05-14 13:21:34,960 [ERROR] SensorCam: Failed to read frame from camera '/dev/video0'
2026-05-14 13:21:34,976 [ERROR] SensorCam: Failed to read frame from camera '/dev/video0'
2026-05-14 13:21:34,986 [ERROR] SensorCam: Failed to read frame from camera '/dev/video0'
2026-05-14 13:21:34,998 [ERROR] SensorCam: Failed to read frame from camera '/dev/video0'
2026-05-14 13:21:35,009 [ERROR] SensorCam: Failed to read frame from camera '/dev/video0'
2026-05-14 13:21:35,020 [ERROR] SensorCam: Failed to read frame from camera '/dev/video0'
2026-05-14 13:21:35,032 [ERROR] SensorCam: Failed to read frame from camera '/dev/video0'
2026-05-14 13:21:35,043 [ERROR] SensorCam: Failed to read frame from camera '/dev/video0'
2026-05-14 13:21:35,054 [ERROR] SensorCam: Failed to read frame from camera '/dev/video0'
2026-05-14 13:21:35,065 [ERROR] SensorCam: Failed to read frame from camera '/dev/video0'
2026-05-14 13:21:35,077 [ERROR] SensorCam: Failed to read frame from camera '/dev/video0'
2026-05-14 13:21:35,088 [ERROR] SensorCam: Failed to read frame from camera '/dev/video0'
2026-05-14 13:21:35,099 [ERROR] SensorCam: Failed to read frame from camera '/dev/video0'
2026-05-14 13:21:35,110 [ERROR] SensorCam: Failed to read frame from camera '/dev/video0'
2026-05-14 13:21:35,121 [ERROR] SensorCam: Failed to read frame from camera '/dev/video0'
2026-05-14 13:21:35,132 [ERROR] SensorCam: Failed to read frame from camera '/dev/video0'
2026-05-14 13:21:35,143 [ERROR] SensorCam: Failed to read frame from camera '/dev/video0'
2026-05-14 13:21:35,154 [ERROR] SensorCam: Failed to read frame from camera '/dev/video0'
2026-05-14 13:21:35,165 [ERROR] SensorCam: Failed to read frame from camera '/dev/video0'
2026-05-14 13:21:35,176 [ERROR] SensorCam: Failed to read frame from camera '/dev/video0'
2026-05-14 13:21:35,187 [ERROR] SensorCam: Failed to read frame from camera '/dev/video0'
2026-05-14 13:21:35,198 [ERROR] SensorCam: Failed to read frame from camera '/dev/video0'
2026-05-14 13:21:35,209 [ERROR] SensorCam: Failed to read frame from camera '/dev/video0'
2026-05-14 13:21:35,220 [ERROR] SensorCam: Failed to read frame from camera '/dev/video0'
2026-05-14 13:21:35,231 [ERROR] SensorCam: Failed to read frame from camera '/dev/video0'
2026-05-14 13:21:35,242 [ERROR] SensorCam: Failed to read frame from camera '/dev/video0'
2026-05-14 13:21:35,253 [ERROR] SensorCam: Failed to read frame from camera '/dev/video0'
2026-05-14 13:21:35,265 [ERROR] SensorCam: Failed to read frame from camera '/dev/video0'
2026-05-14 13:21:35,276 [ERROR] SensorCam: Failed to read frame from camera '/dev/video0'
2026-05-14 13:21:35,287 [ERROR] SensorCam: Failed to read frame from camera '/dev/video0'
2026-05-14 13:21:35,299 [ERROR] SensorCam: Failed to read frame from camera '/dev/video0'
2026-05-14 13:21:35,309 [ERROR] SensorCam: Failed to read frame from camera '/dev/video0'
2026-05-14 13:21:35,320 [ERROR] SensorCam: Failed to read frame from camera '/dev/video0'
2026-05-14 13:21:35,331 [ERROR] SensorCam: Failed to read frame from camera '/dev/video0'
2026-05-14 13:21:35,342 [ERROR] SensorCam: Failed to read frame from camera '/dev/video0'
2026-05-14 13:21:35,353 [ERROR] SensorCam: Failed to read frame from camera '/dev/video0'
2026-05-14 13:21:35,364 [ERROR] SensorCam: Failed to read frame from camera '/dev/video0'
2026-05-14 13:21:35,375 [ERROR] SensorCam: Failed to read frame from camera '/dev/video0'
2026-05-14 13:21:35,426 [ERROR] SensorCam: Failed to read frame from camera '/dev/video0'
2026-05-14 13:21:35,452 [ERROR] SensorCam: Failed to read frame from camera '/dev/video0'
2026-05-14 13:21:35,469 [ERROR] SensorCam: Failed to read frame from camera '/dev/video0'
2026-05-14 13:21:35,480 [ERROR] SensorCam: Failed to read frame from camera '/dev/video0'
2026-05-14 13:21:35,491 [ERROR] SensorCam: Failed to read frame from camera '/dev/video0'
2026-05-14 13:21:35,501 [ERROR] SensorCam: Failed to read frame from camera '/dev/video0'
2026-05-14 13:21:35,512 [ERROR] SensorCam: Failed to read frame from camera '/dev/video0'
2026-05-14 13:21:35,523 [ERROR] SensorCam: Failed to read frame from camera '/dev/video0'
2026-05-14 13:21:35,534 [ERROR] SensorCam: Failed to read frame from camera '/dev/video0'
2026-05-14 13:21:35,545 [ERROR] SensorCam: Failed to read frame from camera '/dev/video0'
2026-05-14 13:21:35,555 [ERROR] SensorCam: Failed to read frame from camera '/dev/video0'
2026-05-14 13:21:35,567 [ERROR] SensorCam: Failed to read frame from camera '/dev/video0'
2026-05-14 13:21:35,577 [ERROR] SensorCam: Failed to read frame from camera '/dev/video0'
2026-05-14 13:21:35,588 [ERROR] SensorCam: Failed to read frame from camera '/dev/video0'
2026-05-14 13:21:35,599 [ERROR] SensorCam: Failed to read frame from camera '/dev/video0'
2026-05-14 13:21:35,611 [ERROR] SensorCam: Failed to read frame from camera '/dev/video0'
2026-05-14 13:21:35,622 [ERROR] SensorCam: Failed to read frame from camera '/dev/video0'
2026-05-14 13:21:35,633 [ERROR] SensorCam: Failed to read frame from camera '/dev/video0'
2026-05-14 13:21:35,644 [ERROR] SensorCam: Failed to read frame from camera '/dev/video0'
2026-05-14 13:21:35,654 [ERROR] SensorCam: Failed to read frame from camera '/dev/video0'
2026-05-14 13:21:35,665 [ERROR] SensorCam: Failed to read frame from camera '/dev/video0'
2026-05-14 13:21:35,675 [ERROR] SensorCam: Failed to read frame from camera '/dev/video0'
2026-05-14 13:21:35,686 [ERROR] SensorCam: Failed to read frame from camera '/dev/video0'
2026-05-14 13:21:35,697 [ERROR] SensorCam: Failed to read frame from camera '/dev/video0'
2026-05-14 13:21:35,708 [ERROR] SensorCam: Failed to read frame from camera '/dev/video0'
2026-05-14 13:21:35,718 [ERROR] SensorCam: Failed to read frame from camera '/dev/video0'
2026-05-14 13:21:35,729 [ERROR] SensorCam: Failed to read frame from camera '/dev/video0'
2026-05-14 13:21:35,740 [ERROR] SensorCam: Failed to read frame from camera '/dev/video0'
2026-05-14 13:21:35,750 [ERROR] SensorCam: Failed to read frame from camera '/dev/video0'
2026-05-14 13:21:35,761 [ERROR] SensorCam: Failed to read frame from camera '/dev/video0'
2026-05-14 13:21:35,772 [ERROR] SensorCam: Failed to read frame from camera '/dev/video0'
2026-05-14 13:21:35,783 [ERROR] SensorCam: Failed to read frame from camera '/dev/video0'
2026-05-14 13:21:35,794 [ERROR] SensorCam: Failed to read frame from camera '/dev/video0'
2026-05-14 13:21:35,805 [ERROR] SensorCam: Failed to read frame from camera '/dev/video0'
2026-05-14 13:21:35,816 [ERROR] SensorCam: Failed to read frame from camera '/dev/video0'
2026-05-14 13:21:35,827 [ERROR] SensorCam: Failed to read frame from camera '/dev/video0'
2026-05-14 13:21:35,838 [ERROR] SensorCam: Failed to read frame from camera '/dev/video0'
2026-05-14 13:21:35,849 [ERROR] SensorCam: Failed to read frame from camera '/dev/video0'
2026-05-14 13:21:35,860 [ERROR] SensorCam: Failed to read frame from camera '/dev/video0'
2026-05-14 13:21:35,871 [ERROR] SensorCam: Failed to read frame from camera '/dev/video0'
2026-05-14 13:21:35,883 [ERROR] SensorCam: Failed to read frame from camera '/dev/video0'
2026-05-14 13:21:35,894 [ERROR] SensorCam: Failed to read frame from camera '/dev/video0'
2026-05-14 13:21:35,905 [ERROR] SensorCam: Failed to read frame from camera '/dev/video0'
2026-05-14 13:21:35,916 [ERROR] SensorCam: Failed to read frame from camera '/dev/video0'
2026-05-14 13:21:35,927 [ERROR] SensorCam: Failed to read frame from camera '/dev/video0'
2026-05-14 13:21:35,938 [ERROR] SensorCam: Failed to read frame from camera '/dev/video0'
2026-05-14 13:21:35,949 [ERROR] SensorCam: Failed to read frame from camera '/dev/video0'
2026-05-14 13:21:35,960 [ERROR] SensorCam: Failed to read frame from camera '/dev/video0'
2026-05-14 13:21:35,971 [ERROR] SensorCam: Failed to read frame from camera '/dev/video0'
2026-05-14 13:21:35,982 [ERROR] SensorCam: Failed to read frame from camera '/dev/video0'
2026-05-14 13:21:35,993 [ERROR] SensorCam: Failed to read frame from camera '/dev/video0'
2026-05-14 13:21:36,004 [ERROR] SensorCam: Failed to read frame from camera '/dev/video0'
2026-05-14 13:21:36,014 [ERROR] SensorCam: Failed to read frame from camera '/dev/video0'
2026-05-14 13:21:36,025 [ERROR] SensorCam: Failed to read frame from camera '/dev/video0'
2026-05-14 13:21:36,036 [ERROR] SensorCam: Failed to read frame from camera '/dev/video0'
2026-05-14 13:21:36,047 [ERROR] SensorCam: Failed to read frame from camera '/dev/video0'
2026-05-14 13:21:36,057 [ERROR] SensorCam: Failed to read frame from camera '/dev/video0'
2026-05-14 13:21:36,069 [ERROR] SensorCam: Failed to read frame from camera '/dev/video0'
2026-05-14 13:21:36,079 [ERROR] SensorCam: Failed to read frame from camera '/dev/video0'
2026-05-14 13:21:36,091 [ERROR] SensorCam: Failed to read frame from camera '/dev/video0'
2026-05-14 13:21:36,102 [ERROR] SensorCam: Failed to read frame from camera '/dev/video0'
2026-05-14 13:21:36,113 [ERROR] SensorCam: Failed to read frame from camera '/dev/video0'
2026-05-14 13:21:36,124 [ERROR] SensorCam: Failed to read frame from camera '/dev/video0'
2026-05-14 13:21:36,135 [ERROR] SensorCam: Failed to read frame from camera '/dev/video0'
2026-05-14 13:21:36,146 [ERROR] SensorCam: Failed to read frame from camera '/dev/video0'
2026-05-14 13:21:36,157 [ERROR] SensorCam: Failed to read frame from camera '/dev/video0'
2026-05-14 13:21:36,167 [ERROR] SensorCam: Failed to read frame from camera '/dev/video0'
2026-05-14 13:21:36,178 [ERROR] SensorCam: Failed to read frame from camera '/dev/video0'
2026-05-14 13:21:36,189 [ERROR] SensorCam: Failed to read frame from camera '/dev/video0'
2026-05-14 13:21:36,200 [ERROR] SensorCam: Failed to read frame from camera '/dev/video0'
2026-05-14 13:21:36,211 [ERROR] SensorCam: Failed to read frame from camera '/dev/video0'
2026-05-14 13:21:36,222 [ERROR] SensorCam: Failed to read frame from camera '/dev/video0'
2026-05-14 13:21:36,233 [ERROR] SensorCam: Failed to read frame from camera '/dev/video0'
2026-05-14 13:21:36,245 [ERROR] SensorCam: Failed to read frame from camera '/dev/video0'
2026-05-14 13:21:36,256 [ERROR] SensorCam: Failed to read frame from camera '/dev/video0'
2026-05-14 13:21:36,267 [ERROR] SensorCam: Failed to read frame from camera '/dev/video0'
2026-05-14 13:21:36,278 [ERROR] SensorCam: Failed to read frame from camera '/dev/video0'
2026-05-14 13:21:36,289 [ERROR] SensorCam: Failed to read frame from camera '/dev/video0'
2026-05-14 13:21:36,300 [ERROR] SensorCam: Failed to read frame from camera '/dev/video0'
2026-05-14 13:21:36,311 [ERROR] SensorCam: Failed to read frame from camera '/dev/video0'
2026-05-14 13:21:36,322 [ERROR] SensorCam: Failed to read frame from camera '/dev/video0'
2026-05-14 13:21:36,338 [ERROR] SensorCam: Failed to read frame from camera '/dev/video0'
2026-05-14 13:21:36,349 [ERROR] SensorCam: Failed to read frame from camera '/dev/video0'
2026-05-14 13:21:36,360 [ERROR] SensorCam: Failed to read frame from camera '/dev/video0'
2026-05-14 13:21:36,371 [ERROR] SensorCam: Failed to read frame from camera '/dev/video0'
2026-05-14 13:21:36,382 [ERROR] SensorCam: Failed to read frame from camera '/dev/video0'
2026-05-14 13:21:36,393 [ERROR] SensorCam: Failed to read frame from camera '/dev/video0'
2026-05-14 13:21:36,404 [ERROR] SensorCam: Failed to read frame from camera '/dev/video0'
2026-05-14 13:21:36,415 [ERROR] SensorCam: Failed to read frame from camera '/dev/video0'
2026-05-14 13:21:36,426 [ERROR] SensorCam: Failed to read frame from camera '/dev/video0'
2026-05-14 13:21:36,438 [ERROR] SensorCam: Failed to read frame from camera '/dev/video0'
2026-05-14 13:21:36,448 [ERROR] SensorCam: Failed to read frame from camera '/dev/video0'
2026-05-14 13:21:36,459 [ERROR] SensorCam: Failed to read frame from camera '/dev/video0'
2026-05-14 13:21:36,470 [ERROR] SensorCam: Failed to read frame from camera '/dev/video0'
2026-05-14 13:21:36,481 [ERROR] SensorCam: Failed to read frame from camera '/dev/video0'
2026-05-14 13:21:36,491 [ERROR] SensorCam: Failed to read frame from camera '/dev/video0'
2026-05-14 13:21:36,503 [ERROR] SensorCam: Failed to read frame from camera '/dev/video0'
2026-05-14 13:21:36,514 [ERROR] SensorCam: Failed to read frame from camera '/dev/video0'
2026-05-14 13:21:36,524 [ERROR] SensorCam: Failed to read frame from camera '/dev/video0'
2026-05-14 13:21:36,536 [ERROR] SensorCam: Failed to read frame from camera '/dev/video0'
2026-05-14 13:21:36,547 [ERROR] SensorCam: Failed to read frame from camera '/dev/video0'
2026-05-14 13:21:36,558 [ERROR] SensorCam: Failed to read frame from camera '/dev/video0'
2026-05-14 13:21:36,569 [ERROR] SensorCam: Failed to read frame from camera '/dev/video0'
2026-05-14 13:21:36,580 [ERROR] SensorCam: Failed to read frame from camera '/dev/video0'
2026-05-14 13:21:36,592 [ERROR] SensorCam: Failed to read frame from camera '/dev/video0'
2026-05-14 13:21:36,603 [ERROR] SensorCam: Failed to read frame from camera '/dev/video0'
2026-05-14 13:21:36,614 [ERROR] SensorCam: Failed to read frame from camera '/dev/video0'
2026-05-14 13:21:36,624 [ERROR] SensorCam: Failed to read frame from camera '/dev/video0'
2026-05-14 13:21:36,635 [ERROR] SensorCam: Failed to read frame from camera '/dev/video0'
2026-05-14 13:21:36,646 [ERROR] SensorCam: Failed to read frame from camera '/dev/video0'
2026-05-14 13:21:36,657 [ERROR] SensorCam: Failed to read frame from camera '/dev/video0'
2026-05-14 13:21:36,668 [ERROR] SensorCam: Failed to read frame from camera '/dev/video0'
2026-05-14 13:21:36,679 [ERROR] SensorCam: Failed to read frame from camera '/dev/video0'
2026-05-14 13:21:36,690 [ERROR] SensorCam: Failed to read frame from camera '/dev/video0'
2026-05-14 13:21:36,701 [ERROR] SensorCam: Failed to read frame from camera '/dev/video0'
2026-05-14 13:21:36,712 [ERROR] SensorCam: Failed to read frame from camera '/dev/video0'
2026-05-14 13:21:36,723 [ERROR] SensorCam: Failed to read frame from camera '/dev/video0'
2026-05-14 13:21:36,733 [ERROR] SensorCam: Failed to read frame from camera '/dev/video0'
2026-05-14 13:21:36,744 [ERROR] SensorCam: Failed to read frame from camera '/dev/video0'
2026-05-14 13:21:36,755 [ERROR] SensorCam: Failed to read frame from camera '/dev/video0'
2026-05-14 13:21:36,766 [ERROR] SensorCam: Failed to read frame from camera '/dev/video0'
2026-05-14 13:21:36,777 [ERROR] SensorCam: Failed to read frame from camera '/dev/video0'
2026-05-14 13:21:36,788 [ERROR] SensorCam: Failed to read frame from camera '/dev/video0'
2026-05-14 13:21:36,799 [ERROR] SensorCam: Failed to read frame from camera '/dev/video0'
2026-05-14 13:21:36,810 [ERROR] SensorCam: Failed to read frame from camera '/dev/video0'
2026-05-14 13:21:36,820 [ERROR] SensorCam: Failed to read frame from camera '/dev/video0'
2026-05-14 13:21:36,831 [ERROR] SensorCam: Failed to read frame from camera '/dev/video0'
2026-05-14 13:21:36,843 [ERROR] SensorCam: Failed to read frame from camera '/dev/video0'
2026-05-14 13:21:36,854 [ERROR] SensorCam: Failed to read frame from camera '/dev/video0'
2026-05-14 13:21:36,865 [ERROR] SensorCam: Failed to read frame from camera '/dev/video0'
2026-05-14 13:21:36,876 [ERROR] SensorCam: Failed to read frame from camera '/dev/video0'
2026-05-14 13:21:36,886 [ERROR] SensorCam: Failed to read frame from camera '/dev/video0'
2026-05-14 13:21:36,897 [ERROR] SensorCam: Failed to read frame from camera '/dev/video0'
2026-05-14 13:21:36,908 [ERROR] SensorCam: Failed to read frame from camera '/dev/video0'
2026-05-14 13:21:36,919 [ERROR] SensorCam: Failed to read frame from camera '/dev/video0'
2026-05-14 13:21:36,930 [ERROR] SensorCam: Failed to read frame from camera '/dev/video0'
2026-05-14 13:21:36,941 [ERROR] SensorCam: Failed to read frame from camera '/dev/video0'
2026-05-14 13:21:36,951 [ERROR] SensorCam: Failed to read frame from camera '/dev/video0'
2026-05-14 13:21:36,962 [ERROR] SensorCam: Failed to read frame from camera '/dev/video0'
2026-05-14 13:21:36,973 [ERROR] SensorCam: Failed to read frame from camera '/dev/video0'
2026-05-14 13:21:36,985 [ERROR] SensorCam: Failed to read frame from camera '/dev/video0'
2026-05-14 13:21:36,995 [ERROR] SensorCam: Failed to read frame from camera '/dev/video0'
2026-05-14 13:21:37,006 [ERROR] SensorCam: Failed to read frame from camera '/dev/video0'
2026-05-14 13:21:37,017 [ERROR] SensorCam: Failed to read frame from camera '/dev/video0'
2026-05-14 13:21:37,028 [ERROR] SensorCam: Failed to read frame from camera '/dev/video0'
2026-05-14 13:21:37,039 [ERROR] SensorCam: Failed to read frame from camera '/dev/video0'
2026-05-14 13:21:37,050 [ERROR] SensorCam: Failed to read frame from camera '/dev/video0'
2026-05-14 13:21:37,061 [ERROR] SensorCam: Failed to read frame from camera '/dev/video0'
2026-05-14 13:21:37,072 [ERROR] SensorCam: Failed to read frame from camera '/dev/video0'
2026-05-14 13:21:37,083 [ERROR] SensorCam: Failed to read frame from camera '/dev/video0'
2026-05-14 13:21:37,093 [ERROR] SensorCam: Failed to read frame from camera '/dev/video0'
2026-05-14 13:21:37,105 [ERROR] SensorCam: Failed to read frame from camera '/dev/video0'
2026-05-14 13:21:37,115 [ERROR] SensorCam: Failed to read frame from camera '/dev/video0'
2026-05-14 13:21:37,126 [ERROR] SensorCam: Failed to read frame from camera '/dev/video0'
2026-05-14 13:21:37,137 [ERROR] SensorCam: Failed to read frame from camera '/dev/video0'
2026-05-14 13:21:37,148 [ERROR] SensorCam: Failed to read frame from camera '/dev/video0'
2026-05-14 13:21:37,159 [ERROR] SensorCam: Failed to read frame from camera '/dev/video0'
2026-05-14 13:21:37,169 [ERROR] SensorCam: Failed to read frame from camera '/dev/video0'
2026-05-14 13:21:37,180 [ERROR] SensorCam: Failed to read frame from camera '/dev/video0'
2026-05-14 13:21:37,190 [ERROR] SensorCam: Failed to read frame from camera '/dev/video0'
2026-05-14 13:21:37,201 [ERROR] SensorCam: Failed to read frame from camera '/dev/video0'
2026-05-14 13:21:37,212 [ERROR] SensorCam: Failed to read frame from camera '/dev/video0'
2026-05-14 13:21:37,223 [ERROR] SensorCam: Failed to read frame from camera '/dev/video0'
2026-05-14 13:21:37,234 [ERROR] SensorCam: Failed to read frame from camera '/dev/video0'
2026-05-14 13:21:37,245 [ERROR] SensorCam: Failed to read frame from camera '/dev/video0'
2026-05-14 13:21:37,255 [ERROR] SensorCam: Failed to read frame from camera '/dev/video0'
2026-05-14 13:21:37,266 [ERROR] SensorCam: Failed to read frame from camera '/dev/video0'
2026-05-14 13:21:37,277 [ERROR] SensorCam: Failed to read frame from camera '/dev/video0'
2026-05-14 13:21:37,288 [ERROR] SensorCam: Failed to read frame from camera '/dev/video0'
2026-05-14 13:21:37,299 [ERROR] SensorCam: Failed to read frame from camera '/dev/video0'
2026-05-14 13:21:37,309 [ERROR] SensorCam: Failed to read frame from camera '/dev/video0'
2026-05-14 13:21:37,320 [ERROR] SensorCam: Failed to read frame from camera '/dev/video0'
2026-05-14 13:21:37,333 [ERROR] SensorCam: Failed to read frame from camera '/dev/video0'
2026-05-14 13:21:37,359 [ERROR] SensorCam: Failed to read frame from camera '/dev/video0'
2026-05-14 13:21:37,374 [ERROR] SensorCam: Failed to read frame from camera '/dev/video0'
2026-05-14 13:21:37,385 [ERROR] SensorCam: Failed to read frame from camera '/dev/video0'
2026-05-14 13:21:37,396 [ERROR] SensorCam: Failed to read frame from camera '/dev/video0'
2026-05-14 13:21:37,407 [ERROR] SensorCam: Failed to read frame from camera '/dev/video0'
2026-05-14 13:21:37,418 [ERROR] SensorCam: Failed to read frame from camera '/dev/video0'
2026-05-14 13:21:37,429 [ERROR] SensorCam: Failed to read frame from camera '/dev/video0'
2026-05-14 13:21:37,439 [ERROR] SensorCam: Failed to read frame from camera '/dev/video0'
2026-05-14 13:21:37,450 [ERROR] SensorCam: Failed to read frame from camera '/dev/video0'
2026-05-14 13:21:37,462 [ERROR] SensorCam: Failed to read frame from camera '/dev/video0'
2026-05-14 13:21:37,473 [ERROR] SensorCam: Failed to read frame from camera '/dev/video0'
2026-05-14 13:21:37,484 [ERROR] SensorCam: Failed to read frame from camera '/dev/video0'
2026-05-14 13:21:37,495 [ERROR] SensorCam: Failed to read frame from camera '/dev/video0'
2026-05-14 13:21:37,506 [ERROR] SensorCam: Failed to read frame from camera '/dev/video0'
2026-05-14 13:21:37,516 [ERROR] SensorCam: Failed to read frame from camera '/dev/video0'
2026-05-14 13:21:37,527 [ERROR] SensorCam: Failed to read frame from camera '/dev/video0'
2026-05-14 13:21:37,538 [ERROR] SensorCam: Failed to read frame from camera '/dev/video0'
2026-05-14 13:21:37,548 [ERROR] SensorCam: Failed to read frame from camera '/dev/video0'
2026-05-14 13:21:37,559 [ERROR] SensorCam: Failed to read frame from camera '/dev/video0'
2026-05-14 13:21:37,570 [ERROR] SensorCam: Failed to read frame from camera '/dev/video0'
2026-05-14 13:21:37,581 [ERROR] SensorCam: Failed to read frame from camera '/dev/video0'
2026-05-14 13:21:37,593 [ERROR] SensorCam: Failed to read frame from camera '/dev/video0'
2026-05-14 13:21:37,604 [ERROR] SensorCam: Failed to read frame from camera '/dev/video0'
2026-05-14 13:21:37,615 [ERROR] SensorCam: Failed to read frame from camera '/dev/video0'
2026-05-14 13:21:37,625 [ERROR] SensorCam: Failed to read frame from camera '/dev/video0'
2026-05-14 13:21:37,636 [ERROR] SensorCam: Failed to read frame from camera '/dev/video0'
2026-05-14 13:21:37,647 [ERROR] SensorCam: Failed to read frame from camera '/dev/video0'
2026-05-14 13:21:37,658 [ERROR] SensorCam: Failed to read frame from camera '/dev/video0'
2026-05-14 13:21:37,669 [ERROR] SensorCam: Failed to read frame from camera '/dev/video0'
2026-05-14 13:21:37,681 [ERROR] SensorCam: Failed to read frame from camera '/dev/video0'
2026-05-14 13:21:37,697 [ERROR] SensorCam: Failed to read frame from camera '/dev/video0'
2026-05-14 13:21:37,707 [ERROR] SensorCam: Failed to read frame from camera '/dev/video0'
2026-05-14 13:21:37,718 [ERROR] SensorCam: Failed to read frame from camera '/dev/video0'
2026-05-14 13:21:37,729 [ERROR] SensorCam: Failed to read frame from camera '/dev/video0'
2026-05-14 13:21:37,740 [ERROR] SensorCam: Failed to read frame from camera '/dev/video0'
2026-05-14 13:21:37,751 [ERROR] SensorCam: Failed to read frame from camera '/dev/video0'
2026-05-14 13:21:37,762 [ERROR] SensorCam: Failed to read frame from camera '/dev/video0'
2026-05-14 13:21:37,773 [ERROR] SensorCam: Failed to read frame from camera '/dev/video0'
2026-05-14 13:21:37,784 [ERROR] SensorCam: Failed to read frame from camera '/dev/video0'
2026-05-14 13:21:37,795 [ERROR] SensorCam: Failed to read frame from camera '/dev/video0'
2026-05-14 13:21:37,806 [ERROR] SensorCam: Failed to read frame from camera '/dev/video0'
2026-05-14 13:21:37,817 [ERROR] SensorCam: Failed to read frame from camera '/dev/video0'
2026-05-14 13:21:37,827 [ERROR] SensorCam: Failed to read frame from camera '/dev/video0'
2026-05-14 13:21:37,838 [ERROR] SensorCam: Failed to read frame from camera '/dev/video0'
2026-05-14 13:21:37,850 [ERROR] SensorCam: Failed to read frame from camera '/dev/video0'
2026-05-14 13:21:37,861 [ERROR] SensorCam: Failed to read frame from camera '/dev/video0'
2026-05-14 13:21:37,872 [ERROR] SensorCam: Failed to read frame from camera '/dev/video0'
2026-05-14 13:21:37,883 [ERROR] SensorCam: Failed to read frame from camera '/dev/video0'
2026-05-14 13:21:37,894 [ERROR] SensorCam: Failed to read frame from camera '/dev/video0'
2026-05-14 13:21:37,905 [ERROR] SensorCam: Failed to read frame from camera '/dev/video0'
2026-05-14 13:21:37,916 [ERROR] SensorCam: Failed to read frame from camera '/dev/video0'
2026-05-14 13:21:37,927 [ERROR] SensorCam: Failed to read frame from camera '/dev/video0'
2026-05-14 13:21:37,938 [ERROR] SensorCam: Failed to read frame from camera '/dev/video0'
2026-05-14 13:21:37,949 [ERROR] SensorCam: Failed to read frame from camera '/dev/video0'
2026-05-14 13:21:37,959 [ERROR] SensorCam: Failed to read frame from camera '/dev/video0'
2026-05-14 13:21:37,970 [ERROR] SensorCam: Failed to read frame from camera '/dev/video0'
2026-05-14 13:21:37,981 [ERROR] SensorCam: Failed to read frame from camera '/dev/video0'
2026-05-14 13:21:37,993 [ERROR] SensorCam: Failed to read frame from camera '/dev/video0'
2026-05-14 13:21:38,004 [ERROR] SensorCam: Failed to read frame from camera '/dev/video0'
2026-05-14 13:21:38,015 [ERROR] SensorCam: Failed to read frame from camera '/dev/video0'
2026-05-14 13:21:38,027 [ERROR] SensorCam: Failed to read frame from camera '/dev/video0'
2026-05-14 13:21:38,038 [ERROR] SensorCam: Failed to read frame from camera '/dev/video0'
2026-05-14 13:21:38,049 [ERROR] SensorCam: Failed to read frame from camera '/dev/video0'
2026-05-14 13:21:38,059 [ERROR] SensorCam: Failed to read frame from camera '/dev/video0'
2026-05-14 13:21:38,070 [ERROR] SensorCam: Failed to read frame from camera '/dev/video0'
2026-05-14 13:21:38,080 [ERROR] SensorCam: Failed to read frame from camera '/dev/video0'
2026-05-14 13:21:38,092 [ERROR] SensorCam: Failed to read frame from camera '/dev/video0'
2026-05-14 13:21:38,102 [ERROR] SensorCam: Failed to read frame from camera '/dev/video0'
2026-05-14 13:21:38,113 [ERROR] SensorCam: Failed to read frame from camera '/dev/video0'
2026-05-14 13:21:38,124 [ERROR] SensorCam: Failed to read frame from camera '/dev/video0'
2026-05-14 13:21:38,134 [ERROR] SensorCam: Failed to read frame from camera '/dev/video0'
2026-05-14 13:21:38,145 [ERROR] SensorCam: Failed to read frame from camera '/dev/video0'
2026-05-14 13:21:38,156 [ERROR] SensorCam: Failed to read frame from camera '/dev/video0'
2026-05-14 13:21:38,168 [ERROR] SensorCam: Failed to read frame from camera '/dev/video0'
2026-05-14 13:21:38,179 [ERROR] SensorCam: Failed to read frame from camera '/dev/video0'
2026-05-14 13:21:38,191 [ERROR] SensorCam: Failed to read frame from camera '/dev/video0'
2026-05-14 13:21:38,202 [ERROR] SensorCam: Failed to read frame from camera '/dev/video0'
2026-05-14 13:21:38,212 [ERROR] SensorCam: Failed to read frame from camera '/dev/video0'
2026-05-14 13:21:38,224 [ERROR] SensorCam: Failed to read frame from camera '/dev/video0'
2026-05-14 13:21:38,235 [ERROR] SensorCam: Failed to read frame from camera '/dev/video0'
2026-05-14 13:21:38,246 [ERROR] SensorCam: Failed to read frame from camera '/dev/video0'
2026-05-14 13:21:38,257 [ERROR] SensorCam: Failed to read frame from camera '/dev/video0'
2026-05-14 13:21:38,268 [ERROR] SensorCam: Failed to read frame from camera '/dev/video0'
2026-05-14 13:21:38,280 [ERROR] SensorCam: Failed to read frame from camera '/dev/video0'
2026-05-14 13:21:38,290 [ERROR] SensorCam: Failed to read frame from camera '/dev/video0'
2026-05-14 13:21:38,301 [ERROR] SensorCam: Failed to read frame from camera '/dev/video0'
2026-05-14 13:21:38,312 [ERROR] SensorCam: Failed to read frame from camera '/dev/video0'
2026-05-14 13:21:38,323 [ERROR] SensorCam: Failed to read frame from camera '/dev/video0'
2026-05-14 13:21:38,335 [ERROR] SensorCam: Failed to read frame from camera '/dev/video0'
2026-05-14 13:21:38,346 [ERROR] SensorCam: Failed to read frame from camera '/dev/video0'
2026-05-14 13:21:38,357 [ERROR] SensorCam: Failed to read frame from camera '/dev/video0'
2026-05-14 13:21:38,368 [ERROR] SensorCam: Failed to read frame from camera '/dev/video0'
2026-05-14 13:21:38,379 [ERROR] SensorCam: Failed to read frame from camera '/dev/video0'
2026-05-14 13:21:38,390 [ERROR] SensorCam: Failed to read frame from camera '/dev/video0'
2026-05-14 13:21:38,401 [ERROR] SensorCam: Failed to read frame from camera '/dev/video0'
2026-05-14 13:21:38,412 [ERROR] SensorCam: Failed to read frame from camera '/dev/video0'
2026-05-14 13:21:38,424 [ERROR] SensorCam: Failed to read frame from camera '/dev/video0'
2026-05-14 13:21:38,435 [ERROR] SensorCam: Failed to read frame from camera '/dev/video0'
2026-05-14 13:21:38,446 [ERROR] SensorCam: Failed to read frame from camera '/dev/video0'
2026-05-14 13:21:38,457 [ERROR] SensorCam: Failed to read frame from camera '/dev/video0'
2026-05-14 13:21:38,468 [ERROR] SensorCam: Failed to read frame from camera '/dev/video0'
2026-05-14 13:21:38,479 [ERROR] SensorCam: Failed to read frame from camera '/dev/video0'
2026-05-14 13:21:38,490 [ERROR] SensorCam: Failed to read frame from camera '/dev/video0'
2026-05-14 13:21:38,501 [ERROR] SensorCam: Failed to read frame from camera '/dev/video0'
2026-05-14 13:21:38,513 [ERROR] SensorCam: Failed to read frame from camera '/dev/video0'
2026-05-14 13:21:38,523 [ERROR] SensorCam: Failed to read frame from camera '/dev/video0'
2026-05-14 13:21:38,534 [ERROR] SensorCam: Failed to read frame from camera '/dev/video0'
2026-05-14 13:21:38,546 [ERROR] SensorCam: Failed to read frame from camera '/dev/video0'
2026-05-14 13:21:38,557 [ERROR] SensorCam: Failed to read frame from camera '/dev/video0'
2026-05-14 13:21:38,569 [ERROR] SensorCam: Failed to read frame from camera '/dev/video0'
2026-05-14 13:21:38,580 [ERROR] SensorCam: Failed to read frame from camera '/dev/video0'
2026-05-14 13:21:38,591 [ERROR] SensorCam: Failed to read frame from camera '/dev/video0'
2026-05-14 13:21:38,602 [ERROR] SensorCam: Failed to read frame from camera '/dev/video0'
2026-05-14 13:21:38,613 [ERROR] SensorCam: Failed to read frame from camera '/dev/video0'
2026-05-14 13:21:38,624 [ERROR] SensorCam: Failed to read frame from camera '/dev/video0'
2026-05-14 13:21:38,635 [ERROR] SensorCam: Failed to read frame from camera '/dev/video0'
2026-05-14 13:21:38,646 [ERROR] SensorCam: Failed to read frame from camera '/dev/video0'
2026-05-14 13:21:38,657 [ERROR] SensorCam: Failed to read frame from camera '/dev/video0'
2026-05-14 13:21:38,668 [ERROR] SensorCam: Failed to read frame from camera '/dev/video0'
2026-05-14 13:21:38,679 [ERROR] SensorCam: Failed to read frame from camera '/dev/video0'
2026-05-14 13:21:38,690 [ERROR] SensorCam: Failed to read frame from camera '/dev/video0'
2026-05-14 13:21:38,701 [ERROR] SensorCam: Failed to read frame from camera '/dev/video0'
2026-05-14 13:21:38,713 [ERROR] SensorCam: Failed to read frame from camera '/dev/video0'
2026-05-14 13:21:38,724 [ERROR] SensorCam: Failed to read frame from camera '/dev/video0'
2026-05-14 13:21:38,734 [ERROR] SensorCam: Failed to read frame from camera '/dev/video0'
2026-05-14 13:21:38,745 [ERROR] SensorCam: Failed to read frame from camera '/dev/video0'
2026-05-14 13:21:38,756 [ERROR] SensorCam: Failed to read frame from camera '/dev/video0'
2026-05-14 13:21:38,768 [ERROR] SensorCam: Failed to read frame from camera '/dev/video0'
2026-05-14 13:21:38,779 [ERROR] SensorCam: Failed to read frame from camera '/dev/video0'
2026-05-14 13:21:38,790 [ERROR] SensorCam: Failed to read frame from camera '/dev/video0'
2026-05-14 13:21:38,801 [ERROR] SensorCam: Failed to read frame from camera '/dev/video0'
2026-05-14 13:21:38,812 [ERROR] SensorCam: Failed to read frame from camera '/dev/video0'
2026-05-14 13:21:38,823 [ERROR] SensorCam: Failed to read frame from camera '/dev/video0'
2026-05-14 13:21:38,833 [ERROR] SensorCam: Failed to read frame from camera '/dev/video0'
2026-05-14 13:21:38,845 [ERROR] SensorCam: Failed to read frame from camera '/dev/video0'
2026-05-14 13:21:38,856 [ERROR] SensorCam: Failed to read frame from camera '/dev/video0'
2026-05-14 13:21:38,867 [ERROR] SensorCam: Failed to read frame from camera '/dev/video0'
2026-05-14 13:21:38,878 [ERROR] SensorCam: Failed to read frame from camera '/dev/video0'
2026-05-14 13:21:38,889 [ERROR] SensorCam: Failed to read frame from camera '/dev/video0'
2026-05-14 13:21:38,900 [ERROR] SensorCam: Failed to read frame from camera '/dev/video0'
2026-05-14 13:21:38,912 [ERROR] SensorCam: Failed to read frame from camera '/dev/video0'
2026-05-14 13:21:38,922 [ERROR] SensorCam: Failed to read frame from camera '/dev/video0'
2026-05-14 13:21:38,933 [ERROR] SensorCam: Failed to read frame from camera '/dev/video0'
2026-05-14 13:21:38,944 [ERROR] SensorCam: Failed to read frame from camera '/dev/video0'
2026-05-14 13:21:38,955 [ERROR] SensorCam: Failed to read frame from camera '/dev/video0'
2026-05-14 13:21:38,966 [ERROR] SensorCam: Failed to read frame from camera '/dev/video0'
2026-05-14 13:21:38,977 [ERROR] SensorCam: Failed to read frame from camera '/dev/video0'
2026-05-14 13:21:38,988 [ERROR] SensorCam: Failed to read frame from camera '/dev/video0'
2026-05-14 13:21:38,998 [ERROR] SensorCam: Failed to read frame from camera '/dev/video0'
2026-05-14 13:21:39,009 [ERROR] SensorCam: Failed to read frame from camera '/dev/video0'
2026-05-14 13:21:39,020 [ERROR] SensorCam: Failed to read frame from camera '/dev/video0'
2026-05-14 13:21:39,031 [ERROR] SensorCam: Failed to read frame from camera '/dev/video0'
2026-05-14 13:21:39,042 [ERROR] SensorCam: Failed to read frame from camera '/dev/video0'
2026-05-14 13:21:39,053 [ERROR] SensorCam: Failed to read frame from camera '/dev/video0'
2026-05-14 13:21:39,064 [ERROR] SensorCam: Failed to read frame from camera '/dev/video0'
2026-05-14 13:21:39,075 [ERROR] SensorCam: Failed to read frame from camera '/dev/video0'
2026-05-14 13:21:39,112 [ERROR] SensorCam: Failed to read frame from camera '/dev/video0'
2026-05-14 13:21:39,126 [ERROR] SensorCam: Failed to read frame from camera '/dev/video0'
2026-05-14 13:21:39,137 [ERROR] SensorCam: Failed to read frame from camera '/dev/video0'
2026-05-14 13:21:39,149 [ERROR] SensorCam: Failed to read frame from camera '/dev/video0'
2026-05-14 13:21:39,159 [ERROR] SensorCam: Failed to read frame from camera '/dev/video0'
2026-05-14 13:21:39,170 [ERROR] SensorCam: Failed to read frame from camera '/dev/video0'
2026-05-14 13:21:39,181 [ERROR] SensorCam: Failed to read frame from camera '/dev/video0'
2026-05-14 13:21:39,192 [ERROR] SensorCam: Failed to read frame from camera '/dev/video0'
2026-05-14 13:21:39,203 [ERROR] SensorCam: Failed to read frame from camera '/dev/video0'
2026-05-14 13:21:39,214 [ERROR] SensorCam: Failed to read frame from camera '/dev/video0'
2026-05-14 13:21:39,225 [ERROR] SensorCam: Failed to read frame from camera '/dev/video0'
2026-05-14 13:21:39,235 [ERROR] SensorCam: Failed to read frame from camera '/dev/video0'
2026-05-14 13:21:39,246 [ERROR] SensorCam: Failed to read frame from camera '/dev/video0'
2026-05-14 13:21:39,257 [ERROR] SensorCam: Failed to read frame from camera '/dev/video0'
2026-05-14 13:21:39,268 [ERROR] SensorCam: Failed to read frame from camera '/dev/video0'
2026-05-14 13:21:39,279 [ERROR] SensorCam: Failed to read frame from camera '/dev/video0'
2026-05-14 13:21:39,290 [ERROR] SensorCam: Failed to read frame from camera '/dev/video0'
2026-05-14 13:21:39,300 [ERROR] SensorCam: Failed to read frame from camera '/dev/video0'
2026-05-14 13:21:39,311 [ERROR] SensorCam: Failed to read frame from camera '/dev/video0'
2026-05-14 13:21:39,322 [ERROR] SensorCam: Failed to read frame from camera '/dev/video0'
2026-05-14 13:21:39,333 [ERROR] SensorCam: Failed to read frame from camera '/dev/video0'
2026-05-14 13:21:39,344 [ERROR] SensorCam: Failed to read frame from camera '/dev/video0'
2026-05-14 13:21:39,354 [ERROR] SensorCam: Failed to read frame from camera '/dev/video0'
2026-05-14 13:21:39,366 [ERROR] SensorCam: Failed to read frame from camera '/dev/video0'
2026-05-14 13:21:39,376 [ERROR] SensorCam: Failed to read frame from camera '/dev/video0'
2026-05-14 13:21:39,387 [ERROR] SensorCam: Failed to read frame from camera '/dev/video0'
2026-05-14 13:21:39,398 [ERROR] SensorCam: Failed to read frame from camera '/dev/video0'
2026-05-14 13:21:39,408 [ERROR] SensorCam: Failed to read frame from camera '/dev/video0'
2026-05-14 13:21:39,420 [ERROR] SensorCam: Failed to read frame from camera '/dev/video0'
2026-05-14 13:21:39,430 [ERROR] SensorCam: Failed to read frame from camera '/dev/video0'
2026-05-14 13:21:39,441 [ERROR] SensorCam: Failed to read frame from camera '/dev/video0'
2026-05-14 13:21:39,452 [ERROR] SensorCam: Failed to read frame from camera '/dev/video0'
2026-05-14 13:21:39,463 [ERROR] SensorCam: Failed to read frame from camera '/dev/video0'
2026-05-14 13:21:39,474 [ERROR] SensorCam: Failed to read frame from camera '/dev/video0'
2026-05-14 13:21:39,485 [ERROR] SensorCam: Failed to read frame from camera '/dev/video0'
2026-05-14 13:21:39,497 [ERROR] SensorCam: Failed to read frame from camera '/dev/video0'
2026-05-14 13:21:39,507 [ERROR] SensorCam: Failed to read frame from camera '/dev/video0'
2026-05-14 13:21:39,518 [ERROR] SensorCam: Failed to read frame from camera '/dev/video0'
2026-05-14 13:21:39,529 [ERROR] SensorCam: Failed to read frame from camera '/dev/video0'
2026-05-14 13:21:39,540 [ERROR] SensorCam: Failed to read frame from camera '/dev/video0'
2026-05-14 13:21:39,550 [ERROR] SensorCam: Failed to read frame from camera '/dev/video0'
2026-05-14 13:21:39,561 [ERROR] SensorCam: Failed to read frame from camera '/dev/video0'
2026-05-14 13:21:39,572 [ERROR] SensorCam: Failed to read frame from camera '/dev/video0'
2026-05-14 13:21:39,583 [ERROR] SensorCam: Failed to read frame from camera '/dev/video0'
2026-05-14 13:21:39,593 [ERROR] SensorCam: Failed to read frame from camera '/dev/video0'
2026-05-14 13:21:39,604 [ERROR] SensorCam: Failed to read frame from camera '/dev/video0'
2026-05-14 13:21:39,615 [ERROR] SensorCam: Failed to read frame from camera '/dev/video0'
2026-05-14 13:21:39,626 [ERROR] SensorCam: Failed to read frame from camera '/dev/video0'
2026-05-14 13:21:39,637 [ERROR] SensorCam: Failed to read frame from camera '/dev/video0'
2026-05-14 13:21:39,648 [ERROR] SensorCam: Failed to read frame from camera '/dev/video0'
2026-05-14 13:21:39,658 [ERROR] SensorCam: Failed to read frame from camera '/dev/video0'
2026-05-14 13:21:39,669 [ERROR] SensorCam: Failed to read frame from camera '/dev/video0'
2026-05-14 13:21:39,680 [ERROR] SensorCam: Failed to read frame from camera '/dev/video0'
2026-05-14 13:21:39,691 [ERROR] SensorCam: Failed to read frame from camera '/dev/video0'
2026-05-14 13:21:39,702 [ERROR] SensorCam: Failed to read frame from camera '/dev/video0'
2026-05-14 13:21:39,713 [ERROR] SensorCam: Failed to read frame from camera '/dev/video0'
2026-05-14 13:21:39,724 [ERROR] SensorCam: Failed to read frame from camera '/dev/video0'
2026-05-14 13:21:39,735 [ERROR] SensorCam: Failed to read frame from camera '/dev/video0'
2026-05-14 13:21:39,746 [ERROR] SensorCam: Failed to read frame from camera '/dev/video0'
2026-05-14 13:21:39,757 [ERROR] SensorCam: Failed to read frame from camera '/dev/video0'
2026-05-14 13:21:39,768 [ERROR] SensorCam: Failed to read frame from camera '/dev/video0'
2026-05-14 13:21:39,779 [ERROR] SensorCam: Failed to read frame from camera '/dev/video0'
2026-05-14 13:21:39,790 [ERROR] SensorCam: Failed to read frame from camera '/dev/video0'
2026-05-14 13:21:39,801 [ERROR] SensorCam: Failed to read frame from camera '/dev/video0'
2026-05-14 13:21:39,812 [ERROR] SensorCam: Failed to read frame from camera '/dev/video0'
2026-05-14 13:21:39,823 [ERROR] SensorCam: Failed to read frame from camera '/dev/video0'
2026-05-14 13:21:39,833 [ERROR] SensorCam: Failed to read frame from camera '/dev/video0'
2026-05-14 13:21:39,844 [ERROR] SensorCam: Failed to read frame from camera '/dev/video0'
2026-05-14 13:21:39,855 [ERROR] SensorCam: Failed to read frame from camera '/dev/video0'
2026-05-14 13:21:39,866 [ERROR] SensorCam: Failed to read frame from camera '/dev/video0'
2026-05-14 13:21:39,877 [ERROR] SensorCam: Failed to read frame from camera '/dev/video0'
2026-05-14 13:21:39,888 [ERROR] SensorCam: Failed to read frame from camera '/dev/video0'
2026-05-14 13:21:39,899 [ERROR] SensorCam: Failed to read frame from camera '/dev/video0'
2026-05-14 13:21:39,910 [ERROR] SensorCam: Failed to read frame from camera '/dev/video0'
2026-05-14 13:21:39,920 [ERROR] SensorCam: Failed to read frame from camera '/dev/video0'
2026-05-14 13:21:39,931 [ERROR] SensorCam: Failed to read frame from camera '/dev/video0'
2026-05-14 13:21:39,942 [ERROR] SensorCam: Failed to read frame from camera '/dev/video0'
2026-05-14 13:21:39,953 [ERROR] SensorCam: Failed to read frame from camera '/dev/video0'
2026-05-14 13:21:39,964 [ERROR] SensorCam: Failed to read frame from camera '/dev/video0'
2026-05-14 13:21:39,975 [ERROR] SensorCam: Failed to read frame from camera '/dev/video0'
2026-05-14 13:21:39,986 [ERROR] SensorCam: Failed to read frame from camera '/dev/video0'
2026-05-14 13:21:39,997 [ERROR] SensorCam: Failed to read frame from camera '/dev/video0'
2026-05-14 13:21:40,008 [ERROR] SensorCam: Failed to read frame from camera '/dev/video0'
2026-05-14 13:21:40,019 [ERROR] SensorCam: Failed to read frame from camera '/dev/video0'
2026-05-14 13:21:40,030 [ERROR] SensorCam: Failed to read frame from camera '/dev/video0'
2026-05-14 13:21:40,041 [ERROR] SensorCam: Failed to read frame from camera '/dev/video0'
2026-05-14 13:21:40,052 [ERROR] SensorCam: Failed to read frame from camera '/dev/video0'
2026-05-14 13:21:40,063 [ERROR] SensorCam: Failed to read frame from camera '/dev/video0'
2026-05-14 13:21:40,073 [ERROR] SensorCam: Failed to read frame from camera '/dev/video0'
2026-05-14 13:21:40,084 [ERROR] SensorCam: Failed to read frame from camera '/dev/video0'
2026-05-14 13:21:40,095 [ERROR] SensorCam: Failed to read frame from camera '/dev/video0'
2026-05-14 13:21:40,106 [ERROR] SensorCam: Failed to read frame from camera '/dev/video0'
2026-05-14 13:21:40,117 [ERROR] SensorCam: Failed to read frame from camera '/dev/video0'
2026-05-14 13:21:40,128 [ERROR] SensorCam: Failed to read frame from camera '/dev/video0'
2026-05-14 13:21:40,139 [ERROR] SensorCam: Failed to read frame from camera '/dev/video0'
2026-05-14 13:21:40,149 [ERROR] SensorCam: Failed to read frame from camera '/dev/video0'
2026-05-14 13:21:40,160 [ERROR] SensorCam: Failed to read frame from camera '/dev/video0'
2026-05-14 13:21:40,171 [ERROR] SensorCam: Failed to read frame from camera '/dev/video0'
2026-05-14 13:21:40,183 [ERROR] SensorCam: Failed to read frame from camera '/dev/video0'
2026-05-14 13:21:40,194 [ERROR] SensorCam: Failed to read frame from camera '/dev/video0'
2026-05-14 13:21:40,205 [ERROR] SensorCam: Failed to read frame from camera '/dev/video0'
2026-05-14 13:21:40,216 [ERROR] SensorCam: Failed to read frame from camera '/dev/video0'
2026-05-14 13:21:40,227 [ERROR] SensorCam: Failed to read frame from camera '/dev/video0'
2026-05-14 13:21:40,238 [ERROR] SensorCam: Failed to read frame from camera '/dev/video0'
2026-05-14 13:21:40,249 [ERROR] SensorCam: Failed to read frame from camera '/dev/video0'
2026-05-14 13:21:40,260 [ERROR] SensorCam: Failed to read frame from camera '/dev/video0'
2026-05-14 13:21:40,271 [ERROR] SensorCam: Failed to read frame from camera '/dev/video0'
2026-05-14 13:21:40,283 [ERROR] SensorCam: Failed to read frame from camera '/dev/video0'
2026-05-14 13:21:40,293 [ERROR] SensorCam: Failed to read frame from camera '/dev/video0'
2026-05-14 13:21:40,304 [ERROR] SensorCam: Failed to read frame from camera '/dev/video0'
2026-05-14 13:21:40,315 [ERROR] SensorCam: Failed to read frame from camera '/dev/video0'
2026-05-14 13:21:40,326 [ERROR] SensorCam: Failed to read frame from camera '/dev/video0'
2026-05-14 13:21:40,337 [ERROR] SensorCam: Failed to read frame from camera '/dev/video0'
2026-05-14 13:21:40,348 [ERROR] SensorCam: Failed to read frame from camera '/dev/video0'
2026-05-14 13:21:40,359 [ERROR] SensorCam: Failed to read frame from camera '/dev/video0'
2026-05-14 13:21:40,370 [ERROR] SensorCam: Failed to read frame from camera '/dev/video0'
2026-05-14 13:21:40,381 [ERROR] SensorCam: Failed to read frame from camera '/dev/video0'
2026-05-14 13:21:40,393 [ERROR] SensorCam: Failed to read frame from camera '/dev/video0'
2026-05-14 13:21:40,404 [ERROR] SensorCam: Failed to read frame from camera '/dev/video0'
2026-05-14 13:21:40,421 [ERROR] SensorCam: Failed to read frame from camera '/dev/video0'
2026-05-14 13:21:40,432 [ERROR] SensorCam: Failed to read frame from camera '/dev/video0'
2026-05-14 13:21:40,444 [ERROR] SensorCam: Failed to read frame from camera '/dev/video0'
2026-05-14 13:21:40,454 [ERROR] SensorCam: Failed to read frame from camera '/dev/video0'
2026-05-14 13:21:40,466 [ERROR] SensorCam: Failed to read frame from camera '/dev/video0'
2026-05-14 13:21:40,477 [ERROR] SensorCam: Failed to read frame from camera '/dev/video0'
2026-05-14 13:21:40,488 [ERROR] SensorCam: Failed to read frame from camera '/dev/video0'
2026-05-14 13:21:40,498 [ERROR] SensorCam: Failed to read frame from camera '/dev/video0'
2026-05-14 13:21:40,509 [ERROR] SensorCam: Failed to read frame from camera '/dev/video0'
2026-05-14 13:21:40,520 [ERROR] SensorCam: Failed to read frame from camera '/dev/video0'
2026-05-14 13:21:40,531 [ERROR] SensorCam: Failed to read frame from camera '/dev/video0'
2026-05-14 13:21:40,542 [ERROR] SensorCam: Failed to read frame from camera '/dev/video0'
2026-05-14 13:21:40,553 [ERROR] SensorCam: Failed to read frame from camera '/dev/video0'
2026-05-14 13:21:40,564 [ERROR] SensorCam: Failed to read frame from camera '/dev/video0'
2026-05-14 13:21:40,574 [ERROR] SensorCam: Failed to read frame from camera '/dev/video0'
2026-05-14 13:21:40,585 [ERROR] SensorCam: Failed to read frame from camera '/dev/video0'
2026-05-14 13:21:40,596 [ERROR] SensorCam: Failed to read frame from camera '/dev/video0'
2026-05-14 13:21:40,607 [ERROR] SensorCam: Failed to read frame from camera '/dev/video0'
2026-05-14 13:21:40,618 [ERROR] SensorCam: Failed to read frame from camera '/dev/video0'
2026-05-14 13:21:40,629 [ERROR] SensorCam: Failed to read frame from camera '/dev/video0'
2026-05-14 13:21:40,640 [ERROR] SensorCam: Failed to read frame from camera '/dev/video0'
2026-05-14 13:21:40,651 [ERROR] SensorCam: Failed to read frame from camera '/dev/video0'
2026-05-14 13:21:40,662 [ERROR] SensorCam: Failed to read frame from camera '/dev/video0'
2026-05-14 13:21:40,673 [ERROR] SensorCam: Failed to read frame from camera '/dev/video0'
2026-05-14 13:21:40,684 [ERROR] SensorCam: Failed to read frame from camera '/dev/video0'
2026-05-14 13:21:40,695 [ERROR] SensorCam: Failed to read frame from camera '/dev/video0'
2026-05-14 13:21:40,706 [ERROR] SensorCam: Failed to read frame from camera '/dev/video0'
2026-05-14 13:21:40,717 [ERROR] SensorCam: Failed to read frame from camera '/dev/video0'
2026-05-14 13:21:40,728 [ERROR] SensorCam: Failed to read frame from camera '/dev/video0'
2026-05-14 13:21:40,738 [ERROR] SensorCam: Failed to read frame from camera '/dev/video0'
2026-05-14 13:21:40,749 [ERROR] SensorCam: Failed to read frame from camera '/dev/video0'
2026-05-14 13:21:40,760 [ERROR] SensorCam: Failed to read frame from camera '/dev/video0'
2026-05-14 13:21:40,771 [ERROR] SensorCam: Failed to read frame from camera '/dev/video0'
2026-05-14 13:21:40,782 [ERROR] SensorCam: Failed to read frame from camera '/dev/video0'
2026-05-14 13:21:40,793 [ERROR] SensorCam: Failed to read frame from camera '/dev/video0'
2026-05-14 13:21:40,804 [ERROR] SensorCam: Failed to read frame from camera '/dev/video0'
2026-05-14 13:21:40,815 [ERROR] SensorCam: Failed to read frame from camera '/dev/video0'
2026-05-14 13:21:40,826 [ERROR] SensorCam: Failed to read frame from camera '/dev/video0'
2026-05-14 13:21:40,837 [ERROR] SensorCam: Failed to read frame from camera '/dev/video0'
2026-05-14 13:21:40,848 [ERROR] SensorCam: Failed to read frame from camera '/dev/video0'
2026-05-14 13:21:40,859 [ERROR] SensorCam: Failed to read frame from camera '/dev/video0'
2026-05-14 13:21:40,870 [ERROR] SensorCam: Failed to read frame from camera '/dev/video0'
2026-05-14 13:21:40,881 [ERROR] SensorCam: Failed to read frame from camera '/dev/video0'
2026-05-14 13:21:40,892 [ERROR] SensorCam: Failed to read frame from camera '/dev/video0'
2026-05-14 13:21:40,903 [ERROR] SensorCam: Failed to read frame from camera '/dev/video0'
2026-05-14 13:21:40,914 [ERROR] SensorCam: Failed to read frame from camera '/dev/video0'
2026-05-14 13:21:40,925 [ERROR] SensorCam: Failed to read frame from camera '/dev/video0'
2026-05-14 13:21:40,936 [ERROR] SensorCam: Failed to read frame from camera '/dev/video0'
2026-05-14 13:21:40,947 [ERROR] SensorCam: Failed to read frame from camera '/dev/video0'
2026-05-14 13:21:40,958 [ERROR] SensorCam: Failed to read frame from camera '/dev/video0'
2026-05-14 13:21:40,969 [ERROR] SensorCam: Failed to read frame from camera '/dev/video0'
2026-05-14 13:21:40,980 [ERROR] SensorCam: Failed to read frame from camera '/dev/video0'
2026-05-14 13:21:40,991 [ERROR] SensorCam: Failed to read frame from camera '/dev/video0'
2026-05-14 13:21:41,002 [ERROR] SensorCam: Failed to read frame from camera '/dev/video0'
2026-05-14 13:21:41,013 [ERROR] SensorCam: Failed to read frame from camera '/dev/video0'
2026-05-14 13:21:41,024 [ERROR] SensorCam: Failed to read frame from camera '/dev/video0'
2026-05-14 13:21:41,035 [ERROR] SensorCam: Failed to read frame from camera '/dev/video0'
2026-05-14 13:21:41,046 [ERROR] SensorCam: Failed to read frame from camera '/dev/video0'
2026-05-14 13:21:41,093 [ERROR] SensorCam: Failed to read frame from camera '/dev/video0'
2026-05-14 13:21:41,104 [ERROR] SensorCam: Failed to read frame from camera '/dev/video0'
2026-05-14 13:21:41,115 [ERROR] SensorCam: Failed to read frame from camera '/dev/video0'
2026-05-14 13:21:41,126 [ERROR] SensorCam: Failed to read frame from camera '/dev/video0'
2026-05-14 13:21:41,137 [ERROR] SensorCam: Failed to read frame from camera '/dev/video0'
2026-05-14 13:21:41,148 [ERROR] SensorCam: Failed to read frame from camera '/dev/video0'
2026-05-14 13:21:41,159 [ERROR] SensorCam: Failed to read frame from camera '/dev/video0'
2026-05-14 13:21:41,169 [ERROR] SensorCam: Failed to read frame from camera '/dev/video0'
2026-05-14 13:21:41,180 [ERROR] SensorCam: Failed to read frame from camera '/dev/video0'
2026-05-14 13:21:41,191 [ERROR] SensorCam: Failed to read frame from camera '/dev/video0'
2026-05-14 13:21:41,202 [ERROR] SensorCam: Failed to read frame from camera '/dev/video0'
2026-05-14 13:21:41,213 [ERROR] SensorCam: Failed to read frame from camera '/dev/video0'
2026-05-14 13:21:41,224 [ERROR] SensorCam: Failed to read frame from camera '/dev/video0'
2026-05-14 13:21:41,235 [ERROR] SensorCam: Failed to read frame from camera '/dev/video0'
2026-05-14 13:21:41,246 [ERROR] SensorCam: Failed to read frame from camera '/dev/video0'
2026-05-14 13:21:41,257 [ERROR] SensorCam: Failed to read frame from camera '/dev/video0'
2026-05-14 13:21:41,268 [ERROR] SensorCam: Failed to read frame from camera '/dev/video0'
2026-05-14 13:21:41,279 [ERROR] SensorCam: Failed to read frame from camera '/dev/video0'
2026-05-14 13:21:41,290 [ERROR] SensorCam: Failed to read frame from camera '/dev/video0'
2026-05-14 13:21:41,301 [ERROR] SensorCam: Failed to read frame from camera '/dev/video0'
2026-05-14 13:21:41,313 [ERROR] SensorCam: Failed to read frame from camera '/dev/video0'
2026-05-14 13:21:41,324 [ERROR] SensorCam: Failed to read frame from camera '/dev/video0'
2026-05-14 13:21:41,335 [ERROR] SensorCam: Failed to read frame from camera '/dev/video0'
2026-05-14 13:21:41,346 [ERROR] SensorCam: Failed to read frame from camera '/dev/video0'
2026-05-14 13:21:41,357 [ERROR] SensorCam: Failed to read frame from camera '/dev/video0'
2026-05-14 13:21:41,369 [ERROR] SensorCam: Failed to read frame from camera '/dev/video0'
2026-05-14 13:21:41,379 [ERROR] SensorCam: Failed to read frame from camera '/dev/video0'
2026-05-14 13:21:41,390 [ERROR] SensorCam: Failed to read frame from camera '/dev/video0'
2026-05-14 13:21:41,401 [ERROR] SensorCam: Failed to read frame from camera '/dev/video0'
2026-05-14 13:21:41,412 [ERROR] SensorCam: Failed to read frame from camera '/dev/video0'
2026-05-14 13:21:41,423 [ERROR] SensorCam: Failed to read frame from camera '/dev/video0'
2026-05-14 13:21:41,434 [ERROR] SensorCam: Failed to read frame from camera '/dev/video0'
2026-05-14 13:21:41,445 [ERROR] SensorCam: Failed to read frame from camera '/dev/video0'
2026-05-14 13:21:41,456 [ERROR] SensorCam: Failed to read frame from camera '/dev/video0'
2026-05-14 13:21:41,468 [ERROR] SensorCam: Failed to read frame from camera '/dev/video0'
2026-05-14 13:21:41,479 [ERROR] SensorCam: Failed to read frame from camera '/dev/video0'
2026-05-14 13:21:41,490 [ERROR] SensorCam: Failed to read frame from camera '/dev/video0'
2026-05-14 13:21:41,501 [ERROR] SensorCam: Failed to read frame from camera '/dev/video0'
2026-05-14 13:21:41,512 [ERROR] SensorCam: Failed to read frame from camera '/dev/video0'
2026-05-14 13:21:41,523 [ERROR] SensorCam: Failed to read frame from camera '/dev/video0'
2026-05-14 13:21:41,534 [ERROR] SensorCam: Failed to read frame from camera '/dev/video0'
2026-05-14 13:21:41,545 [ERROR] SensorCam: Failed to read frame from camera '/dev/video0'
2026-05-14 13:21:41,556 [ERROR] SensorCam: Failed to read frame from camera '/dev/video0'
2026-05-14 13:21:41,566 [ERROR] SensorCam: Failed to read frame from camera '/dev/video0'
2026-05-14 13:21:41,577 [ERROR] SensorCam: Failed to read frame from camera '/dev/video0'
2026-05-14 13:21:41,588 [ERROR] SensorCam: Failed to read frame from camera '/dev/video0'
2026-05-14 13:21:41,598 [ERROR] SensorCam: Failed to read frame from camera '/dev/video0'
2026-05-14 13:21:41,609 [ERROR] SensorCam: Failed to read frame from camera '/dev/video0'
2026-05-14 13:21:41,620 [ERROR] SensorCam: Failed to read frame from camera '/dev/video0'
2026-05-14 13:21:41,631 [ERROR] SensorCam: Failed to read frame from camera '/dev/video0'
2026-05-14 13:21:41,642 [ERROR] SensorCam: Failed to read frame from camera '/dev/video0'
2026-05-14 13:21:41,653 [ERROR] SensorCam: Failed to read frame from camera '/dev/video0'
2026-05-14 13:21:41,664 [ERROR] SensorCam: Failed to read frame from camera '/dev/video0'
2026-05-14 13:21:41,675 [ERROR] SensorCam: Failed to read frame from camera '/dev/video0'
2026-05-14 13:21:41,686 [ERROR] SensorCam: Failed to read frame from camera '/dev/video0'
2026-05-14 13:21:41,696 [ERROR] SensorCam: Failed to read frame from camera '/dev/video0'
2026-05-14 13:21:41,707 [ERROR] SensorCam: Failed to read frame from camera '/dev/video0'
2026-05-14 13:21:41,718 [ERROR] SensorCam: Failed to read frame from camera '/dev/video0'
2026-05-14 13:21:41,729 [ERROR] SensorCam: Failed to read frame from camera '/dev/video0'
2026-05-14 13:21:41,740 [ERROR] SensorCam: Failed to read frame from camera '/dev/video0'
2026-05-14 13:21:41,751 [ERROR] SensorCam: Failed to read frame from camera '/dev/video0'
2026-05-14 13:21:41,762 [ERROR] SensorCam: Failed to read frame from camera '/dev/video0'
2026-05-14 13:21:41,773 [ERROR] SensorCam: Failed to read frame from camera '/dev/video0'
2026-05-14 13:21:41,790 [ERROR] SensorCam: Failed to read frame from camera '/dev/video0'
2026-05-14 13:21:41,801 [ERROR] SensorCam: Failed to read frame from camera '/dev/video0'
2026-05-14 13:21:41,812 [ERROR] SensorCam: Failed to read frame from camera '/dev/video0'
2026-05-14 13:21:41,823 [ERROR] SensorCam: Failed to read frame from camera '/dev/video0'
2026-05-14 13:21:41,834 [ERROR] SensorCam: Failed to read frame from camera '/dev/video0'
2026-05-14 13:21:41,845 [ERROR] SensorCam: Failed to read frame from camera '/dev/video0'
2026-05-14 13:21:41,856 [ERROR] SensorCam: Failed to read frame from camera '/dev/video0'
2026-05-14 13:21:41,866 [ERROR] SensorCam: Failed to read frame from camera '/dev/video0'
2026-05-14 13:21:41,877 [ERROR] SensorCam: Failed to read frame from camera '/dev/video0'
2026-05-14 13:21:41,888 [ERROR] SensorCam: Failed to read frame from camera '/dev/video0'
2026-05-14 13:21:41,899 [ERROR] SensorCam: Failed to read frame from camera '/dev/video0'
2026-05-14 13:21:41,910 [ERROR] SensorCam: Failed to read frame from camera '/dev/video0'
2026-05-14 13:21:41,921 [ERROR] SensorCam: Failed to read frame from camera '/dev/video0'
2026-05-14 13:21:41,932 [ERROR] SensorCam: Failed to read frame from camera '/dev/video0'
2026-05-14 13:21:41,943 [ERROR] SensorCam: Failed to read frame from camera '/dev/video0'
2026-05-14 13:21:41,953 [ERROR] SensorCam: Failed to read frame from camera '/dev/video0'
2026-05-14 13:21:41,964 [ERROR] SensorCam: Failed to read frame from camera '/dev/video0'
2026-05-14 13:21:41,974 [ERROR] SensorCam: Failed to read frame from camera '/dev/video0'
2026-05-14 13:21:41,985 [ERROR] SensorCam: Failed to read frame from camera '/dev/video0'
2026-05-14 13:21:41,996 [ERROR] SensorCam: Failed to read frame from camera '/dev/video0'
2026-05-14 13:21:42,007 [ERROR] SensorCam: Failed to read frame from camera '/dev/video0'
2026-05-14 13:21:42,018 [ERROR] SensorCam: Failed to read frame from camera '/dev/video0'
2026-05-14 13:21:42,029 [ERROR] SensorCam: Failed to read frame from camera '/dev/video0'
2026-05-14 13:21:42,040 [ERROR] SensorCam: Failed to read frame from camera '/dev/video0'
2026-05-14 13:21:42,051 [ERROR] SensorCam: Failed to read frame from camera '/dev/video0'
2026-05-14 13:21:42,061 [ERROR] SensorCam: Failed to read frame from camera '/dev/video0'
2026-05-14 13:21:42,073 [ERROR] SensorCam: Failed to read frame from camera '/dev/video0'
2026-05-14 13:21:42,084 [ERROR] SensorCam: Failed to read frame from camera '/dev/video0'
2026-05-14 13:21:42,095 [ERROR] SensorCam: Failed to read frame from camera '/dev/video0'
2026-05-14 13:21:42,106 [ERROR] SensorCam: Failed to read frame from camera '/dev/video0'
2026-05-14 13:21:42,118 [ERROR] SensorCam: Failed to read frame from camera '/dev/video0'
2026-05-14 13:21:42,129 [ERROR] SensorCam: Failed to read frame from camera '/dev/video0'
2026-05-14 13:21:42,141 [ERROR] SensorCam: Failed to read frame from camera '/dev/video0'
2026-05-14 13:21:42,151 [ERROR] SensorCam: Failed to read frame from camera '/dev/video0'
2026-05-14 13:21:42,162 [ERROR] SensorCam: Failed to read frame from camera '/dev/video0'
2026-05-14 13:21:42,173 [ERROR] SensorCam: Failed to read frame from camera '/dev/video0'
2026-05-14 13:21:42,184 [ERROR] SensorCam: Failed to read frame from camera '/dev/video0'
2026-05-14 13:21:42,195 [ERROR] SensorCam: Failed to read frame from camera '/dev/video0'
2026-05-14 13:21:42,206 [ERROR] SensorCam: Failed to read frame from camera '/dev/video0'
2026-05-14 13:21:42,217 [ERROR] SensorCam: Failed to read frame from camera '/dev/video0'
2026-05-14 13:21:42,228 [ERROR] SensorCam: Failed to read frame from camera '/dev/video0'
2026-05-14 13:21:42,239 [ERROR] SensorCam: Failed to read frame from camera '/dev/video0'
2026-05-14 13:21:42,250 [ERROR] SensorCam: Failed to read frame from camera '/dev/video0'
2026-05-14 13:21:42,260 [ERROR] SensorCam: Failed to read frame from camera '/dev/video0'
2026-05-14 13:21:42,271 [ERROR] SensorCam: Failed to read frame from camera '/dev/video0'
2026-05-14 13:21:42,282 [ERROR] SensorCam: Failed to read frame from camera '/dev/video0'
2026-05-14 13:21:42,294 [ERROR] SensorCam: Failed to read frame from camera '/dev/video0'
2026-05-14 13:21:42,305 [ERROR] SensorCam: Failed to read frame from camera '/dev/video0'
2026-05-14 13:21:42,316 [ERROR] SensorCam: Failed to read frame from camera '/dev/video0'
2026-05-14 13:21:42,327 [ERROR] SensorCam: Failed to read frame from camera '/dev/video0'
2026-05-14 13:21:42,338 [ERROR] SensorCam: Failed to read frame from camera '/dev/video0'
2026-05-14 13:21:42,349 [ERROR] SensorCam: Failed to read frame from camera '/dev/video0'
2026-05-14 13:21:42,360 [ERROR] SensorCam: Failed to read frame from camera '/dev/video0'
2026-05-14 13:21:42,370 [ERROR] SensorCam: Failed to read frame from camera '/dev/video0'
2026-05-14 13:21:42,381 [ERROR] SensorCam: Failed to read frame from camera '/dev/video0'
2026-05-14 13:21:42,392 [ERROR] SensorCam: Failed to read frame from camera '/dev/video0'
2026-05-14 13:21:42,403 [ERROR] SensorCam: Failed to read frame from camera '/dev/video0'
2026-05-14 13:21:42,413 [ERROR] SensorCam: Failed to read frame from camera '/dev/video0'
2026-05-14 13:21:42,424 [ERROR] SensorCam: Failed to read frame from camera '/dev/video0'
2026-05-14 13:21:42,435 [ERROR] SensorCam: Failed to read frame from camera '/dev/video0'
2026-05-14 13:21:42,446 [ERROR] SensorCam: Failed to read frame from camera '/dev/video0'
2026-05-14 13:21:42,456 [ERROR] SensorCam: Failed to read frame from camera '/dev/video0'
2026-05-14 13:21:42,467 [ERROR] SensorCam: Failed to read frame from camera '/dev/video0'
2026-05-14 13:21:42,478 [ERROR] SensorCam: Failed to read frame from camera '/dev/video0'
2026-05-14 13:21:42,489 [ERROR] SensorCam: Failed to read frame from camera '/dev/video0'
2026-05-14 13:21:42,500 [ERROR] SensorCam: Failed to read frame from camera '/dev/video0'
2026-05-14 13:21:42,511 [ERROR] SensorCam: Failed to read frame from camera '/dev/video0'
2026-05-14 13:21:42,521 [ERROR] SensorCam: Failed to read frame from camera '/dev/video0'
2026-05-14 13:21:42,532 [ERROR] SensorCam: Failed to read frame from camera '/dev/video0'
2026-05-14 13:21:42,544 [ERROR] SensorCam: Failed to read frame from camera '/dev/video0'
2026-05-14 13:21:42,554 [ERROR] SensorCam: Failed to read frame from camera '/dev/video0'
2026-05-14 13:21:42,566 [ERROR] SensorCam: Failed to read frame from camera '/dev/video0'
2026-05-14 13:21:42,577 [ERROR] SensorCam: Failed to read frame from camera '/dev/video0'
2026-05-14 13:21:42,588 [ERROR] SensorCam: Failed to read frame from camera '/dev/video0'
2026-05-14 13:21:42,599 [ERROR] SensorCam: Failed to read frame from camera '/dev/video0'
2026-05-14 13:21:42,610 [ERROR] SensorCam: Failed to read frame from camera '/dev/video0'
2026-05-14 13:21:42,620 [ERROR] SensorCam: Failed to read frame from camera '/dev/video0'
2026-05-14 13:21:42,631 [ERROR] SensorCam: Failed to read frame from camera '/dev/video0'
2026-05-14 13:21:42,642 [ERROR] SensorCam: Failed to read frame from camera '/dev/video0'
2026-05-14 13:21:42,653 [ERROR] SensorCam: Failed to read frame from camera '/dev/video0'
2026-05-14 13:21:42,664 [ERROR] SensorCam: Failed to read frame from camera '/dev/video0'
2026-05-14 13:21:42,675 [ERROR] SensorCam: Failed to read frame from camera '/dev/video0'
2026-05-14 13:21:42,686 [ERROR] SensorCam: Failed to read frame from camera '/dev/video0'
2026-05-14 13:21:42,697 [ERROR] SensorCam: Failed to read frame from camera '/dev/video0'
2026-05-14 13:21:42,708 [ERROR] SensorCam: Failed to read frame from camera '/dev/video0'
2026-05-14 13:21:42,719 [ERROR] SensorCam: Failed to read frame from camera '/dev/video0'
2026-05-14 13:21:42,729 [ERROR] SensorCam: Failed to read frame from camera '/dev/video0'
2026-05-14 13:21:42,740 [ERROR] SensorCam: Failed to read frame from camera '/dev/video0'
2026-05-14 13:21:42,752 [ERROR] SensorCam: Failed to read frame from camera '/dev/video0'
2026-05-14 13:21:42,762 [ERROR] SensorCam: Failed to read frame from camera '/dev/video0'
2026-05-14 13:21:42,773 [ERROR] SensorCam: Failed to read frame from camera '/dev/video0'
2026-05-14 13:21:42,784 [ERROR] SensorCam: Failed to read frame from camera '/dev/video0'
2026-05-14 13:21:42,795 [ERROR] SensorCam: Failed to read frame from camera '/dev/video0'
2026-05-14 13:21:42,806 [ERROR] SensorCam: Failed to read frame from camera '/dev/video0'
2026-05-14 13:21:42,817 [ERROR] SensorCam: Failed to read frame from camera '/dev/video0'
2026-05-14 13:21:42,828 [ERROR] SensorCam: Failed to read frame from camera '/dev/video0'
2026-05-14 13:21:42,839 [ERROR] SensorCam: Failed to read frame from camera '/dev/video0'
2026-05-14 13:21:42,850 [ERROR] SensorCam: Failed to read frame from camera '/dev/video0'
2026-05-14 13:21:42,861 [ERROR] SensorCam: Failed to read frame from camera '/dev/video0'
2026-05-14 13:21:42,871 [ERROR] SensorCam: Failed to read frame from camera '/dev/video0'
2026-05-14 13:21:42,882 [ERROR] SensorCam: Failed to read frame from camera '/dev/video0'
2026-05-14 13:21:42,893 [ERROR] SensorCam: Failed to read frame from camera '/dev/video0'
2026-05-14 13:21:42,903 [ERROR] SensorCam: Failed to read frame from camera '/dev/video0'
2026-05-14 13:21:42,914 [ERROR] SensorCam: Failed to read frame from camera '/dev/video0'
2026-05-14 13:21:42,925 [ERROR] SensorCam: Failed to read frame from camera '/dev/video0'
2026-05-14 13:21:42,937 [ERROR] SensorCam: Failed to read frame from camera '/dev/video0'
2026-05-14 13:21:42,982 [ERROR] SensorCam: Failed to read frame from camera '/dev/video0'
2026-05-14 13:21:43,000 [ERROR] SensorCam: Failed to read frame from camera '/dev/video0'
2026-05-14 13:21:43,012 [ERROR] SensorCam: Failed to read frame from camera '/dev/video0'
2026-05-14 13:21:43,023 [ERROR] SensorCam: Failed to read frame from camera '/dev/video0'
2026-05-14 13:21:43,034 [ERROR] SensorCam: Failed to read frame from camera '/dev/video0'
2026-05-14 13:21:43,045 [ERROR] SensorCam: Failed to read frame from camera '/dev/video0'
2026-05-14 13:21:43,056 [ERROR] SensorCam: Failed to read frame from camera '/dev/video0'
2026-05-14 13:21:43,067 [ERROR] SensorCam: Failed to read frame from camera '/dev/video0'
2026-05-14 13:21:43,078 [ERROR] SensorCam: Failed to read frame from camera '/dev/video0'
2026-05-14 13:21:43,089 [ERROR] SensorCam: Failed to read frame from camera '/dev/video0'
2026-05-14 13:21:43,100 [ERROR] SensorCam: Failed to read frame from camera '/dev/video0'
2026-05-14 13:21:43,111 [ERROR] SensorCam: Failed to read frame from camera '/dev/video0'
2026-05-14 13:21:43,122 [ERROR] SensorCam: Failed to read frame from camera '/dev/video0'
2026-05-14 13:21:43,133 [ERROR] SensorCam: Failed to read frame from camera '/dev/video0'
2026-05-14 13:21:43,144 [ERROR] SensorCam: Failed to read frame from camera '/dev/video0'
2026-05-14 13:21:43,154 [ERROR] SensorCam: Failed to read frame from camera '/dev/video0'
2026-05-14 13:21:43,165 [ERROR] SensorCam: Failed to read frame from camera '/dev/video0'
2026-05-14 13:21:43,177 [ERROR] SensorCam: Failed to read frame from camera '/dev/video0'
2026-05-14 13:21:43,188 [ERROR] SensorCam: Failed to read frame from camera '/dev/video0'
2026-05-14 13:21:43,200 [ERROR] SensorCam: Failed to read frame from camera '/dev/video0'
2026-05-14 13:21:43,211 [ERROR] SensorCam: Failed to read frame from camera '/dev/video0'
2026-05-14 13:21:43,222 [ERROR] SensorCam: Failed to read frame from camera '/dev/video0'
2026-05-14 13:21:43,232 [ERROR] SensorCam: Failed to read frame from camera '/dev/video0'
2026-05-14 13:21:43,243 [ERROR] SensorCam: Failed to read frame from camera '/dev/video0'
2026-05-14 13:21:43,254 [ERROR] SensorCam: Failed to read frame from camera '/dev/video0'
2026-05-14 13:21:43,266 [ERROR] SensorCam: Failed to read frame from camera '/dev/video0'
2026-05-14 13:21:43,276 [ERROR] SensorCam: Failed to read frame from camera '/dev/video0'
2026-05-14 13:21:43,287 [ERROR] SensorCam: Failed to read frame from camera '/dev/video0'
2026-05-14 13:21:43,298 [ERROR] SensorCam: Failed to read frame from camera '/dev/video0'
2026-05-14 13:21:43,309 [ERROR] SensorCam: Failed to read frame from camera '/dev/video0'
2026-05-14 13:21:43,319 [ERROR] SensorCam: Failed to read frame from camera '/dev/video0'
2026-05-14 13:21:43,330 [ERROR] SensorCam: Failed to read frame from camera '/dev/video0'
2026-05-14 13:21:43,341 [ERROR] SensorCam: Failed to read frame from camera '/dev/video0'
2026-05-14 13:21:43,352 [ERROR] SensorCam: Failed to read frame from camera '/dev/video0'
2026-05-14 13:21:43,363 [ERROR] SensorCam: Failed to read frame from camera '/dev/video0'
2026-05-14 13:21:43,374 [ERROR] SensorCam: Failed to read frame from camera '/dev/video0'
2026-05-14 13:21:43,385 [ERROR] SensorCam: Failed to read frame from camera '/dev/video0'
2026-05-14 13:21:43,396 [ERROR] SensorCam: Failed to read frame from camera '/dev/video0'
2026-05-14 13:21:43,407 [ERROR] SensorCam: Failed to read frame from camera '/dev/video0'
2026-05-14 13:21:43,419 [ERROR] SensorCam: Failed to read frame from camera '/dev/video0'
2026-05-14 13:21:43,430 [ERROR] SensorCam: Failed to read frame from camera '/dev/video0'
2026-05-14 13:21:43,441 [ERROR] SensorCam: Failed to read frame from camera '/dev/video0'
2026-05-14 13:21:43,452 [ERROR] SensorCam: Failed to read frame from camera '/dev/video0'
2026-05-14 13:21:43,463 [ERROR] SensorCam: Failed to read frame from camera '/dev/video0'
2026-05-14 13:21:43,475 [ERROR] SensorCam: Failed to read frame from camera '/dev/video0'
2026-05-14 13:21:43,486 [ERROR] SensorCam: Failed to read frame from camera '/dev/video0'
2026-05-14 13:21:43,497 [ERROR] SensorCam: Failed to read frame from camera '/dev/video0'
2026-05-14 13:21:43,508 [ERROR] SensorCam: Failed to read frame from camera '/dev/video0'
2026-05-14 13:21:43,519 [ERROR] SensorCam: Failed to read frame from camera '/dev/video0'
2026-05-14 13:21:43,530 [ERROR] SensorCam: Failed to read frame from camera '/dev/video0'
2026-05-14 13:21:43,540 [ERROR] SensorCam: Failed to read frame from camera '/dev/video0'
2026-05-14 13:21:43,551 [ERROR] SensorCam: Failed to read frame from camera '/dev/video0'
2026-05-14 13:21:43,562 [ERROR] SensorCam: Failed to read frame from camera '/dev/video0'
2026-05-14 13:21:43,572 [ERROR] SensorCam: Failed to read frame from camera '/dev/video0'
2026-05-14 13:21:43,583 [ERROR] SensorCam: Failed to read frame from camera '/dev/video0'
2026-05-14 13:21:43,594 [ERROR] SensorCam: Failed to read frame from camera '/dev/video0'
2026-05-14 13:21:43,605 [ERROR] SensorCam: Failed to read frame from camera '/dev/video0'
2026-05-14 13:21:43,616 [ERROR] SensorCam: Failed to read frame from camera '/dev/video0'
2026-05-14 13:21:43,627 [ERROR] SensorCam: Failed to read frame from camera '/dev/video0'
2026-05-14 13:21:43,638 [ERROR] SensorCam: Failed to read frame from camera '/dev/video0'
2026-05-14 13:21:43,649 [ERROR] SensorCam: Failed to read frame from camera '/dev/video0'
2026-05-14 13:21:43,660 [ERROR] SensorCam: Failed to read frame from camera '/dev/video0'
2026-05-14 13:21:43,671 [ERROR] SensorCam: Failed to read frame from camera '/dev/video0'
2026-05-14 13:21:43,683 [ERROR] SensorCam: Failed to read frame from camera '/dev/video0'
2026-05-14 13:21:43,694 [ERROR] SensorCam: Failed to read frame from camera '/dev/video0'
2026-05-14 13:21:43,705 [ERROR] SensorCam: Failed to read frame from camera '/dev/video0'
2026-05-14 13:21:43,717 [ERROR] SensorCam: Failed to read frame from camera '/dev/video0'
2026-05-14 13:21:43,728 [ERROR] SensorCam: Failed to read frame from camera '/dev/video0'
2026-05-14 13:21:43,738 [ERROR] SensorCam: Failed to read frame from camera '/dev/video0'
2026-05-14 13:21:43,749 [ERROR] SensorCam: Failed to read frame from camera '/dev/video0'
2026-05-14 13:21:43,760 [ERROR] SensorCam: Failed to read frame from camera '/dev/video0'
2026-05-14 13:21:43,770 [ERROR] SensorCam: Failed to read frame from camera '/dev/video0'
2026-05-14 13:21:43,781 [ERROR] SensorCam: Failed to read frame from camera '/dev/video0'
2026-05-14 13:21:43,792 [ERROR] SensorCam: Failed to read frame from camera '/dev/video0'
2026-05-14 13:21:43,803 [ERROR] SensorCam: Failed to read frame from camera '/dev/video0'
2026-05-14 13:21:43,814 [ERROR] SensorCam: Failed to read frame from camera '/dev/video0'
2026-05-14 13:21:43,825 [ERROR] SensorCam: Failed to read frame from camera '/dev/video0'
2026-05-14 13:21:43,836 [ERROR] SensorCam: Failed to read frame from camera '/dev/video0'
2026-05-14 13:21:43,847 [ERROR] SensorCam: Failed to read frame from camera '/dev/video0'
2026-05-14 13:21:43,858 [ERROR] SensorCam: Failed to read frame from camera '/dev/video0'
2026-05-14 13:21:43,868 [ERROR] SensorCam: Failed to read frame from camera '/dev/video0'
2026-05-14 13:21:43,880 [ERROR] SensorCam: Failed to read frame from camera '/dev/video0'
2026-05-14 13:21:43,891 [ERROR] SensorCam: Failed to read frame from camera '/dev/video0'
2026-05-14 13:21:43,902 [ERROR] SensorCam: Failed to read frame from camera '/dev/video0'
2026-05-14 13:21:43,913 [ERROR] SensorCam: Failed to read frame from camera '/dev/video0'
2026-05-14 13:21:43,923 [ERROR] SensorCam: Failed to read frame from camera '/dev/video0'
2026-05-14 13:21:43,935 [ERROR] SensorCam: Failed to read frame from camera '/dev/video0'
2026-05-14 13:21:43,946 [ERROR] SensorCam: Failed to read frame from camera '/dev/video0'
2026-05-14 13:21:43,957 [ERROR] SensorCam: Failed to read frame from camera '/dev/video0'
2026-05-14 13:21:43,968 [ERROR] SensorCam: Failed to read frame from camera '/dev/video0'
2026-05-14 13:21:43,978 [ERROR] SensorCam: Failed to read frame from camera '/dev/video0'
2026-05-14 13:21:43,989 [ERROR] SensorCam: Failed to read frame from camera '/dev/video0'
2026-05-14 13:21:44,000 [ERROR] SensorCam: Failed to read frame from camera '/dev/video0'
2026-05-14 13:21:44,011 [ERROR] SensorCam: Failed to read frame from camera '/dev/video0'
2026-05-14 13:21:44,021 [ERROR] SensorCam: Failed to read frame from camera '/dev/video0'
2026-05-14 13:21:44,032 [ERROR] SensorCam: Failed to read frame from camera '/dev/video0'
2026-05-14 13:21:44,043 [ERROR] SensorCam: Failed to read frame from camera '/dev/video0'
2026-05-14 13:21:44,054 [ERROR] SensorCam: Failed to read frame from camera '/dev/video0'
2026-05-14 13:21:44,064 [ERROR] SensorCam: Failed to read frame from camera '/dev/video0'
2026-05-14 13:21:44,075 [ERROR] SensorCam: Failed to read frame from camera '/dev/video0'
2026-05-14 13:21:44,086 [ERROR] SensorCam: Failed to read frame from camera '/dev/video0'
2026-05-14 13:21:44,097 [ERROR] SensorCam: Failed to read frame from camera '/dev/video0'
2026-05-14 13:21:44,108 [ERROR] SensorCam: Failed to read frame from camera '/dev/video0'
2026-05-14 13:21:44,119 [ERROR] SensorCam: Failed to read frame from camera '/dev/video0'
2026-05-14 13:21:44,130 [ERROR] SensorCam: Failed to read frame from camera '/dev/video0'
2026-05-14 13:21:44,141 [ERROR] SensorCam: Failed to read frame from camera '/dev/video0'
2026-05-14 13:21:44,151 [ERROR] SensorCam: Failed to read frame from camera '/dev/video0'
2026-05-14 13:21:44,162 [ERROR] SensorCam: Failed to read frame from camera '/dev/video0'
2026-05-14 13:21:44,173 [ERROR] SensorCam: Failed to read frame from camera '/dev/video0'
2026-05-14 13:21:44,184 [ERROR] SensorCam: Failed to read frame from camera '/dev/video0'
2026-05-14 13:21:44,195 [ERROR] SensorCam: Failed to read frame from camera '/dev/video0'
2026-05-14 13:21:44,206 [ERROR] SensorCam: Failed to read frame from camera '/dev/video0'
2026-05-14 13:21:44,216 [ERROR] SensorCam: Failed to read frame from camera '/dev/video0'
2026-05-14 13:21:44,227 [ERROR] SensorCam: Failed to read frame from camera '/dev/video0'
2026-05-14 13:21:44,238 [ERROR] SensorCam: Failed to read frame from camera '/dev/video0'
2026-05-14 13:21:44,249 [ERROR] SensorCam: Failed to read frame from camera '/dev/video0'
2026-05-14 13:21:44,260 [ERROR] SensorCam: Failed to read frame from camera '/dev/video0'
2026-05-14 13:21:44,271 [ERROR] SensorCam: Failed to read frame from camera '/dev/video0'
2026-05-14 13:21:44,282 [ERROR] SensorCam: Failed to read frame from camera '/dev/video0'
2026-05-14 13:21:44,293 [ERROR] SensorCam: Failed to read frame from camera '/dev/video0'
2026-05-14 13:21:44,304 [ERROR] SensorCam: Failed to read frame from camera '/dev/video0'
2026-05-14 13:21:44,314 [ERROR] SensorCam: Failed to read frame from camera '/dev/video0'
2026-05-14 13:21:44,325 [ERROR] SensorCam: Failed to read frame from camera '/dev/video0'
2026-05-14 13:21:44,336 [ERROR] SensorCam: Failed to read frame from camera '/dev/video0'
2026-05-14 13:21:44,347 [ERROR] SensorCam: Failed to read frame from camera '/dev/video0'
2026-05-14 13:21:44,358 [ERROR] SensorCam: Failed to read frame from camera '/dev/video0'
2026-05-14 13:21:44,369 [ERROR] SensorCam: Failed to read frame from camera '/dev/video0'
2026-05-14 13:21:44,380 [ERROR] SensorCam: Failed to read frame from camera '/dev/video0'
2026-05-14 13:21:44,391 [ERROR] SensorCam: Failed to read frame from camera '/dev/video0'
2026-05-14 13:21:44,402 [ERROR] SensorCam: Failed to read frame from camera '/dev/video0'
2026-05-14 13:21:44,413 [ERROR] SensorCam: Failed to read frame from camera '/dev/video0'
2026-05-14 13:21:44,423 [ERROR] SensorCam: Failed to read frame from camera '/dev/video0'
2026-05-14 13:21:44,434 [ERROR] SensorCam: Failed to read frame from camera '/dev/video0'
2026-05-14 13:21:44,445 [ERROR] SensorCam: Failed to read frame from camera '/dev/video0'
2026-05-14 13:21:44,456 [ERROR] SensorCam: Failed to read frame from camera '/dev/video0'
2026-05-14 13:21:44,467 [ERROR] SensorCam: Failed to read frame from camera '/dev/video0'
2026-05-14 13:21:44,478 [ERROR] SensorCam: Failed to read frame from camera '/dev/video0'
2026-05-14 13:21:44,489 [ERROR] SensorCam: Failed to read frame from camera '/dev/video0'
2026-05-14 13:21:44,500 [ERROR] SensorCam: Failed to read frame from camera '/dev/video0'
2026-05-14 13:21:44,514 [ERROR] SensorCam: Failed to read frame from camera '/dev/video0'
2026-05-14 13:21:44,525 [ERROR] SensorCam: Failed to read frame from camera '/dev/video0'
2026-05-14 13:21:44,536 [ERROR] SensorCam: Failed to read frame from camera '/dev/video0'
2026-05-14 13:21:44,547 [ERROR] SensorCam: Failed to read frame from camera '/dev/video0'
2026-05-14 13:21:44,558 [ERROR] SensorCam: Failed to read frame from camera '/dev/video0'
2026-05-14 13:21:44,569 [ERROR] SensorCam: Failed to read frame from camera '/dev/video0'
2026-05-14 13:21:44,580 [ERROR] SensorCam: Failed to read frame from camera '/dev/video0'
2026-05-14 13:21:44,591 [ERROR] SensorCam: Failed to read frame from camera '/dev/video0'
2026-05-14 13:21:44,602 [ERROR] SensorCam: Failed to read frame from camera '/dev/video0'
2026-05-14 13:21:44,613 [ERROR] SensorCam: Failed to read frame from camera '/dev/video0'
2026-05-14 13:21:44,624 [ERROR] SensorCam: Failed to read frame from camera '/dev/video0'
2026-05-14 13:21:44,634 [ERROR] SensorCam: Failed to read frame from camera '/dev/video0'
2026-05-14 13:21:44,645 [ERROR] SensorCam: Failed to read frame from camera '/dev/video0'
2026-05-14 13:21:44,656 [ERROR] SensorCam: Failed to read frame from camera '/dev/video0'
2026-05-14 13:21:44,667 [ERROR] SensorCam: Failed to read frame from camera '/dev/video0'
2026-05-14 13:21:44,677 [ERROR] SensorCam: Failed to read frame from camera '/dev/video0'
2026-05-14 13:21:44,689 [ERROR] SensorCam: Failed to read frame from camera '/dev/video0'
2026-05-14 13:21:44,700 [ERROR] SensorCam: Failed to read frame from camera '/dev/video0'
2026-05-14 13:21:44,711 [ERROR] SensorCam: Failed to read frame from camera '/dev/video0'
2026-05-14 13:21:44,722 [ERROR] SensorCam: Failed to read frame from camera '/dev/video0'
2026-05-14 13:21:44,733 [ERROR] SensorCam: Failed to read frame from camera '/dev/video0'
2026-05-14 13:21:44,744 [ERROR] SensorCam: Failed to read frame from camera '/dev/video0'
2026-05-14 13:21:44,755 [ERROR] SensorCam: Failed to read frame from camera '/dev/video0'
2026-05-14 13:21:44,766 [ERROR] SensorCam: Failed to read frame from camera '/dev/video0'
2026-05-14 13:21:44,777 [ERROR] SensorCam: Failed to read frame from camera '/dev/video0'
2026-05-14 13:21:44,788 [ERROR] SensorCam: Failed to read frame from camera '/dev/video0'
2026-05-14 13:21:44,799 [ERROR] SensorCam: Failed to read frame from camera '/dev/video0'
2026-05-14 13:21:44,811 [ERROR] SensorCam: Failed to read frame from camera '/dev/video0'
2026-05-14 13:21:44,822 [ERROR] SensorCam: Failed to read frame from camera '/dev/video0'
2026-05-14 13:21:44,833 [ERROR] SensorCam: Failed to read frame from camera '/dev/video0'
2026-05-14 13:21:44,844 [ERROR] SensorCam: Failed to read frame from camera '/dev/video0'
2026-05-14 13:21:44,855 [ERROR] SensorCam: Failed to read frame from camera '/dev/video0'
2026-05-14 13:21:44,866 [ERROR] SensorCam: Failed to read frame from camera '/dev/video0'
2026-05-14 13:21:44,910 [ERROR] SensorCam: Failed to read frame from camera '/dev/video0'
2026-05-14 13:21:44,927 [ERROR] SensorCam: Failed to read frame from camera '/dev/video0'
2026-05-14 13:21:44,938 [ERROR] SensorCam: Failed to read frame from camera '/dev/video0'
2026-05-14 13:21:44,949 [ERROR] SensorCam: Failed to read frame from camera '/dev/video0'
2026-05-14 13:21:44,960 [ERROR] SensorCam: Failed to read frame from camera '/dev/video0'
2026-05-14 13:21:44,970 [ERROR] SensorCam: Failed to read frame from camera '/dev/video0'
2026-05-14 13:21:44,981 [ERROR] SensorCam: Failed to read frame from camera '/dev/video0'
2026-05-14 13:21:44,992 [ERROR] SensorCam: Failed to read frame from camera '/dev/video0'
2026-05-14 13:21:45,003 [ERROR] SensorCam: Failed to read frame from camera '/dev/video0'
2026-05-14 13:21:45,014 [ERROR] SensorCam: Failed to read frame from camera '/dev/video0'
2026-05-14 13:21:45,024 [ERROR] SensorCam: Failed to read frame from camera '/dev/video0'
2026-05-14 13:21:45,036 [ERROR] SensorCam: Failed to read frame from camera '/dev/video0'
2026-05-14 13:21:45,047 [ERROR] SensorCam: Failed to read frame from camera '/dev/video0'
2026-05-14 13:21:45,058 [ERROR] SensorCam: Failed to read frame from camera '/dev/video0'
2026-05-14 13:21:45,069 [ERROR] SensorCam: Failed to read frame from camera '/dev/video0'
2026-05-14 13:21:45,080 [ERROR] SensorCam: Failed to read frame from camera '/dev/video0'
2026-05-14 13:21:45,091 [ERROR] SensorCam: Failed to read frame from camera '/dev/video0'
2026-05-14 13:21:45,102 [ERROR] SensorCam: Failed to read frame from camera '/dev/video0'
2026-05-14 13:21:45,113 [ERROR] SensorCam: Failed to read frame from camera '/dev/video0'
2026-05-14 13:21:45,124 [ERROR] SensorCam: Failed to read frame from camera '/dev/video0'
2026-05-14 13:21:45,135 [ERROR] SensorCam: Failed to read frame from camera '/dev/video0'
2026-05-14 13:21:45,146 [ERROR] SensorCam: Failed to read frame from camera '/dev/video0'
2026-05-14 13:21:45,157 [ERROR] SensorCam: Failed to read frame from camera '/dev/video0'
2026-05-14 13:21:45,168 [ERROR] SensorCam: Failed to read frame from camera '/dev/video0'
2026-05-14 13:21:45,179 [ERROR] SensorCam: Failed to read frame from camera '/dev/video0'
2026-05-14 13:21:45,190 [ERROR] SensorCam: Failed to read frame from camera '/dev/video0'
2026-05-14 13:21:45,201 [ERROR] SensorCam: Failed to read frame from camera '/dev/video0'
2026-05-14 13:21:45,212 [ERROR] SensorCam: Failed to read frame from camera '/dev/video0'
2026-05-14 13:21:45,224 [ERROR] SensorCam: Failed to read frame from camera '/dev/video0'
2026-05-14 13:21:45,234 [ERROR] SensorCam: Failed to read frame from camera '/dev/video0'
2026-05-14 13:21:45,245 [ERROR] SensorCam: Failed to read frame from camera '/dev/video0'
2026-05-14 13:21:45,256 [ERROR] SensorCam: Failed to read frame from camera '/dev/video0'
2026-05-14 13:21:45,267 [ERROR] SensorCam: Failed to read frame from camera '/dev/video0'
2026-05-14 13:21:45,279 [ERROR] SensorCam: Failed to read frame from camera '/dev/video0'
2026-05-14 13:21:45,290 [ERROR] SensorCam: Failed to read frame from camera '/dev/video0'
2026-05-14 13:21:45,300 [ERROR] SensorCam: Failed to read frame from camera '/dev/video0'
2026-05-14 13:21:45,311 [ERROR] SensorCam: Failed to read frame from camera '/dev/video0'
2026-05-14 13:21:45,322 [ERROR] SensorCam: Failed to read frame from camera '/dev/video0'
2026-05-14 13:21:45,333 [ERROR] SensorCam: Failed to read frame from camera '/dev/video0'
2026-05-14 13:21:45,344 [ERROR] SensorCam: Failed to read frame from camera '/dev/video0'
2026-05-14 13:21:45,355 [ERROR] SensorCam: Failed to read frame from camera '/dev/video0'
2026-05-14 13:21:45,366 [ERROR] SensorCam: Failed to read frame from camera '/dev/video0'
2026-05-14 13:21:45,377 [ERROR] SensorCam: Failed to read frame from camera '/dev/video0'
2026-05-14 13:21:45,388 [ERROR] SensorCam: Failed to read frame from camera '/dev/video0'
2026-05-14 13:21:45,399 [ERROR] SensorCam: Failed to read frame from camera '/dev/video0'
2026-05-14 13:21:45,410 [ERROR] SensorCam: Failed to read frame from camera '/dev/video0'
2026-05-14 13:21:45,421 [ERROR] SensorCam: Failed to read frame from camera '/dev/video0'
2026-05-14 13:21:45,432 [ERROR] SensorCam: Failed to read frame from camera '/dev/video0'
2026-05-14 13:21:45,443 [ERROR] SensorCam: Failed to read frame from camera '/dev/video0'
2026-05-14 13:21:45,454 [ERROR] SensorCam: Failed to read frame from camera '/dev/video0'
2026-05-14 13:21:45,465 [ERROR] SensorCam: Failed to read frame from camera '/dev/video0'
2026-05-14 13:21:45,476 [ERROR] SensorCam: Failed to read frame from camera '/dev/video0'
2026-05-14 13:21:45,487 [ERROR] SensorCam: Failed to read frame from camera '/dev/video0'
2026-05-14 13:21:45,498 [ERROR] SensorCam: Failed to read frame from camera '/dev/video0'
2026-05-14 13:21:45,509 [ERROR] SensorCam: Failed to read frame from camera '/dev/video0'
2026-05-14 13:21:45,520 [ERROR] SensorCam: Failed to read frame from camera '/dev/video0'
2026-05-14 13:21:45,531 [ERROR] SensorCam: Failed to read frame from camera '/dev/video0'
2026-05-14 13:21:45,542 [ERROR] SensorCam: Failed to read frame from camera '/dev/video0'
2026-05-14 13:21:45,553 [ERROR] SensorCam: Failed to read frame from camera '/dev/video0'
2026-05-14 13:21:45,564 [ERROR] SensorCam: Failed to read frame from camera '/dev/video0'
2026-05-14 13:21:45,574 [ERROR] SensorCam: Failed to read frame from camera '/dev/video0'
2026-05-14 13:21:45,585 [ERROR] SensorCam: Failed to read frame from camera '/dev/video0'
2026-05-14 13:21:45,596 [ERROR] SensorCam: Failed to read frame from camera '/dev/video0'
2026-05-14 13:21:45,607 [ERROR] SensorCam: Failed to read frame from camera '/dev/video0'
2026-05-14 13:21:45,618 [ERROR] SensorCam: Failed to read frame from camera '/dev/video0'
2026-05-14 13:21:45,629 [ERROR] SensorCam: Failed to read frame from camera '/dev/video0'
2026-05-14 13:21:45,640 [ERROR] SensorCam: Failed to read frame from camera '/dev/video0'
2026-05-14 13:21:45,652 [ERROR] SensorCam: Failed to read frame from camera '/dev/video0'
2026-05-14 13:21:45,663 [ERROR] SensorCam: Failed to read frame from camera '/dev/video0'
2026-05-14 13:21:45,674 [ERROR] SensorCam: Failed to read frame from camera '/dev/video0'
2026-05-14 13:21:45,684 [ERROR] SensorCam: Failed to read frame from camera '/dev/video0'
2026-05-14 13:21:45,696 [ERROR] SensorCam: Failed to read frame from camera '/dev/video0'
2026-05-14 13:21:45,706 [ERROR] SensorCam: Failed to read frame from camera '/dev/video0'
2026-05-14 13:21:45,717 [ERROR] SensorCam: Failed to read frame from camera '/dev/video0'
2026-05-14 13:21:45,729 [ERROR] SensorCam: Failed to read frame from camera '/dev/video0'
2026-05-14 13:21:45,739 [ERROR] SensorCam: Failed to read frame from camera '/dev/video0'
2026-05-14 13:21:45,751 [ERROR] SensorCam: Failed to read frame from camera '/dev/video0'
2026-05-14 13:21:45,762 [ERROR] SensorCam: Failed to read frame from camera '/dev/video0'
2026-05-14 13:21:45,772 [ERROR] SensorCam: Failed to read frame from camera '/dev/video0'
2026-05-14 13:21:45,783 [ERROR] SensorCam: Failed to read frame from camera '/dev/video0'
2026-05-14 13:21:45,794 [ERROR] SensorCam: Failed to read frame from camera '/dev/video0'
2026-05-14 13:21:45,805 [ERROR] SensorCam: Failed to read frame from camera '/dev/video0'
2026-05-14 13:21:45,816 [ERROR] SensorCam: Failed to read frame from camera '/dev/video0'
2026-05-14 13:21:45,827 [ERROR] SensorCam: Failed to read frame from camera '/dev/video0'
2026-05-14 13:21:45,838 [ERROR] SensorCam: Failed to read frame from camera '/dev/video0'
2026-05-14 13:21:45,849 [ERROR] SensorCam: Failed to read frame from camera '/dev/video0'
2026-05-14 13:21:45,860 [ERROR] SensorCam: Failed to read frame from camera '/dev/video0'
2026-05-14 13:21:45,871 [ERROR] SensorCam: Failed to read frame from camera '/dev/video0'
2026-05-14 13:21:45,882 [ERROR] SensorCam: Failed to read frame from camera '/dev/video0'
2026-05-14 13:21:45,893 [ERROR] SensorCam: Failed to read frame from camera '/dev/video0'
2026-05-14 13:21:45,904 [ERROR] SensorCam: Failed to read frame from camera '/dev/video0'
2026-05-14 13:21:45,915 [ERROR] SensorCam: Failed to read frame from camera '/dev/video0'
2026-05-14 13:21:45,926 [ERROR] SensorCam: Failed to read frame from camera '/dev/video0'
2026-05-14 13:21:45,937 [ERROR] SensorCam: Failed to read frame from camera '/dev/video0'
2026-05-14 13:21:45,948 [ERROR] SensorCam: Failed to read frame from camera '/dev/video0'
2026-05-14 13:21:45,959 [ERROR] SensorCam: Failed to read frame from camera '/dev/video0'
2026-05-14 13:21:45,970 [ERROR] SensorCam: Failed to read frame from camera '/dev/video0'
2026-05-14 13:21:45,981 [ERROR] SensorCam: Failed to read frame from camera '/dev/video0'
2026-05-14 13:21:45,992 [ERROR] SensorCam: Failed to read frame from camera '/dev/video0'
2026-05-14 13:21:46,003 [ERROR] SensorCam: Failed to read frame from camera '/dev/video0'
2026-05-14 13:21:46,014 [ERROR] SensorCam: Failed to read frame from camera '/dev/video0'
2026-05-14 13:21:46,025 [ERROR] SensorCam: Failed to read frame from camera '/dev/video0'
2026-05-14 13:21:46,036 [ERROR] SensorCam: Failed to read frame from camera '/dev/video0'
2026-05-14 13:21:46,047 [ERROR] SensorCam: Failed to read frame from camera '/dev/video0'
2026-05-14 13:21:46,058 [ERROR] SensorCam: Failed to read frame from camera '/dev/video0'
2026-05-14 13:21:46,069 [ERROR] SensorCam: Failed to read frame from camera '/dev/video0'
2026-05-14 13:21:46,080 [ERROR] SensorCam: Failed to read frame from camera '/dev/video0'
2026-05-14 13:21:46,092 [ERROR] SensorCam: Failed to read frame from camera '/dev/video0'
2026-05-14 13:21:46,103 [ERROR] SensorCam: Failed to read frame from camera '/dev/video0'
2026-05-14 13:21:46,113 [ERROR] SensorCam: Failed to read frame from camera '/dev/video0'
2026-05-14 13:21:46,124 [ERROR] SensorCam: Failed to read frame from camera '/dev/video0'
2026-05-14 13:21:46,135 [ERROR] SensorCam: Failed to read frame from camera '/dev/video0'
2026-05-14 13:21:46,147 [ERROR] SensorCam: Failed to read frame from camera '/dev/video0'
2026-05-14 13:21:46,158 [ERROR] SensorCam: Failed to read frame from camera '/dev/video0'
2026-05-14 13:21:46,168 [ERROR] SensorCam: Failed to read frame from camera '/dev/video0'
2026-05-14 13:21:46,179 [ERROR] SensorCam: Failed to read frame from camera '/dev/video0'
2026-05-14 13:21:46,190 [ERROR] SensorCam: Failed to read frame from camera '/dev/video0'
2026-05-14 13:21:46,201 [ERROR] SensorCam: Failed to read frame from camera '/dev/video0'
2026-05-14 13:21:46,212 [ERROR] SensorCam: Failed to read frame from camera '/dev/video0'
2026-05-14 13:21:46,223 [ERROR] SensorCam: Failed to read frame from camera '/dev/video0'
2026-05-14 13:21:46,233 [ERROR] SensorCam: Failed to read frame from camera '/dev/video0'
2026-05-14 13:21:46,245 [ERROR] SensorCam: Failed to read frame from camera '/dev/video0'
2026-05-14 13:21:46,256 [ERROR] SensorCam: Failed to read frame from camera '/dev/video0'
2026-05-14 13:21:46,267 [ERROR] SensorCam: Failed to read frame from camera '/dev/video0'
2026-05-14 13:21:46,278 [ERROR] SensorCam: Failed to read frame from camera '/dev/video0'
2026-05-14 13:21:46,289 [ERROR] SensorCam: Failed to read frame from camera '/dev/video0'
2026-05-14 13:21:46,300 [ERROR] SensorCam: Failed to read frame from camera '/dev/video0'
2026-05-14 13:21:46,311 [ERROR] SensorCam: Failed to read frame from camera '/dev/video0'
2026-05-14 13:21:46,322 [ERROR] SensorCam: Failed to read frame from camera '/dev/video0'
2026-05-14 13:21:46,333 [ERROR] SensorCam: Failed to read frame from camera '/dev/video0'
2026-05-14 13:21:46,343 [ERROR] SensorCam: Failed to read frame from camera '/dev/video0'
2026-05-14 13:21:46,354 [ERROR] SensorCam: Failed to read frame from camera '/dev/video0'
2026-05-14 13:21:46,365 [ERROR] SensorCam: Failed to read frame from camera '/dev/video0'
2026-05-14 13:21:46,376 [ERROR] SensorCam: Failed to read frame from camera '/dev/video0'
2026-05-14 13:21:46,387 [ERROR] SensorCam: Failed to read frame from camera '/dev/video0'
2026-05-14 13:21:46,399 [ERROR] SensorCam: Failed to read frame from camera '/dev/video0'
2026-05-14 13:21:46,410 [ERROR] SensorCam: Failed to read frame from camera '/dev/video0'
2026-05-14 13:21:46,420 [ERROR] SensorCam: Failed to read frame from camera '/dev/video0'
2026-05-14 13:21:46,431 [ERROR] SensorCam: Failed to read frame from camera '/dev/video0'
2026-05-14 13:21:46,442 [ERROR] SensorCam: Failed to read frame from camera '/dev/video0'
2026-05-14 13:21:46,452 [ERROR] SensorCam: Failed to read frame from camera '/dev/video0'
2026-05-14 13:21:46,463 [ERROR] SensorCam: Failed to read frame from camera '/dev/video0'
2026-05-14 13:21:46,474 [ERROR] SensorCam: Failed to read frame from camera '/dev/video0'
2026-05-14 13:21:46,485 [ERROR] SensorCam: Failed to read frame from camera '/dev/video0'
2026-05-14 13:21:46,496 [ERROR] SensorCam: Failed to read frame from camera '/dev/video0'
2026-05-14 13:21:46,506 [ERROR] SensorCam: Failed to read frame from camera '/dev/video0'
2026-05-14 13:21:46,517 [ERROR] SensorCam: Failed to read frame from camera '/dev/video0'
2026-05-14 13:21:46,527 [ERROR] SensorCam: Failed to read frame from camera '/dev/video0'
2026-05-14 13:21:46,538 [ERROR] SensorCam: Failed to read frame from camera '/dev/video0'
2026-05-14 13:21:46,549 [ERROR] SensorCam: Failed to read frame from camera '/dev/video0'
2026-05-14 13:21:46,559 [ERROR] SensorCam: Failed to read frame from camera '/dev/video0'
2026-05-14 13:21:46,570 [ERROR] SensorCam: Failed to read frame from camera '/dev/video0'
2026-05-14 13:21:46,581 [ERROR] SensorCam: Failed to read frame from camera '/dev/video0'
2026-05-14 13:21:46,592 [ERROR] SensorCam: Failed to read frame from camera '/dev/video0'
2026-05-14 13:21:46,604 [ERROR] SensorCam: Failed to read frame from camera '/dev/video0'
2026-05-14 13:21:46,615 [ERROR] SensorCam: Failed to read frame from camera '/dev/video0'
2026-05-14 13:21:46,627 [ERROR] SensorCam: Failed to read frame from camera '/dev/video0'
2026-05-14 13:21:46,638 [ERROR] SensorCam: Failed to read frame from camera '/dev/video0'
2026-05-14 13:21:46,649 [ERROR] SensorCam: Failed to read frame from camera '/dev/video0'
2026-05-14 13:21:46,660 [ERROR] SensorCam: Failed to read frame from camera '/dev/video0'
2026-05-14 13:21:46,671 [ERROR] SensorCam: Failed to read frame from camera '/dev/video0'
2026-05-14 13:21:46,682 [ERROR] SensorCam: Failed to read frame from camera '/dev/video0'
2026-05-14 13:21:46,693 [ERROR] SensorCam: Failed to read frame from camera '/dev/video0'
2026-05-14 13:21:46,704 [ERROR] SensorCam: Failed to read frame from camera '/dev/video0'
2026-05-14 13:21:46,715 [ERROR] SensorCam: Failed to read frame from camera '/dev/video0'
2026-05-14 13:21:46,765 [ERROR] SensorCam: Failed to read frame from camera '/dev/video0'
2026-05-14 13:21:46,780 [ERROR] SensorCam: Failed to read frame from camera '/dev/video0'
2026-05-14 13:21:46,791 [ERROR] SensorCam: Failed to read frame from camera '/dev/video0'
2026-05-14 13:21:46,802 [ERROR] SensorCam: Failed to read frame from camera '/dev/video0'
2026-05-14 13:21:46,813 [ERROR] SensorCam: Failed to read frame from camera '/dev/video0'
2026-05-14 13:21:46,825 [ERROR] SensorCam: Failed to read frame from camera '/dev/video0'
2026-05-14 13:21:46,836 [ERROR] SensorCam: Failed to read frame from camera '/dev/video0'
2026-05-14 13:21:46,847 [ERROR] SensorCam: Failed to read frame from camera '/dev/video0'
2026-05-14 13:21:46,857 [ERROR] SensorCam: Failed to read frame from camera '/dev/video0'
2026-05-14 13:21:46,869 [ERROR] SensorCam: Failed to read frame from camera '/dev/video0'
2026-05-14 13:21:46,879 [ERROR] SensorCam: Failed to read frame from camera '/dev/video0'
2026-05-14 13:21:46,890 [ERROR] SensorCam: Failed to read frame from camera '/dev/video0'
2026-05-14 13:21:46,901 [ERROR] SensorCam: Failed to read frame from camera '/dev/video0'
2026-05-14 13:21:46,912 [ERROR] SensorCam: Failed to read frame from camera '/dev/video0'
2026-05-14 13:21:46,922 [ERROR] SensorCam: Failed to read frame from camera '/dev/video0'
2026-05-14 13:21:46,934 [ERROR] SensorCam: Failed to read frame from camera '/dev/video0'
2026-05-14 13:21:46,944 [ERROR] SensorCam: Failed to read frame from camera '/dev/video0'
2026-05-14 13:21:46,955 [ERROR] SensorCam: Failed to read frame from camera '/dev/video0'
2026-05-14 13:21:46,966 [ERROR] SensorCam: Failed to read frame from camera '/dev/video0'
2026-05-14 13:21:46,977 [ERROR] SensorCam: Failed to read frame from camera '/dev/video0'
2026-05-14 13:21:46,988 [ERROR] SensorCam: Failed to read frame from camera '/dev/video0'
2026-05-14 13:21:46,999 [ERROR] SensorCam: Failed to read frame from camera '/dev/video0'
2026-05-14 13:21:47,010 [ERROR] SensorCam: Failed to read frame from camera '/dev/video0'
2026-05-14 13:21:47,021 [ERROR] SensorCam: Failed to read frame from camera '/dev/video0'
2026-05-14 13:21:47,032 [ERROR] SensorCam: Failed to read frame from camera '/dev/video0'
2026-05-14 13:21:47,043 [ERROR] SensorCam: Failed to read frame from camera '/dev/video0'
2026-05-14 13:21:47,054 [ERROR] SensorCam: Failed to read frame from camera '/dev/video0'
2026-05-14 13:21:47,065 [ERROR] SensorCam: Failed to read frame from camera '/dev/video0'
2026-05-14 13:21:47,076 [ERROR] SensorCam: Failed to read frame from camera '/dev/video0'
2026-05-14 13:21:47,087 [ERROR] SensorCam: Failed to read frame from camera '/dev/video0'
2026-05-14 13:21:47,099 [ERROR] SensorCam: Failed to read frame from camera '/dev/video0'
2026-05-14 13:21:47,110 [ERROR] SensorCam: Failed to read frame from camera '/dev/video0'
2026-05-14 13:21:47,121 [ERROR] SensorCam: Failed to read frame from camera '/dev/video0'
2026-05-14 13:21:47,132 [ERROR] SensorCam: Failed to read frame from camera '/dev/video0'
2026-05-14 13:21:47,143 [ERROR] SensorCam: Failed to read frame from camera '/dev/video0'
2026-05-14 13:21:47,154 [ERROR] SensorCam: Failed to read frame from camera '/dev/video0'
2026-05-14 13:21:47,165 [ERROR] SensorCam: Failed to read frame from camera '/dev/video0'
2026-05-14 13:21:47,176 [ERROR] SensorCam: Failed to read frame from camera '/dev/video0'
2026-05-14 13:21:47,187 [ERROR] SensorCam: Failed to read frame from camera '/dev/video0'
2026-05-14 13:21:47,198 [ERROR] SensorCam: Failed to read frame from camera '/dev/video0'
2026-05-14 13:21:47,209 [ERROR] SensorCam: Failed to read frame from camera '/dev/video0'
2026-05-14 13:21:47,220 [ERROR] SensorCam: Failed to read frame from camera '/dev/video0'
2026-05-14 13:21:47,231 [ERROR] SensorCam: Failed to read frame from camera '/dev/video0'
2026-05-14 13:21:47,242 [ERROR] SensorCam: Failed to read frame from camera '/dev/video0'
2026-05-14 13:21:47,253 [ERROR] SensorCam: Failed to read frame from camera '/dev/video0'
2026-05-14 13:21:47,264 [ERROR] SensorCam: Failed to read frame from camera '/dev/video0'
2026-05-14 13:21:47,275 [ERROR] SensorCam: Failed to read frame from camera '/dev/video0'
2026-05-14 13:21:47,287 [ERROR] SensorCam: Failed to read frame from camera '/dev/video0'
2026-05-14 13:21:47,297 [ERROR] SensorCam: Failed to read frame from camera '/dev/video0'
2026-05-14 13:21:47,308 [ERROR] SensorCam: Failed to read frame from camera '/dev/video0'
2026-05-14 13:21:47,319 [ERROR] SensorCam: Failed to read frame from camera '/dev/video0'
2026-05-14 13:21:47,330 [ERROR] SensorCam: Failed to read frame from camera '/dev/video0'
2026-05-14 13:21:47,341 [ERROR] SensorCam: Failed to read frame from camera '/dev/video0'
2026-05-14 13:21:47,352 [ERROR] SensorCam: Failed to read frame from camera '/dev/video0'
2026-05-14 13:21:47,364 [ERROR] SensorCam: Failed to read frame from camera '/dev/video0'
2026-05-14 13:21:47,374 [ERROR] SensorCam: Failed to read frame from camera '/dev/video0'
2026-05-14 13:21:47,385 [ERROR] SensorCam: Failed to read frame from camera '/dev/video0'
2026-05-14 13:21:47,396 [ERROR] SensorCam: Failed to read frame from camera '/dev/video0'
2026-05-14 13:21:47,407 [ERROR] SensorCam: Failed to read frame from camera '/dev/video0'
2026-05-14 13:21:47,419 [ERROR] SensorCam: Failed to read frame from camera '/dev/video0'
2026-05-14 13:21:47,430 [ERROR] SensorCam: Failed to read frame from camera '/dev/video0'
2026-05-14 13:21:47,441 [ERROR] SensorCam: Failed to read frame from camera '/dev/video0'
2026-05-14 13:21:47,452 [ERROR] SensorCam: Failed to read frame from camera '/dev/video0'
2026-05-14 13:21:47,464 [ERROR] SensorCam: Failed to read frame from camera '/dev/video0'
2026-05-14 13:21:47,475 [ERROR] SensorCam: Failed to read frame from camera '/dev/video0'
2026-05-14 13:21:47,485 [ERROR] SensorCam: Failed to read frame from camera '/dev/video0'
2026-05-14 13:21:47,496 [ERROR] SensorCam: Failed to read frame from camera '/dev/video0'
2026-05-14 13:21:47,508 [ERROR] SensorCam: Failed to read frame from camera '/dev/video0'
2026-05-14 13:21:47,520 [ERROR] SensorCam: Failed to read frame from camera '/dev/video0'
2026-05-14 13:21:47,531 [ERROR] SensorCam: Failed to read frame from camera '/dev/video0'
2026-05-14 13:21:47,542 [ERROR] SensorCam: Failed to read frame from camera '/dev/video0'
2026-05-14 13:21:47,553 [ERROR] SensorCam: Failed to read frame from camera '/dev/video0'
2026-05-14 13:21:47,564 [ERROR] SensorCam: Failed to read frame from camera '/dev/video0'
2026-05-14 13:21:47,575 [ERROR] SensorCam: Failed to read frame from camera '/dev/video0'
2026-05-14 13:21:47,587 [ERROR] SensorCam: Failed to read frame from camera '/dev/video0'
2026-05-14 13:21:47,598 [ERROR] SensorCam: Failed to read frame from camera '/dev/video0'
2026-05-14 13:21:47,609 [ERROR] SensorCam: Failed to read frame from camera '/dev/video0'
2026-05-14 13:21:47,620 [ERROR] SensorCam: Failed to read frame from camera '/dev/video0'
2026-05-14 13:21:47,631 [ERROR] SensorCam: Failed to read frame from camera '/dev/video0'
2026-05-14 13:21:47,642 [ERROR] SensorCam: Failed to read frame from camera '/dev/video0'
2026-05-14 13:21:47,653 [ERROR] SensorCam: Failed to read frame from camera '/dev/video0'
2026-05-14 13:21:47,664 [ERROR] SensorCam: Failed to read frame from camera '/dev/video0'
2026-05-14 13:21:47,675 [ERROR] SensorCam: Failed to read frame from camera '/dev/video0'
2026-05-14 13:21:47,686 [ERROR] SensorCam: Failed to read frame from camera '/dev/video0'
2026-05-14 13:21:47,698 [ERROR] SensorCam: Failed to read frame from camera '/dev/video0'
2026-05-14 13:21:47,709 [ERROR] SensorCam: Failed to read frame from camera '/dev/video0'
2026-05-14 13:21:47,720 [ERROR] SensorCam: Failed to read frame from camera '/dev/video0'
2026-05-14 13:21:47,731 [ERROR] SensorCam: Failed to read frame from camera '/dev/video0'
2026-05-14 13:21:47,742 [ERROR] SensorCam: Failed to read frame from camera '/dev/video0'
2026-05-14 13:21:47,753 [ERROR] SensorCam: Failed to read frame from camera '/dev/video0'
2026-05-14 13:21:47,764 [ERROR] SensorCam: Failed to read frame from camera '/dev/video0'
2026-05-14 13:21:47,775 [ERROR] SensorCam: Failed to read frame from camera '/dev/video0'
2026-05-14 13:21:47,787 [ERROR] SensorCam: Failed to read frame from camera '/dev/video0'
2026-05-14 13:21:47,798 [ERROR] SensorCam: Failed to read frame from camera '/dev/video0'
2026-05-14 13:21:47,809 [ERROR] SensorCam: Failed to read frame from camera '/dev/video0'
2026-05-14 13:21:47,820 [ERROR] SensorCam: Failed to read frame from camera '/dev/video0'
2026-05-14 13:21:47,831 [ERROR] SensorCam: Failed to read frame from camera '/dev/video0'
2026-05-14 13:21:47,842 [ERROR] SensorCam: Failed to read frame from camera '/dev/video0'
2026-05-14 13:21:47,854 [ERROR] SensorCam: Failed to read frame from camera '/dev/video0'
2026-05-14 13:21:47,865 [ERROR] SensorCam: Failed to read frame from camera '/dev/video0'
2026-05-14 13:21:47,876 [ERROR] SensorCam: Failed to read frame from camera '/dev/video0'
2026-05-14 13:21:47,888 [ERROR] SensorCam: Failed to read frame from camera '/dev/video0'
2026-05-14 13:21:47,899 [ERROR] SensorCam: Failed to read frame from camera '/dev/video0'
2026-05-14 13:21:47,910 [ERROR] SensorCam: Failed to read frame from camera '/dev/video0'
2026-05-14 13:21:47,920 [ERROR] SensorCam: Failed to read frame from camera '/dev/video0'
2026-05-14 13:21:47,932 [ERROR] SensorCam: Failed to read frame from camera '/dev/video0'
2026-05-14 13:21:47,943 [ERROR] SensorCam: Failed to read frame from camera '/dev/video0'
2026-05-14 13:21:47,954 [ERROR] SensorCam: Failed to read frame from camera '/dev/video0'
2026-05-14 13:21:47,965 [ERROR] SensorCam: Failed to read frame from camera '/dev/video0'
2026-05-14 13:21:47,976 [ERROR] SensorCam: Failed to read frame from camera '/dev/video0'
2026-05-14 13:21:47,986 [ERROR] SensorCam: Failed to read frame from camera '/dev/video0'
2026-05-14 13:21:47,998 [ERROR] SensorCam: Failed to read frame from camera '/dev/video0'
2026-05-14 13:21:48,009 [ERROR] SensorCam: Failed to read frame from camera '/dev/video0'
2026-05-14 13:21:48,020 [ERROR] SensorCam: Failed to read frame from camera '/dev/video0'
2026-05-14 13:21:48,030 [ERROR] SensorCam: Failed to read frame from camera '/dev/video0'
2026-05-14 13:21:48,042 [ERROR] SensorCam: Failed to read frame from camera '/dev/video0'
2026-05-14 13:21:48,053 [ERROR] SensorCam: Failed to read frame from camera '/dev/video0'
2026-05-14 13:21:48,064 [ERROR] SensorCam: Failed to read frame from camera '/dev/video0'
2026-05-14 13:21:48,075 [ERROR] SensorCam: Failed to read frame from camera '/dev/video0'
2026-05-14 13:21:48,086 [ERROR] SensorCam: Failed to read frame from camera '/dev/video0'
2026-05-14 13:21:48,098 [ERROR] SensorCam: Failed to read frame from camera '/dev/video0'
2026-05-14 13:21:48,109 [ERROR] SensorCam: Failed to read frame from camera '/dev/video0'
2026-05-14 13:21:48,120 [ERROR] SensorCam: Failed to read frame from camera '/dev/video0'
2026-05-14 13:21:48,131 [ERROR] SensorCam: Failed to read frame from camera '/dev/video0'
2026-05-14 13:21:48,142 [ERROR] SensorCam: Failed to read frame from camera '/dev/video0'
2026-05-14 13:21:48,153 [ERROR] SensorCam: Failed to read frame from camera '/dev/video0'
2026-05-14 13:21:48,163 [ERROR] SensorCam: Failed to read frame from camera '/dev/video0'
2026-05-14 13:21:48,174 [ERROR] SensorCam: Failed to read frame from camera '/dev/video0'
2026-05-14 13:21:48,186 [ERROR] SensorCam: Failed to read frame from camera '/dev/video0'
2026-05-14 13:21:48,197 [ERROR] SensorCam: Failed to read frame from camera '/dev/video0'
2026-05-14 13:21:48,208 [ERROR] SensorCam: Failed to read frame from camera '/dev/video0'
2026-05-14 13:21:48,219 [ERROR] SensorCam: Failed to read frame from camera '/dev/video0'
2026-05-14 13:21:48,230 [ERROR] SensorCam: Failed to read frame from camera '/dev/video0'
2026-05-14 13:21:48,241 [ERROR] SensorCam: Failed to read frame from camera '/dev/video0'
2026-05-14 13:21:48,252 [ERROR] SensorCam: Failed to read frame from camera '/dev/video0'
2026-05-14 13:21:48,263 [ERROR] SensorCam: Failed to read frame from camera '/dev/video0'
2026-05-14 13:21:48,274 [ERROR] SensorCam: Failed to read frame from camera '/dev/video0'
2026-05-14 13:21:48,285 [ERROR] SensorCam: Failed to read frame from camera '/dev/video0'
2026-05-14 13:21:48,296 [ERROR] SensorCam: Failed to read frame from camera '/dev/video0'
2026-05-14 13:21:48,308 [ERROR] SensorCam: Failed to read frame from camera '/dev/video0'
2026-05-14 13:21:48,318 [ERROR] SensorCam: Failed to read frame from camera '/dev/video0'
2026-05-14 13:21:48,330 [ERROR] SensorCam: Failed to read frame from camera '/dev/video0'
2026-05-14 13:21:48,341 [ERROR] SensorCam: Failed to read frame from camera '/dev/video0'
2026-05-14 13:21:48,352 [ERROR] SensorCam: Failed to read frame from camera '/dev/video0'
2026-05-14 13:21:48,363 [ERROR] SensorCam: Failed to read frame from camera '/dev/video0'
2026-05-14 13:21:48,374 [ERROR] SensorCam: Failed to read frame from camera '/dev/video0'
2026-05-14 13:21:48,386 [ERROR] SensorCam: Failed to read frame from camera '/dev/video0'
2026-05-14 13:21:48,397 [ERROR] SensorCam: Failed to read frame from camera '/dev/video0'
2026-05-14 13:21:48,407 [ERROR] SensorCam: Failed to read frame from camera '/dev/video0'
2026-05-14 13:21:48,418 [ERROR] SensorCam: Failed to read frame from camera '/dev/video0'
2026-05-14 13:21:48,429 [ERROR] SensorCam: Failed to read frame from camera '/dev/video0'
2026-05-14 13:21:48,440 [ERROR] SensorCam: Failed to read frame from camera '/dev/video0'
2026-05-14 13:21:48,451 [ERROR] SensorCam: Failed to read frame from camera '/dev/video0'
2026-05-14 13:21:48,462 [ERROR] SensorCam: Failed to read frame from camera '/dev/video0'
2026-05-14 13:21:48,473 [ERROR] SensorCam: Failed to read frame from camera '/dev/video0'
2026-05-14 13:21:48,485 [ERROR] SensorCam: Failed to read frame from camera '/dev/video0'
2026-05-14 13:21:48,496 [ERROR] SensorCam: Failed to read frame from camera '/dev/video0'
2026-05-14 13:21:48,507 [ERROR] SensorCam: Failed to read frame from camera '/dev/video0'
2026-05-14 13:21:48,517 [ERROR] SensorCam: Failed to read frame from camera '/dev/video0'
2026-05-14 13:21:48,528 [ERROR] SensorCam: Failed to read frame from camera '/dev/video0'
2026-05-14 13:21:48,539 [ERROR] SensorCam: Failed to read frame from camera '/dev/video0'
2026-05-14 13:21:48,550 [ERROR] SensorCam: Failed to read frame from camera '/dev/video0'
2026-05-14 13:21:48,561 [ERROR] SensorCam: Failed to read frame from camera '/dev/video0'
2026-05-14 13:21:48,572 [ERROR] SensorCam: Failed to read frame from camera '/dev/video0'
2026-05-14 13:21:48,583 [ERROR] SensorCam: Failed to read frame from camera '/dev/video0'
2026-05-14 13:21:48,612 [ERROR] SensorCam: Failed to read frame from camera '/dev/video0'
2026-05-14 13:21:48,630 [ERROR] SensorCam: Failed to read frame from camera '/dev/video0'
2026-05-14 13:21:48,650 [ERROR] SensorCam: Failed to read frame from camera '/dev/video0'
2026-05-14 13:21:48,661 [ERROR] SensorCam: Failed to read frame from camera '/dev/video0'
2026-05-14 13:21:48,672 [ERROR] SensorCam: Failed to read frame from camera '/dev/video0'
2026-05-14 13:21:48,683 [ERROR] SensorCam: Failed to read frame from camera '/dev/video0'
2026-05-14 13:21:48,693 [ERROR] SensorCam: Failed to read frame from camera '/dev/video0'
2026-05-14 13:21:48,704 [ERROR] SensorCam: Failed to read frame from camera '/dev/video0'
2026-05-14 13:21:48,714 [ERROR] SensorCam: Failed to read frame from camera '/dev/video0'
2026-05-14 13:21:48,725 [ERROR] SensorCam: Failed to read frame from camera '/dev/video0'
2026-05-14 13:21:48,736 [ERROR] SensorCam: Failed to read frame from camera '/dev/video0'
2026-05-14 13:21:48,746 [ERROR] SensorCam: Failed to read frame from camera '/dev/video0'
2026-05-14 13:21:48,757 [ERROR] SensorCam: Failed to read frame from camera '/dev/video0'
2026-05-14 13:21:48,768 [ERROR] SensorCam: Failed to read frame from camera '/dev/video0'
2026-05-14 13:21:48,779 [ERROR] SensorCam: Failed to read frame from camera '/dev/video0'
2026-05-14 13:21:48,790 [ERROR] SensorCam: Failed to read frame from camera '/dev/video0'
2026-05-14 13:21:48,800 [ERROR] SensorCam: Failed to read frame from camera '/dev/video0'
2026-05-14 13:21:48,811 [ERROR] SensorCam: Failed to read frame from camera '/dev/video0'
2026-05-14 13:21:48,822 [ERROR] SensorCam: Failed to read frame from camera '/dev/video0'
2026-05-14 13:21:48,833 [ERROR] SensorCam: Failed to read frame from camera '/dev/video0'
2026-05-14 13:21:48,844 [ERROR] SensorCam: Failed to read frame from camera '/dev/video0'
2026-05-14 13:21:48,855 [ERROR] SensorCam: Failed to read frame from camera '/dev/video0'
2026-05-14 13:21:48,867 [ERROR] SensorCam: Failed to read frame from camera '/dev/video0'
2026-05-14 13:21:48,878 [ERROR] SensorCam: Failed to read frame from camera '/dev/video0'
2026-05-14 13:21:48,889 [ERROR] SensorCam: Failed to read frame from camera '/dev/video0'
2026-05-14 13:21:48,900 [ERROR] SensorCam: Failed to read frame from camera '/dev/video0'
2026-05-14 13:21:48,910 [ERROR] SensorCam: Failed to read frame from camera '/dev/video0'
2026-05-14 13:21:48,921 [ERROR] SensorCam: Failed to read frame from camera '/dev/video0'
2026-05-14 13:21:48,932 [ERROR] SensorCam: Failed to read frame from camera '/dev/video0'
2026-05-14 13:21:48,943 [ERROR] SensorCam: Failed to read frame from camera '/dev/video0'
2026-05-14 13:21:48,953 [ERROR] SensorCam: Failed to read frame from camera '/dev/video0'
2026-05-14 13:21:48,964 [ERROR] SensorCam: Failed to read frame from camera '/dev/video0'
2026-05-14 13:21:48,975 [ERROR] SensorCam: Failed to read frame from camera '/dev/video0'
2026-05-14 13:21:48,986 [ERROR] SensorCam: Failed to read frame from camera '/dev/video0'
2026-05-14 13:21:48,997 [ERROR] SensorCam: Failed to read frame from camera '/dev/video0'
2026-05-14 13:21:49,008 [ERROR] SensorCam: Failed to read frame from camera '/dev/video0'
2026-05-14 13:21:49,019 [ERROR] SensorCam: Failed to read frame from camera '/dev/video0'
2026-05-14 13:21:49,030 [ERROR] SensorCam: Failed to read frame from camera '/dev/video0'
2026-05-14 13:21:49,042 [ERROR] SensorCam: Failed to read frame from camera '/dev/video0'
2026-05-14 13:21:49,053 [ERROR] SensorCam: Failed to read frame from camera '/dev/video0'
2026-05-14 13:21:49,064 [ERROR] SensorCam: Failed to read frame from camera '/dev/video0'
2026-05-14 13:21:49,076 [ERROR] SensorCam: Failed to read frame from camera '/dev/video0'
2026-05-14 13:21:49,087 [ERROR] SensorCam: Failed to read frame from camera '/dev/video0'
2026-05-14 13:21:49,098 [ERROR] SensorCam: Failed to read frame from camera '/dev/video0'
2026-05-14 13:21:49,109 [ERROR] SensorCam: Failed to read frame from camera '/dev/video0'
2026-05-14 13:21:49,120 [ERROR] SensorCam: Failed to read frame from camera '/dev/video0'
2026-05-14 13:21:49,131 [ERROR] SensorCam: Failed to read frame from camera '/dev/video0'
2026-05-14 13:21:49,142 [ERROR] SensorCam: Failed to read frame from camera '/dev/video0'
2026-05-14 13:21:49,152 [ERROR] SensorCam: Failed to read frame from camera '/dev/video0'
2026-05-14 13:21:49,163 [ERROR] SensorCam: Failed to read frame from camera '/dev/video0'
2026-05-14 13:21:49,174 [ERROR] SensorCam: Failed to read frame from camera '/dev/video0'
2026-05-14 13:21:49,186 [ERROR] SensorCam: Failed to read frame from camera '/dev/video0'
2026-05-14 13:21:49,196 [ERROR] SensorCam: Failed to read frame from camera '/dev/video0'
2026-05-14 13:21:49,207 [ERROR] SensorCam: Failed to read frame from camera '/dev/video0'
2026-05-14 13:21:49,218 [ERROR] SensorCam: Failed to read frame from camera '/dev/video0'
2026-05-14 13:21:49,229 [ERROR] SensorCam: Failed to read frame from camera '/dev/video0'
2026-05-14 13:21:49,240 [ERROR] SensorCam: Failed to read frame from camera '/dev/video0'
2026-05-14 13:21:49,252 [ERROR] SensorCam: Failed to read frame from camera '/dev/video0'
2026-05-14 13:21:49,264 [ERROR] SensorCam: Failed to read frame from camera '/dev/video0'
2026-05-14 13:21:49,275 [ERROR] SensorCam: Failed to read frame from camera '/dev/video0'
2026-05-14 13:21:49,286 [ERROR] SensorCam: Failed to read frame from camera '/dev/video0'
2026-05-14 13:21:49,297 [ERROR] SensorCam: Failed to read frame from camera '/dev/video0'
2026-05-14 13:21:49,308 [ERROR] SensorCam: Failed to read frame from camera '/dev/video0'
2026-05-14 13:21:49,319 [ERROR] SensorCam: Failed to read frame from camera '/dev/video0'
2026-05-14 13:21:49,330 [ERROR] SensorCam: Failed to read frame from camera '/dev/video0'
2026-05-14 13:21:49,340 [ERROR] SensorCam: Failed to read frame from camera '/dev/video0'
2026-05-14 13:21:49,351 [ERROR] SensorCam: Failed to read frame from camera '/dev/video0'
2026-05-14 13:21:49,361 [ERROR] SensorCam: Failed to read frame from camera '/dev/video0'
2026-05-14 13:21:49,372 [ERROR] SensorCam: Failed to read frame from camera '/dev/video0'
2026-05-14 13:21:49,383 [ERROR] SensorCam: Failed to read frame from camera '/dev/video0'
2026-05-14 13:21:49,395 [ERROR] SensorCam: Failed to read frame from camera '/dev/video0'
2026-05-14 13:21:49,405 [ERROR] SensorCam: Failed to read frame from camera '/dev/video0'
2026-05-14 13:21:49,416 [ERROR] SensorCam: Failed to read frame from camera '/dev/video0'
2026-05-14 13:21:49,426 [ERROR] SensorCam: Failed to read frame from camera '/dev/video0'
2026-05-14 13:21:49,437 [ERROR] SensorCam: Failed to read frame from camera '/dev/video0'
2026-05-14 13:21:49,448 [ERROR] SensorCam: Failed to read frame from camera '/dev/video0'
2026-05-14 13:21:49,459 [ERROR] SensorCam: Failed to read frame from camera '/dev/video0'
2026-05-14 13:21:49,470 [ERROR] SensorCam: Failed to read frame from camera '/dev/video0'
2026-05-14 13:21:49,481 [ERROR] SensorCam: Failed to read frame from camera '/dev/video0'
2026-05-14 13:21:49,492 [ERROR] SensorCam: Failed to read frame from camera '/dev/video0'
2026-05-14 13:21:49,503 [ERROR] SensorCam: Failed to read frame from camera '/dev/video0'
2026-05-14 13:21:49,514 [ERROR] SensorCam: Failed to read frame from camera '/dev/video0'
2026-05-14 13:21:49,525 [ERROR] SensorCam: Failed to read frame from camera '/dev/video0'
2026-05-14 13:21:49,536 [ERROR] SensorCam: Failed to read frame from camera '/dev/video0'
2026-05-14 13:21:49,547 [ERROR] SensorCam: Failed to read frame from camera '/dev/video0'
2026-05-14 13:21:49,558 [ERROR] SensorCam: Failed to read frame from camera '/dev/video0'
2026-05-14 13:21:49,569 [ERROR] SensorCam: Failed to read frame from camera '/dev/video0'
2026-05-14 13:21:49,580 [ERROR] SensorCam: Failed to read frame from camera '/dev/video0'
2026-05-14 13:21:49,591 [ERROR] SensorCam: Failed to read frame from camera '/dev/video0'
2026-05-14 13:21:49,601 [ERROR] SensorCam: Failed to read frame from camera '/dev/video0'
2026-05-14 13:21:49,612 [ERROR] SensorCam: Failed to read frame from camera '/dev/video0'
2026-05-14 13:21:49,623 [ERROR] SensorCam: Failed to read frame from camera '/dev/video0'
2026-05-14 13:21:49,634 [ERROR] SensorCam: Failed to read frame from camera '/dev/video0'
2026-05-14 13:21:49,645 [ERROR] SensorCam: Failed to read frame from camera '/dev/video0'
2026-05-14 13:21:49,656 [ERROR] SensorCam: Failed to read frame from camera '/dev/video0'
2026-05-14 13:21:49,667 [ERROR] SensorCam: Failed to read frame from camera '/dev/video0'
2026-05-14 13:21:49,678 [ERROR] SensorCam: Failed to read frame from camera '/dev/video0'
2026-05-14 13:21:49,689 [ERROR] SensorCam: Failed to read frame from camera '/dev/video0'
2026-05-14 13:21:49,700 [ERROR] SensorCam: Failed to read frame from camera '/dev/video0'
2026-05-14 13:21:49,711 [ERROR] SensorCam: Failed to read frame from camera '/dev/video0'
2026-05-14 13:21:49,723 [ERROR] SensorCam: Failed to read frame from camera '/dev/video0'
2026-05-14 13:21:49,734 [ERROR] SensorCam: Failed to read frame from camera '/dev/video0'
2026-05-14 13:21:49,746 [ERROR] SensorCam: Failed to read frame from camera '/dev/video0'
2026-05-14 13:21:49,757 [ERROR] SensorCam: Failed to read frame from camera '/dev/video0'
2026-05-14 13:21:49,768 [ERROR] SensorCam: Failed to read frame from camera '/dev/video0'
2026-05-14 13:21:49,779 [ERROR] SensorCam: Failed to read frame from camera '/dev/video0'
2026-05-14 13:21:49,790 [ERROR] SensorCam: Failed to read frame from camera '/dev/video0'
2026-05-14 13:21:49,801 [ERROR] SensorCam: Failed to read frame from camera '/dev/video0'
2026-05-14 13:21:49,812 [ERROR] SensorCam: Failed to read frame from camera '/dev/video0'
2026-05-14 13:21:49,823 [ERROR] SensorCam: Failed to read frame from camera '/dev/video0'
2026-05-14 13:21:49,833 [ERROR] SensorCam: Failed to read frame from camera '/dev/video0'
2026-05-14 13:21:49,844 [ERROR] SensorCam: Failed to read frame from camera '/dev/video0'
2026-05-14 13:21:49,855 [ERROR] SensorCam: Failed to read frame from camera '/dev/video0'
2026-05-14 13:21:49,866 [ERROR] SensorCam: Failed to read frame from camera '/dev/video0'
2026-05-14 13:21:49,878 [ERROR] SensorCam: Failed to read frame from camera '/dev/video0'
2026-05-14 13:21:49,888 [ERROR] SensorCam: Failed to read frame from camera '/dev/video0'
2026-05-14 13:21:49,899 [ERROR] SensorCam: Failed to read frame from camera '/dev/video0'
2026-05-14 13:21:49,910 [ERROR] SensorCam: Failed to read frame from camera '/dev/video0'
2026-05-14 13:21:49,922 [ERROR] SensorCam: Failed to read frame from camera '/dev/video0'
2026-05-14 13:21:49,933 [ERROR] SensorCam: Failed to read frame from camera '/dev/video0'
2026-05-14 13:21:49,945 [ERROR] SensorCam: Failed to read frame from camera '/dev/video0'
2026-05-14 13:21:49,956 [ERROR] SensorCam: Failed to read frame from camera '/dev/video0'
2026-05-14 13:21:49,967 [ERROR] SensorCam: Failed to read frame from camera '/dev/video0'
2026-05-14 13:21:49,978 [ERROR] SensorCam: Failed to read frame from camera '/dev/video0'
2026-05-14 13:21:49,989 [ERROR] SensorCam: Failed to read frame from camera '/dev/video0'
2026-05-14 13:21:50,000 [ERROR] SensorCam: Failed to read frame from camera '/dev/video0'
2026-05-14 13:21:50,010 [ERROR] SensorCam: Failed to read frame from camera '/dev/video0'
2026-05-14 13:21:50,021 [ERROR] SensorCam: Failed to read frame from camera '/dev/video0'
2026-05-14 13:21:50,032 [ERROR] SensorCam: Failed to read frame from camera '/dev/video0'
2026-05-14 13:21:50,043 [ERROR] SensorCam: Failed to read frame from camera '/dev/video0'
2026-05-14 13:21:50,054 [ERROR] SensorCam: Failed to read frame from camera '/dev/video0'
2026-05-14 13:21:50,065 [ERROR] SensorCam: Failed to read frame from camera '/dev/video0'
2026-05-14 13:21:50,076 [ERROR] SensorCam: Failed to read frame from camera '/dev/video0'
2026-05-14 13:21:50,087 [ERROR] SensorCam: Failed to read frame from camera '/dev/video0'
2026-05-14 13:21:50,098 [ERROR] SensorCam: Failed to read frame from camera '/dev/video0'
2026-05-14 13:21:50,109 [ERROR] SensorCam: Failed to read frame from camera '/dev/video0'
2026-05-14 13:21:50,120 [ERROR] SensorCam: Failed to read frame from camera '/dev/video0'
2026-05-14 13:21:50,130 [ERROR] SensorCam: Failed to read frame from camera '/dev/video0'
2026-05-14 13:21:50,141 [ERROR] SensorCam: Failed to read frame from camera '/dev/video0'
2026-05-14 13:21:50,153 [ERROR] SensorCam: Failed to read frame from camera '/dev/video0'
2026-05-14 13:21:50,163 [ERROR] SensorCam: Failed to read frame from camera '/dev/video0'
2026-05-14 13:21:50,174 [ERROR] SensorCam: Failed to read frame from camera '/dev/video0'
2026-05-14 13:21:50,185 [ERROR] SensorCam: Failed to read frame from camera '/dev/video0'
2026-05-14 13:21:50,196 [ERROR] SensorCam: Failed to read frame from camera '/dev/video0'
2026-05-14 13:21:50,207 [ERROR] SensorCam: Failed to read frame from camera '/dev/video0'
2026-05-14 13:21:50,218 [ERROR] SensorCam: Failed to read frame from camera '/dev/video0'
2026-05-14 13:21:50,228 [ERROR] SensorCam: Failed to read frame from camera '/dev/video0'
2026-05-14 13:21:50,239 [ERROR] SensorCam: Failed to read frame from camera '/dev/video0'
2026-05-14 13:21:50,250 [ERROR] SensorCam: Failed to read frame from camera '/dev/video0'
2026-05-14 13:21:50,261 [ERROR] SensorCam: Failed to read frame from camera '/dev/video0'
2026-05-14 13:21:50,272 [ERROR] SensorCam: Failed to read frame from camera '/dev/video0'
2026-05-14 13:21:50,283 [ERROR] SensorCam: Failed to read frame from camera '/dev/video0'
2026-05-14 13:21:50,294 [ERROR] SensorCam: Failed to read frame from camera '/dev/video0'
2026-05-14 13:21:50,305 [ERROR] SensorCam: Failed to read frame from camera '/dev/video0'
2026-05-14 13:21:50,315 [ERROR] SensorCam: Failed to read frame from camera '/dev/video0'
2026-05-14 13:21:50,326 [ERROR] SensorCam: Failed to read frame from camera '/dev/video0'
2026-05-14 13:21:50,337 [ERROR] SensorCam: Failed to read frame from camera '/dev/video0'
2026-05-14 13:21:50,348 [ERROR] SensorCam: Failed to read frame from camera '/dev/video0'
2026-05-14 13:21:50,359 [ERROR] SensorCam: Failed to read frame from camera '/dev/video0'
2026-05-14 13:21:50,371 [ERROR] SensorCam: Failed to read frame from camera '/dev/video0'
2026-05-14 13:21:50,382 [ERROR] SensorCam: Failed to read frame from camera '/dev/video0'
2026-05-14 13:21:50,392 [ERROR] SensorCam: Failed to read frame from camera '/dev/video0'
2026-05-14 13:21:50,404 [ERROR] SensorCam: Failed to read frame from camera '/dev/video0'
2026-05-14 13:21:50,415 [ERROR] SensorCam: Failed to read frame from camera '/dev/video0'
2026-05-14 13:21:50,426 [ERROR] SensorCam: Failed to read frame from camera '/dev/video0'
2026-05-14 13:21:50,438 [ERROR] SensorCam: Failed to read frame from camera '/dev/video0'
2026-05-14 13:21:50,448 [ERROR] SensorCam: Failed to read frame from camera '/dev/video0'
2026-05-14 13:21:50,460 [ERROR] SensorCam: Failed to read frame from camera '/dev/video0'
2026-05-14 13:21:50,470 [ERROR] SensorCam: Failed to read frame from camera '/dev/video0'
2026-05-14 13:21:50,520 [ERROR] SensorCam: Failed to read frame from camera '/dev/video0'
2026-05-14 13:21:50,536 [ERROR] SensorCam: Failed to read frame from camera '/dev/video0'
2026-05-14 13:21:50,547 [ERROR] SensorCam: Failed to read frame from camera '/dev/video0'
2026-05-14 13:21:50,558 [ERROR] SensorCam: Failed to read frame from camera '/dev/video0'
2026-05-14 13:21:50,569 [ERROR] SensorCam: Failed to read frame from camera '/dev/video0'
2026-05-14 13:21:50,580 [ERROR] SensorCam: Failed to read frame from camera '/dev/video0'
2026-05-14 13:21:50,591 [ERROR] SensorCam: Failed to read frame from camera '/dev/video0'
2026-05-14 13:21:50,602 [ERROR] SensorCam: Failed to read frame from camera '/dev/video0'
2026-05-14 13:21:50,613 [ERROR] SensorCam: Failed to read frame from camera '/dev/video0'
2026-05-14 13:21:50,624 [ERROR] SensorCam: Failed to read frame from camera '/dev/video0'
2026-05-14 13:21:50,634 [ERROR] SensorCam: Failed to read frame from camera '/dev/video0'
2026-05-14 13:21:50,645 [ERROR] SensorCam: Failed to read frame from camera '/dev/video0'
2026-05-14 13:21:50,656 [ERROR] SensorCam: Failed to read frame from camera '/dev/video0'
2026-05-14 13:21:50,667 [ERROR] SensorCam: Failed to read frame from camera '/dev/video0'
2026-05-14 13:21:50,678 [ERROR] SensorCam: Failed to read frame from camera '/dev/video0'
2026-05-14 13:21:50,689 [ERROR] SensorCam: Failed to read frame from camera '/dev/video0'
2026-05-14 13:21:50,700 [ERROR] SensorCam: Failed to read frame from camera '/dev/video0'
2026-05-14 13:21:50,711 [ERROR] SensorCam: Failed to read frame from camera '/dev/video0'
2026-05-14 13:21:50,722 [ERROR] SensorCam: Failed to read frame from camera '/dev/video0'
2026-05-14 13:21:50,733 [ERROR] SensorCam: Failed to read frame from camera '/dev/video0'
2026-05-14 13:21:50,744 [ERROR] SensorCam: Failed to read frame from camera '/dev/video0'
2026-05-14 13:21:50,755 [ERROR] SensorCam: Failed to read frame from camera '/dev/video0'
2026-05-14 13:21:50,766 [ERROR] SensorCam: Failed to read frame from camera '/dev/video0'
2026-05-14 13:21:50,777 [ERROR] SensorCam: Failed to read frame from camera '/dev/video0'
2026-05-14 13:21:50,788 [ERROR] SensorCam: Failed to read frame from camera '/dev/video0'
2026-05-14 13:21:50,800 [ERROR] SensorCam: Failed to read frame from camera '/dev/video0'
2026-05-14 13:21:50,811 [ERROR] SensorCam: Failed to read frame from camera '/dev/video0'
2026-05-14 13:21:50,822 [ERROR] SensorCam: Failed to read frame from camera '/dev/video0'
2026-05-14 13:21:50,833 [ERROR] SensorCam: Failed to read frame from camera '/dev/video0'
2026-05-14 13:21:50,845 [ERROR] SensorCam: Failed to read frame from camera '/dev/video0'
2026-05-14 13:21:50,855 [ERROR] SensorCam: Failed to read frame from camera '/dev/video0'
2026-05-14 13:21:50,866 [ERROR] SensorCam: Failed to read frame from camera '/dev/video0'
2026-05-14 13:21:50,877 [ERROR] SensorCam: Failed to read frame from camera '/dev/video0'
2026-05-14 13:21:50,889 [ERROR] SensorCam: Failed to read frame from camera '/dev/video0'
2026-05-14 13:21:50,899 [ERROR] SensorCam: Failed to read frame from camera '/dev/video0'
2026-05-14 13:21:50,910 [ERROR] SensorCam: Failed to read frame from camera '/dev/video0'
2026-05-14 13:21:50,921 [ERROR] SensorCam: Failed to read frame from camera '/dev/video0'
2026-05-14 13:21:50,932 [ERROR] SensorCam: Failed to read frame from camera '/dev/video0'
2026-05-14 13:21:50,943 [ERROR] SensorCam: Failed to read frame from camera '/dev/video0'
2026-05-14 13:21:50,953 [ERROR] SensorCam: Failed to read frame from camera '/dev/video0'
2026-05-14 13:21:50,964 [ERROR] SensorCam: Failed to read frame from camera '/dev/video0'
2026-05-14 13:21:50,975 [ERROR] SensorCam: Failed to read frame from camera '/dev/video0'
2026-05-14 13:21:50,986 [ERROR] SensorCam: Failed to read frame from camera '/dev/video0'
2026-05-14 13:21:50,997 [ERROR] SensorCam: Failed to read frame from camera '/dev/video0'
2026-05-14 13:21:51,008 [ERROR] SensorCam: Failed to read frame from camera '/dev/video0'
2026-05-14 13:21:51,020 [ERROR] SensorCam: Failed to read frame from camera '/dev/video0'
2026-05-14 13:21:51,030 [ERROR] SensorCam: Failed to read frame from camera '/dev/video0'
2026-05-14 13:21:51,041 [ERROR] SensorCam: Failed to read frame from camera '/dev/video0'
2026-05-14 13:21:51,051 [ERROR] SensorCam: Failed to read frame from camera '/dev/video0'
2026-05-14 13:21:51,062 [ERROR] SensorCam: Failed to read frame from camera '/dev/video0'
2026-05-14 13:21:51,073 [ERROR] SensorCam: Failed to read frame from camera '/dev/video0'
2026-05-14 13:21:51,084 [ERROR] SensorCam: Failed to read frame from camera '/dev/video0'
2026-05-14 13:21:51,094 [ERROR] SensorCam: Failed to read frame from camera '/dev/video0'
2026-05-14 13:21:51,106 [ERROR] SensorCam: Failed to read frame from camera '/dev/video0'
2026-05-14 13:21:51,117 [ERROR] SensorCam: Failed to read frame from camera '/dev/video0'
2026-05-14 13:21:51,128 [ERROR] SensorCam: Failed to read frame from camera '/dev/video0'
2026-05-14 13:21:51,139 [ERROR] SensorCam: Failed to read frame from camera '/dev/video0'
2026-05-14 13:21:51,149 [ERROR] SensorCam: Failed to read frame from camera '/dev/video0'
2026-05-14 13:21:51,160 [ERROR] SensorCam: Failed to read frame from camera '/dev/video0'
2026-05-14 13:21:51,170 [ERROR] SensorCam: Failed to read frame from camera '/dev/video0'
2026-05-14 13:21:51,181 [ERROR] SensorCam: Failed to read frame from camera '/dev/video0'
2026-05-14 13:21:51,193 [ERROR] SensorCam: Failed to read frame from camera '/dev/video0'
2026-05-14 13:21:51,204 [ERROR] SensorCam: Failed to read frame from camera '/dev/video0'
2026-05-14 13:21:51,215 [ERROR] SensorCam: Failed to read frame from camera '/dev/video0'
2026-05-14 13:21:51,226 [ERROR] SensorCam: Failed to read frame from camera '/dev/video0'
2026-05-14 13:21:51,237 [ERROR] SensorCam: Failed to read frame from camera '/dev/video0'
2026-05-14 13:21:51,248 [ERROR] SensorCam: Failed to read frame from camera '/dev/video0'
2026-05-14 13:21:51,259 [ERROR] SensorCam: Failed to read frame from camera '/dev/video0'
2026-05-14 13:21:51,269 [ERROR] SensorCam: Failed to read frame from camera '/dev/video0'
2026-05-14 13:21:51,280 [ERROR] SensorCam: Failed to read frame from camera '/dev/video0'
2026-05-14 13:21:51,291 [ERROR] SensorCam: Failed to read frame from camera '/dev/video0'
2026-05-14 13:21:51,302 [ERROR] SensorCam: Failed to read frame from camera '/dev/video0'
2026-05-14 13:21:51,313 [ERROR] SensorCam: Failed to read frame from camera '/dev/video0'
2026-05-14 13:21:51,324 [ERROR] SensorCam: Failed to read frame from camera '/dev/video0'
2026-05-14 13:21:51,339 [ERROR] SensorCam: Failed to read frame from camera '/dev/video0'
2026-05-14 13:21:51,350 [ERROR] SensorCam: Failed to read frame from camera '/dev/video0'
2026-05-14 13:21:51,361 [ERROR] SensorCam: Failed to read frame from camera '/dev/video0'
2026-05-14 13:21:51,372 [ERROR] SensorCam: Failed to read frame from camera '/dev/video0'
2026-05-14 13:21:51,384 [ERROR] SensorCam: Failed to read frame from camera '/dev/video0'
2026-05-14 13:21:51,394 [ERROR] SensorCam: Failed to read frame from camera '/dev/video0'
2026-05-14 13:21:51,405 [ERROR] SensorCam: Failed to read frame from camera '/dev/video0'
2026-05-14 13:21:51,416 [ERROR] SensorCam: Failed to read frame from camera '/dev/video0'
2026-05-14 13:21:51,427 [ERROR] SensorCam: Failed to read frame from camera '/dev/video0'
2026-05-14 13:21:51,438 [ERROR] SensorCam: Failed to read frame from camera '/dev/video0'
2026-05-14 13:21:51,449 [ERROR] SensorCam: Failed to read frame from camera '/dev/video0'
2026-05-14 13:21:51,460 [ERROR] SensorCam: Failed to read frame from camera '/dev/video0'
2026-05-14 13:21:51,471 [ERROR] SensorCam: Failed to read frame from camera '/dev/video0'
2026-05-14 13:21:51,482 [ERROR] SensorCam: Failed to read frame from camera '/dev/video0'
2026-05-14 13:21:51,494 [ERROR] SensorCam: Failed to read frame from camera '/dev/video0'
2026-05-14 13:21:51,504 [ERROR] SensorCam: Failed to read frame from camera '/dev/video0'
2026-05-14 13:21:51,516 [ERROR] SensorCam: Failed to read frame from camera '/dev/video0'
2026-05-14 13:21:51,527 [ERROR] SensorCam: Failed to read frame from camera '/dev/video0'
2026-05-14 13:21:51,538 [ERROR] SensorCam: Failed to read frame from camera '/dev/video0'
2026-05-14 13:21:51,549 [ERROR] SensorCam: Failed to read frame from camera '/dev/video0'
2026-05-14 13:21:51,560 [ERROR] SensorCam: Failed to read frame from camera '/dev/video0'
2026-05-14 13:21:51,572 [ERROR] SensorCam: Failed to read frame from camera '/dev/video0'
2026-05-14 13:21:51,583 [ERROR] SensorCam: Failed to read frame from camera '/dev/video0'
2026-05-14 13:21:51,593 [ERROR] SensorCam: Failed to read frame from camera '/dev/video0'
2026-05-14 13:21:51,605 [ERROR] SensorCam: Failed to read frame from camera '/dev/video0'
2026-05-14 13:21:51,616 [ERROR] SensorCam: Failed to read frame from camera '/dev/video0'
2026-05-14 13:21:51,629 [ERROR] SensorCam: Failed to read frame from camera '/dev/video0'
2026-05-14 13:21:51,640 [ERROR] SensorCam: Failed to read frame from camera '/dev/video0'
2026-05-14 13:21:51,651 [ERROR] SensorCam: Failed to read frame from camera '/dev/video0'
2026-05-14 13:21:51,663 [ERROR] SensorCam: Failed to read frame from camera '/dev/video0'
2026-05-14 13:21:51,674 [ERROR] SensorCam: Failed to read frame from camera '/dev/video0'
2026-05-14 13:21:51,685 [ERROR] SensorCam: Failed to read frame from camera '/dev/video0'
2026-05-14 13:21:51,697 [ERROR] SensorCam: Failed to read frame from camera '/dev/video0'
2026-05-14 13:21:51,707 [ERROR] SensorCam: Failed to read frame from camera '/dev/video0'
2026-05-14 13:21:51,719 [ERROR] SensorCam: Failed to read frame from camera '/dev/video0'
2026-05-14 13:21:51,729 [ERROR] SensorCam: Failed to read frame from camera '/dev/video0'
2026-05-14 13:21:51,740 [ERROR] SensorCam: Failed to read frame from camera '/dev/video0'
2026-05-14 13:21:51,751 [ERROR] SensorCam: Failed to read frame from camera '/dev/video0'
2026-05-14 13:21:51,762 [ERROR] SensorCam: Failed to read frame from camera '/dev/video0'
2026-05-14 13:21:51,773 [ERROR] SensorCam: Failed to read frame from camera '/dev/video0'
2026-05-14 13:21:51,784 [ERROR] SensorCam: Failed to read frame from camera '/dev/video0'
2026-05-14 13:21:51,796 [ERROR] SensorCam: Failed to read frame from camera '/dev/video0'
2026-05-14 13:21:51,807 [ERROR] SensorCam: Failed to read frame from camera '/dev/video0'
2026-05-14 13:21:51,817 [ERROR] SensorCam: Failed to read frame from camera '/dev/video0'
2026-05-14 13:21:51,829 [ERROR] SensorCam: Failed to read frame from camera '/dev/video0'
2026-05-14 13:21:51,840 [ERROR] SensorCam: Failed to read frame from camera '/dev/video0'
2026-05-14 13:21:51,851 [ERROR] SensorCam: Failed to read frame from camera '/dev/video0'
2026-05-14 13:21:51,862 [ERROR] SensorCam: Failed to read frame from camera '/dev/video0'
2026-05-14 13:21:51,874 [ERROR] SensorCam: Failed to read frame from camera '/dev/video0'
2026-05-14 13:21:51,885 [ERROR] SensorCam: Failed to read frame from camera '/dev/video0'
2026-05-14 13:21:51,895 [ERROR] SensorCam: Failed to read frame from camera '/dev/video0'
2026-05-14 13:21:51,907 [ERROR] SensorCam: Failed to read frame from camera '/dev/video0'
2026-05-14 13:21:51,918 [ERROR] SensorCam: Failed to read frame from camera '/dev/video0'
2026-05-14 13:21:51,929 [ERROR] SensorCam: Failed to read frame from camera '/dev/video0'
2026-05-14 13:21:51,940 [ERROR] SensorCam: Failed to read frame from camera '/dev/video0'
2026-05-14 13:21:51,951 [ERROR] SensorCam: Failed to read frame from camera '/dev/video0'
2026-05-14 13:21:51,962 [ERROR] SensorCam: Failed to read frame from camera '/dev/video0'
2026-05-14 13:21:51,973 [ERROR] SensorCam: Failed to read frame from camera '/dev/video0'
2026-05-14 13:21:51,984 [ERROR] SensorCam: Failed to read frame from camera '/dev/video0'
2026-05-14 13:21:51,995 [ERROR] SensorCam: Failed to read frame from camera '/dev/video0'
2026-05-14 13:21:52,006 [ERROR] SensorCam: Failed to read frame from camera '/dev/video0'
2026-05-14 13:21:52,017 [ERROR] SensorCam: Failed to read frame from camera '/dev/video0'
2026-05-14 13:21:52,028 [ERROR] SensorCam: Failed to read frame from camera '/dev/video0'
2026-05-14 13:21:52,039 [ERROR] SensorCam: Failed to read frame from camera '/dev/video0'
2026-05-14 13:21:52,050 [ERROR] SensorCam: Failed to read frame from camera '/dev/video0'
2026-05-14 13:21:52,061 [ERROR] SensorCam: Failed to read frame from camera '/dev/video0'
2026-05-14 13:21:52,072 [ERROR] SensorCam: Failed to read frame from camera '/dev/video0'
2026-05-14 13:21:52,083 [ERROR] SensorCam: Failed to read frame from camera '/dev/video0'
2026-05-14 13:21:52,094 [ERROR] SensorCam: Failed to read frame from camera '/dev/video0'
2026-05-14 13:21:52,104 [ERROR] SensorCam: Failed to read frame from camera '/dev/video0'
2026-05-14 13:21:52,116 [ERROR] SensorCam: Failed to read frame from camera '/dev/video0'
2026-05-14 13:21:52,127 [ERROR] SensorCam: Failed to read frame from camera '/dev/video0'
2026-05-14 13:21:52,137 [ERROR] SensorCam: Failed to read frame from camera '/dev/video0'
2026-05-14 13:21:52,149 [ERROR] SensorCam: Failed to read frame from camera '/dev/video0'
2026-05-14 13:21:52,160 [ERROR] SensorCam: Failed to read frame from camera '/dev/video0'
2026-05-14 13:21:52,171 [ERROR] SensorCam: Failed to read frame from camera '/dev/video0'
2026-05-14 13:21:52,182 [ERROR] SensorCam: Failed to read frame from camera '/dev/video0'
2026-05-14 13:21:52,193 [ERROR] SensorCam: Failed to read frame from camera '/dev/video0'
2026-05-14 13:21:52,204 [ERROR] SensorCam: Failed to read frame from camera '/dev/video0'
2026-05-14 13:21:52,215 [ERROR] SensorCam: Failed to read frame from camera '/dev/video0'
2026-05-14 13:21:52,226 [ERROR] SensorCam: Failed to read frame from camera '/dev/video0'
2026-05-14 13:21:52,237 [ERROR] SensorCam: Failed to read frame from camera '/dev/video0'
2026-05-14 13:21:52,248 [ERROR] SensorCam: Failed to read frame from camera '/dev/video0'
2026-05-14 13:21:52,259 [ERROR] SensorCam: Failed to read frame from camera '/dev/video0'
2026-05-14 13:21:52,270 [ERROR] SensorCam: Failed to read frame from camera '/dev/video0'
2026-05-14 13:21:52,281 [ERROR] SensorCam: Failed to read frame from camera '/dev/video0'
2026-05-14 13:21:52,312 [ERROR] SensorCam: Failed to read frame from camera '/dev/video0'
2026-05-14 13:21:52,332 [ERROR] SensorCam: Failed to read frame from camera '/dev/video0'
2026-05-14 13:21:52,342 [ERROR] SensorCam: Failed to read frame from camera '/dev/video0'
2026-05-14 13:21:52,353 [ERROR] SensorCam: Failed to read frame from camera '/dev/video0'
2026-05-14 13:21:52,364 [ERROR] SensorCam: Failed to read frame from camera '/dev/video0'
2026-05-14 13:21:52,374 [ERROR] SensorCam: Failed to read frame from camera '/dev/video0'
2026-05-14 13:21:52,385 [ERROR] SensorCam: Failed to read frame from camera '/dev/video0'
2026-05-14 13:21:52,396 [ERROR] SensorCam: Failed to read frame from camera '/dev/video0'
2026-05-14 13:21:52,403 [INFO] __main__: Quit key pressed
2026-05-14 13:21:52,405 [INFO] worker.Sensor0: Thread stopped
2026-05-14 13:21:52,407 [INFO] worker.Camera: Thread stopped
2026-05-14 13:21:52,467 [INFO] worker.Sensor1: Thread stopped
2026-05-14 13:21:52,969 [INFO] worker.Sensor2: Thread stopped
2026-05-14 13:21:52,982 [INFO] WindowImage: Window destroyed
2026-05-14 13:21:52,983 [INFO] __main__: Shutdown complete
2026-05-14 13:21:52,995 [INFO] SensorCam: Camera '/dev/video0' released
2026-05-14 13:28:43,429 [INFO] SensorCam: Camera '/dev/video0' opened at 1280x720
2026-05-14 13:28:43,462 [INFO] WindowImage: Window created at 1.0 fps
2026-05-14 13:28:43,464 [INFO] worker.Sensor0: Thread started
2026-05-14 13:28:43,465 [INFO] worker.Sensor1: Thread started
2026-05-14 13:28:43,465 [INFO] worker.Sensor2: Thread started
2026-05-14 13:28:43,465 [INFO] worker.Camera: Thread started
2026-05-14 13:28:43,466 [INFO] __main__: Running. Press 'q' or ESC to quit.
2026-05-14 13:29:01,017 [INFO] __main__: Quit key pressed
2026-05-14 13:29:01,023 [INFO] worker.Sensor0: Thread stopped
2026-05-14 13:29:01,032 [INFO] worker.Camera: Thread stopped
2026-05-14 13:29:01,069 [INFO] worker.Sensor1: Thread stopped
2026-05-14 13:29:01,475 [INFO] worker.Sensor2: Thread stopped
2026-05-14 13:29:01,487 [INFO] WindowImage: Window destroyed
2026-05-14 13:29:01,488 [INFO] __main__: Shutdown complete
2026-05-14 13:29:01,506 [INFO] SensorCam: Camera '/dev/video0' released
2026-05-14 13:29:23,987 [INFO] SensorCam: Camera '/dev/video0' opened at 1280x720
2026-05-14 13:29:24,005 [INFO] WindowImage: Window created at 1.0 fps
2026-05-14 13:29:24,005 [INFO] worker.Sensor0: Thread started
2026-05-14 13:29:24,005 [INFO] worker.Sensor1: Thread started
2026-05-14 13:29:24,005 [INFO] worker.Sensor2: Thread started
2026-05-14 13:29:24,005 [INFO] worker.Camera: Thread started
2026-05-14 13:29:24,010 [INFO] __main__: Running. Press 'q' or ESC to quit.
2026-05-14 13:29:31,171 [ERROR] SensorCam: Failed to read frame from camera '/dev/video0'
2026-05-14 13:29:31,171 [WARNING] worker.Camera: Camera lost (fail 1/3)
2026-05-14 13:29:31,171 [INFO] worker.Camera: Reconnect attempt 1/3 in 1.0 s...
2026-05-14 13:29:32,611 [INFO] SensorCam: Reconnected to camera '/dev/video0'
2026-05-14 13:29:32,611 [INFO] worker.Camera: Camera restored on attempt 1
2026-05-14 13:30:50,359 [INFO] __main__: Interrupted by user
2026-05-14 13:30:50,362 [INFO] worker.Sensor0: Thread stopped
2026-05-14 13:30:50,377 [INFO] worker.Camera: Thread stopped
2026-05-14 13:30:50,453 [INFO] worker.Sensor1: Thread stopped
2026-05-14 13:30:51,073 [INFO] worker.Sensor2: Thread stopped
2026-05-14 13:30:51,080 [INFO] WindowImage: Window destroyed
2026-05-14 13:30:51,081 [INFO] __main__: Shutdown complete
2026-05-14 13:30:51,169 [INFO] SensorCam: Camera '/dev/video0' released
2026-05-14 13:31:32,993 [INFO] SensorCam: Camera '/dev/video0' opened at 1280x720
2026-05-14 13:31:33,027 [INFO] WindowImage: Window created at 1.0 fps
2026-05-14 13:31:33,029 [INFO] worker.Sensor0: Thread started
2026-05-14 13:31:33,031 [INFO] worker.Sensor1: Thread started
2026-05-14 13:31:33,031 [INFO] worker.Sensor2: Thread started
2026-05-14 13:31:33,031 [INFO] worker.Camera: Thread started
2026-05-14 13:31:33,031 [INFO] __main__: Running. Press 'q' or ESC to quit.
2026-05-14 13:31:48,379 [ERROR] SensorCam: Failed to read frame from camera '/dev/video0'
2026-05-14 13:31:48,379 [WARNING] worker.Camera: Camera lost (fail 1/3)
2026-05-14 13:31:48,379 [INFO] worker.Camera: Reconnect attempt 1/3 in 1.0 s...
2026-05-14 13:31:49,383 [ERROR] SensorCam: Camera '/dev/video0' is not open
2026-05-14 13:31:49,383 [WARNING] worker.Camera: Camera lost (fail 2/3)
2026-05-14 13:31:49,383 [INFO] worker.Camera: Reconnect attempt 2/3 in 1.0 s...
2026-05-14 13:31:50,386 [ERROR] SensorCam: Camera '/dev/video0' is not open
2026-05-14 13:31:50,386 [WARNING] worker.Camera: Camera lost (fail 3/3)
2026-05-14 13:31:50,386 [INFO] worker.Camera: Reconnect attempt 3/3 in 1.0 s...
2026-05-14 13:31:51,387 [ERROR] SensorCam: Camera '/dev/video0' is not open
2026-05-14 13:31:51,387 [WARNING] worker.Camera: Camera lost (fail 4/3)
2026-05-14 13:31:51,387 [ERROR] worker.Camera: Camera unavailable after 3 attempts — shutting down
2026-05-14 13:31:51,388 [INFO] worker.Camera: Thread stopped
2026-05-14 13:31:51,398 [INFO] worker.Sensor0: Thread stopped
2026-05-14 13:31:51,426 [INFO] worker.Sensor1: Thread stopped
2026-05-14 13:31:52,041 [INFO] worker.Sensor2: Thread stopped
2026-05-14 13:34:09,900 [INFO] __main__: Quit key pressed
2026-05-14 13:34:09,901 [INFO] WindowImage: Window destroyed
2026-05-14 13:34:09,901 [INFO] __main__: Shutdown complete
2026-05-14 13:34:23,551 [INFO] SensorCam: Camera '/dev/video0' opened at 1280x720
2026-05-14 13:34:23,593 [INFO] WindowImage: Window created at 1.0 fps
2026-05-14 13:34:23,596 [INFO] worker.Sensor0: Thread started
2026-05-14 13:34:23,606 [INFO] worker.Sensor1: Thread started
2026-05-14 13:34:23,606 [INFO] worker.Sensor2: Thread started
2026-05-14 13:34:23,606 [INFO] worker.Camera: Thread started
2026-05-14 13:34:23,606 [INFO] __main__: Running. Press 'q' or ESC to quit.
2026-05-14 13:34:30,312 [ERROR] SensorCam: Failed to read frame from camera '/dev/video0'
2026-05-14 13:34:30,312 [WARNING] worker.Camera: Camera lost (fail 1/3)
2026-05-14 13:34:30,312 [INFO] worker.Camera: Reconnect attempt 1/3 in 1.0 s...
2026-05-14 13:34:31,808 [WARNING] SensorCam: Wrong camera at index 0: got 640x480, expected 1280x720 — skipping
2026-05-14 13:34:31,840 [ERROR] SensorCam: Camera '/dev/video0' is not open
2026-05-14 13:34:31,840 [WARNING] worker.Camera: Camera lost (fail 2/3)
2026-05-14 13:34:31,840 [INFO] worker.Camera: Reconnect attempt 2/3 in 1.0 s...
2026-05-14 13:34:33,223 [WARNING] SensorCam: Wrong camera at index 0: got 640x480, expected 1280x720 — skipping
2026-05-14 13:34:33,223 [ERROR] SensorCam: Camera '/dev/video0' is not open
2026-05-14 13:34:33,223 [WARNING] worker.Camera: Camera lost (fail 3/3)
2026-05-14 13:34:33,223 [INFO] worker.Camera: Reconnect attempt 3/3 in 1.0 s...
2026-05-14 13:34:34,645 [WARNING] SensorCam: Wrong camera at index 0: got 640x480, expected 1280x720 — skipping
2026-05-14 13:34:34,646 [ERROR] SensorCam: Camera '/dev/video0' is not open
2026-05-14 13:34:34,646 [WARNING] worker.Camera: Camera lost (fail 4/3)
2026-05-14 13:34:34,646 [ERROR] worker.Camera: Camera unavailable after 3 attempts — shutting down
2026-05-14 13:34:34,646 [INFO] worker.Camera: Thread stopped
2026-05-14 13:34:34,649 [INFO] worker.Sensor0: Thread stopped
2026-05-14 13:34:34,664 [INFO] worker.Sensor1: Thread stopped
2026-05-14 13:34:35,617 [INFO] worker.Sensor2: Thread stopped
2026-05-14 13:35:33,907 [INFO] __main__: Interrupted by user
2026-05-14 13:35:33,907 [INFO] WindowImage: Window destroyed
2026-05-14 13:35:33,907 [INFO] __main__: Shutdown complete
2026-05-14 13:36:37,695 [INFO] SensorCam: Camera '/dev/video0' opened at 1280x720
2026-05-14 13:36:37,728 [INFO] WindowImage: Window created at 1.0 fps
2026-05-14 13:36:37,730 [INFO] worker.Sensor0: Thread started
2026-05-14 13:36:37,731 [INFO] worker.Sensor1: Thread started
2026-05-14 13:36:37,731 [INFO] worker.Sensor2: Thread started
2026-05-14 13:36:37,731 [INFO] worker.Camera: Thread started
2026-05-14 13:36:37,731 [INFO] __main__: Running. Press 'q' or ESC to quit.
2026-05-14 13:36:45,522 [ERROR] SensorCam: Failed to read frame from camera '/dev/video0'
2026-05-14 13:36:45,522 [WARNING] worker.Camera: Camera lost (fail 1/3)
2026-05-14 13:36:45,522 [INFO] worker.Camera: Reconnect attempt 1/3 in 1.0 s...
2026-05-14 13:36:46,998 [WARNING] SensorCam: Wrong camera at index 0: got 640x480, expected 1280x720 — skipping
2026-05-14 13:36:47,026 [ERROR] SensorCam: Camera '/dev/video0' is not open
2026-05-14 13:36:47,026 [WARNING] worker.Camera: Camera lost (fail 2/3)
2026-05-14 13:36:47,026 [INFO] worker.Camera: Reconnect attempt 2/3 in 1.0 s...
2026-05-14 13:36:48,401 [WARNING] SensorCam: Wrong camera at index 0: got 640x480, expected 1280x720 — skipping
2026-05-14 13:36:48,402 [ERROR] SensorCam: Camera '/dev/video0' is not open
2026-05-14 13:36:48,402 [WARNING] worker.Camera: Camera lost (fail 3/3)
2026-05-14 13:36:48,402 [INFO] worker.Camera: Reconnect attempt 3/3 in 1.0 s...
2026-05-14 13:36:49,788 [WARNING] SensorCam: Wrong camera at index 0: got 640x480, expected 1280x720 — skipping
2026-05-14 13:36:49,827 [ERROR] SensorCam: Camera '/dev/video0' is not open
2026-05-14 13:36:49,827 [WARNING] worker.Camera: Camera lost (fail 4/3)
2026-05-14 13:36:49,827 [ERROR] worker.Camera: Camera unavailable after 3 attempts — shutting down
2026-05-14 13:36:49,827 [INFO] worker.Camera: Thread stopped
2026-05-14 13:36:49,837 [INFO] worker.Sensor0: Thread stopped
2026-05-14 13:36:49,894 [INFO] worker.Sensor1: Thread stopped
2026-05-14 13:36:50,738 [INFO] worker.Sensor2: Thread stopped
2026-05-14 13:36:50,738 [INFO] WindowImage: Window destroyed
2026-05-14 13:36:50,738 [INFO] __main__: Shutdown complete
2026-05-14 14:24:03,370 [INFO] SensorCam: Camera '/dev/video0' opened at 1280x720
2026-05-14 14:24:03,421 [INFO] WindowImage: Window created at 1.0 fps
2026-05-14 14:24:03,424 [INFO] worker.Sensor0: Thread started
2026-05-14 14:24:03,425 [INFO] worker.Sensor1: Thread started
2026-05-14 14:24:03,426 [INFO] worker.Sensor2: Thread started
2026-05-14 14:24:03,426 [INFO] worker.Camera: Thread started
2026-05-14 14:24:03,426 [INFO] __main__: Running. Press 'q' or ESC to quit.
2026-05-14 14:24:12,426 [ERROR] SensorCam: Failed to read frame from camera '/dev/video0'
2026-05-14 14:24:12,426 [WARNING] worker.Camera: Camera lost (fail 1/3)
2026-05-14 14:24:12,426 [INFO] worker.Camera: Reconnect attempt 1/3 in 1.0 s...
2026-05-14 14:24:13,723 [WARNING] SensorCam: Wrong camera at index 0: got 640x480, expected 1280x720 — skipping
2026-05-14 14:24:13,752 [ERROR] SensorCam: Camera '/dev/video0' is not open
2026-05-14 14:24:13,753 [WARNING] worker.Camera: Camera lost (fail 2/3)
2026-05-14 14:24:13,753 [INFO] worker.Camera: Reconnect attempt 2/3 in 1.0 s...
2026-05-14 14:24:15,026 [WARNING] SensorCam: Wrong camera at index 0: got 640x480, expected 1280x720 — skipping
2026-05-14 14:24:15,029 [ERROR] SensorCam: Camera '/dev/video0' is not open
2026-05-14 14:24:15,029 [WARNING] worker.Camera: Camera lost (fail 3/3)
2026-05-14 14:24:15,029 [INFO] worker.Camera: Reconnect attempt 3/3 in 1.0 s...
2026-05-14 14:24:16,330 [WARNING] SensorCam: Wrong camera at index 0: got 640x480, expected 1280x720 — skipping
2026-05-14 14:24:16,332 [ERROR] SensorCam: Camera '/dev/video0' is not open
2026-05-14 14:24:16,332 [WARNING] worker.Camera: Camera lost (fail 4/3)
2026-05-14 14:24:16,332 [ERROR] worker.Camera: Camera unavailable after 3 attempts — shutting down
2026-05-14 14:24:16,332 [INFO] worker.Camera: Thread stopped
2026-05-14 14:24:16,341 [INFO] worker.Sensor0: Thread stopped
2026-05-14 14:24:16,407 [INFO] worker.Sensor1: Thread stopped
2026-05-14 14:24:16,432 [INFO] worker.Sensor2: Thread stopped
2026-05-14 14:24:16,627 [INFO] WindowImage: Window destroyed
2026-05-14 14:24:16,628 [INFO] __main__: Shutdown complete
2026-05-14 14:24:26,560 [INFO] SensorCam: Camera '/dev/video0' opened at 1280x720
2026-05-14 14:24:26,632 [INFO] WindowImage: Window created at 99.0 fps
2026-05-14 14:24:26,634 [INFO] worker.Sensor0: Thread started
2026-05-14 14:24:26,635 [INFO] worker.Sensor1: Thread started
2026-05-14 14:24:26,635 [INFO] worker.Sensor2: Thread started
2026-05-14 14:24:26,636 [INFO] worker.Camera: Thread started
2026-05-14 14:24:26,636 [INFO] __main__: Running. Press 'q' or ESC to quit.
2026-05-14 14:24:38,545 [INFO] __main__: Quit key pressed
2026-05-14 14:24:38,550 [INFO] worker.Sensor0: Thread stopped
2026-05-14 14:24:38,561 [INFO] worker.Camera: Thread stopped
2026-05-14 14:24:38,610 [INFO] worker.Sensor1: Thread stopped
2026-05-14 14:24:38,644 [INFO] worker.Sensor2: Thread stopped
2026-05-14 14:24:38,660 [INFO] WindowImage: Window destroyed
2026-05-14 14:24:38,660 [INFO] __main__: Shutdown complete
2026-05-14 14:24:38,695 [INFO] SensorCam: Camera '/dev/video0' released
2026-05-14 14:25:26,517 [ERROR] SensorCam: Cannot open camera '/dev/video66'
2026-05-14 14:25:26,517 [WARNING] __main__: Running without camera
2026-05-14 14:25:26,558 [INFO] WindowImage: Window created at 99.0 fps
2026-05-14 14:25:26,559 [INFO] worker.Sensor0: Thread started
2026-05-14 14:25:26,560 [INFO] worker.Sensor1: Thread started
2026-05-14 14:25:26,561 [INFO] worker.Sensor2: Thread started
2026-05-14 14:25:26,561 [INFO] __main__: Running. Press 'q' or ESC to quit.
2026-05-14 14:25:38,615 [INFO] __main__: Quit key pressed
2026-05-14 14:25:38,622 [INFO] worker.Sensor0: Thread stopped
2026-05-14 14:25:38,627 [INFO] worker.Sensor1: Thread stopped
2026-05-14 14:25:39,568 [INFO] worker.Sensor2: Thread stopped
2026-05-14 14:25:39,585 [INFO] WindowImage: Window destroyed
2026-05-14 14:25:39,586 [INFO] __main__: Shutdown complete
