# Тип задачи: POW
# Формат: основание показатель результат
1.145537767462917 2.872497227368023 1.477421356794974
2.687876521146272 2.851419324289156 16.765866940506292
6.438828576967021 4.827588492670957 8027.618110052976590
4.739445117279494 2.995124209777327 105.654449127797719
1.995616428591009 2.494632491900960 5.605082512672614
4.143572364648833 2.427309010627724 31.518077961026556
7.621739056611890 0.562412448397090 3.133849906654854
0.636932356780852 2.084695362828241 0.390475901310678
6.344889692983259 4.293823651716207 2789.121780529484113
7.474559014748358 1.153115140241012 10.170557349321815
2.554656463544660 4.660915881866811 79.166701476316078
3.286864889406721 3.544208875446275 67.855151954863132
5.287669876790241 4.080185173978117 893.413291082669048
5.423946015603984 1.804330263411484 21.132331947066575
5.868360552615376 0.224164695678710 1.486874564400356
5.589754652246496 3.452213367082314 380.328813413114460
8.035544242724463 0.809152270547861 5.398774428061262
6.964225120459064 2.599145414288724 155.148998485273893
4.846641628732458 2.397569629350719 43.993883890930725
5.781267681715550 3.460313929670244 433.350271263739103
8.081385325536511 3.116188770416261 672.817230611464538
9.084313615882511 2.685720670185343 374.718341930464305
6.627402302802793 2.472137303562551 107.268818178791335
8.990419056974019 0.621084170023616 3.911808801562624
5.575222612022811 0.236642201887681 1.501748245576028
7.887657879863895 1.793202359464413 40.589096749654914
1.592935125070420 1.720814243077505 2.228154754704985
7.681976484561489 0.639540286908657 3.683796572400284
3.892545332600712 0.525321821174986 2.042032412444130
6.428253860044942 2.784935884823414 178.027563326465582
3.639154096359123 4.703031474800393 434.913364855583438
7.826047076952867 3.801337607262750 2492.622677308018410
7.055961320947148 1.877829650369981 39.214255692223539
3.533084118796948 1.915956191864607 11.226361104614115
6.673724409118819 1.907602789299896 37.373795805866422
1.665142355084806 2.090119619775940 2.903085647470729
3.881676761116477 4.968167581573616 844.008706716670872
1.435608836476895 1.636663019182058 1.807237439083069
5.492460792322805 1.546173286795890 13.925407742370046
5.476593099210974 3.757530817556160 595.629046340431614
8.106639703515315 3.158382725048287 742.108332660383667
5.983400387904880 4.291475448808178 2159.004497637540680
9.175570041534883 3.719617531583946 3807.384932788310380
2.355610879095234 1.791975062220431 4.643017115988465
2.912910369983229 3.823547321225109 59.617906566076016
2.575245450554813 1.401075344089254 3.763464739777322
9.088850210438860 1.750090345007471 47.585786538264202
3.391807735729097 0.409047548494334 1.648054588685264
8.890977125088119 2.119679873633630 102.676047250581220
9.834355638853136 2.510198347187490 310.448196642933510
9.738420616998440 1.444211674312899 26.766197163189666
4.861495584930251 2.707408614523096 72.338039062699792
7.692211861470504 4.941861867993967 23918.989175926042662
3.066946291492870 2.103279631489598 10.560370986962567
4.121908104683212 4.410407349750140 516.219120092261164
8.978498356075489 3.916840495566557 5414.356925220071389
5.018052105042099 3.531671330041672 297.892770295930859
8.619182251981709 1.307450866717675 16.713827518693943
5.657510854386645 3.957461775460982 951.669685134448287
5.699121592448564 3.493701233299978 437.086177290146054
8.508064354214810 4.697752438091355 23340.746882622424891
5.182914310036688 0.786973570912659 3.650487578427108
4.340375255126399 3.507414992571714 172.215697935554118
2.521706139563799 1.732096222824724 4.963333804788920
3.896845114836994 1.204200401370507 5.144426962489496
3.373250203792930 3.911176343663570 116.222715321176764
8.120360483414158 4.815956845155126 24014.604360999914206
0.319499776322532 1.852318534333896 0.120815215004710
5.145373243493274 0.736270649570864 3.340376126586216
9.465511161090401 2.389501620096895 215.029399100155757
2.636765329012222 2.821511376366271 15.419062529209718
4.329427892484506 3.064154830190716 89.150056689237360
0.960551052558571 3.665183052341669 0.862847922465099
6.788389994403981 2.297647076644520 81.490413449867276
7.168042770155805 4.379862619705106 5578.752060661916403
2.737372195356229 4.665161674893896 109.706692970083893
7.278343442490771 2.189763708587765 77.205383062013652
4.554720803636352 3.625145762042646 243.792230625846400
8.067344241976375 0.761608932837235 4.904267114964853
6.944325780481840 4.284676500085897 4037.501108904868943
1.027575379588860 4.377627241892165 1.126460407358416
4.830355096092904 1.123641262987634 5.868770046226951
5.221327433745203 3.924067375741074 655.572498592787156
3.344546794038596 1.744935085044040 8.221186688104220
8.482096809831850 1.571284119935587 28.770166327413531
1.806038399707891 1.644131236685715 2.642973733800451
6.830566240731440 1.664827990228776 24.503430095257002
6.102197486534251 2.802802416612720 159.060661426697436
7.029818383590988 1.246839937487699 11.376370697961452
4.710762787250341 1.317237007577321 7.702304522207950
8.267736708769229 3.178840668684044 824.567006122245630
4.558518403751661 0.647459811998962 2.670311198260340
9.248788123361429 3.796919033891479 4657.425120043384595
7.891345458199142 0.927447094748023 6.792976939806313
1.734942226554933 1.718609269004617 2.577730135769014
5.008231824829057 4.437185480177503 1272.417299927156137
2.299776392735450 0.519892526712633 1.541834099916394
9.112379504782250 1.179531703670085 13.549277272719621
8.115356781958061 0.102056349196124 1.238227986597726
4.392126084542407 4.479812327409333 756.941796488553791
6.528043792476957 4.059440032446584 2030.312872443373635
8.757436398811885 4.931481484783343 44393.019675546769577
9.656216659311021 4.790895317569969 52252.521499939786736
1.571248255853808 2.305232607612945 2.833935306493252
5.320360281784761 0.611770176377466 2.780411522950564
3.631944624704365 3.243627452829431 65.596844135923675
5.685271399766709 3.611849617278336 532.166875501511299
4.939187157117931 2.454191059731069 50.392172805535502
5.614479469027565 1.652743659667396 17.314761828416039
0.466350863869733 3.708145799397282 0.059093363153265
2.032174936489484 4.603018551756812 26.154752457011384
8.346650431267646 0.456015004454464 2.631621351818204
1.901737932633055 1.911628255400668 3.416900297854406
1.115190144859648 3.080461578774598 1.399125067034512
2.038807947875937 1.253558183875999 2.442424879662380
9.048489734789420 3.723846307292134 3648.735400803335324
2.205015223355907 4.442934161070555 33.554833962165631
9.632286053915303 0.703593072098162 4.922040361052622
1.224859960628988 3.089031592289956 1.871120645092843
6.312222186532070 0.756850593415645 4.032909082973834
0.362427832626027 1.500152145642891 0.218155039731697
1.321340778697810 2.043832585565840 1.767396821802350
0.490337311608296 3.349175318902323 0.091920694577663
7.664615969609997 0.746938984688777 4.577837380985022
3.763321183881892 2.809310864676981 41.396027304645287
0.919795698625172 3.192742908021976 0.765730406251940
5.057352242804723 3.588993116421329 336.028049119577020
9.712577594092197 0.338978333521106 2.161150461285615
5.865484323500597 3.296800954394472 341.149673193325157
8.631456460897063 2.841750459398231 457.211743030826824
0.608890421428418 4.467255693188439 0.109013744156491
1.703182925372777 0.964365814130388 1.671169445237025
6.315911826862161 4.520015956844426 4149.385227920372017
4.540140607483101 4.397799101693859 775.637487565381889
0.926446145131511 4.825048406521554 0.691680855877082
9.217658972614597 2.060689311604802 97.226227568727921
4.967471031697843 4.216230796805593 861.127131142849521
3.801817242032045 4.585011556286681 456.316864281038249
0.872631588187756 3.743809776446258 0.600457476506743
4.431390820746100 3.022663021584113 90.006259271002122
6.549224397126894 4.492896751555545 4645.760530745893448
5.980253568145536 1.480838825389979 14.131769281454371
7.205904294487885 2.474105366934240 132.437720030175143
3.266550058996845 4.351046551951254 172.514877681382472
5.604193655717317 1.246282083724033 8.567586710326930
7.513766451643122 4.563407421392443 9928.770933455532941
6.823977556404818 2.113927528304216 57.955548539923271
9.095910181285552 4.995579728356187 61658.429058442583482
1.113741147264686 2.798058523196729 1.351777182531818
7.341782373694365 4.764472794189889 13337.908228907021112
5.996205384618330 1.234276228960729 9.122512625704131
3.539060901550793 2.463655926757405 22.504598207553439
3.831291285239372 3.709485803812614 145.851410469928624
8.087759301128763 1.652158454600420 31.613753694393932
1.379112931130140 2.089906902592760 1.957720324626378
0.528911262189912 4.423277504519261 0.059764793950067
3.210003682261831 0.265394043386418 1.362773094950385
3.393237755140392 3.730023720785824 95.324358304693149
9.994019927906695 4.660272024350137 45610.132860921905376
7.488184840692221 1.925053090552021 48.219343328022894
9.743472937904251 1.571189365292066 35.764864300027860
6.548369688462654 2.050456171785750 47.146052502324238
4.764872854377105 0.298239806166290 1.593022438832687
5.719027755986272 2.356201433059280 60.870050640178782
4.508852174308741 0.546431376789694 2.277205285729917
7.669623654795959 1.699475978602929 31.889833442111279
1.181930745246901 4.443016183703355 2.101491143288342
6.385429925166610 3.058842977341363 290.368977362329076
0.217603722561085 3.335609680887559 0.006176086458123
3.746486613068206 3.284607266832622 76.582610613901139
7.519665343961172 0.152633850365284 1.360622200263886
9.069661905049536 0.793621241425841 5.753930818446950
5.454965006581684 4.528640376667167 2171.030175297454207
1.573504037576128 3.325788094142112 4.515863336069947
6.880208343299811 0.993859512576283 6.799207691376295
9.426609446706118 4.883527957882550 57318.180351321752823
4.847739294671667 3.153167510226505 145.084196515683686
7.172170195866248 0.285169422199631 1.753902242831224
1.930456228702824 0.843189435029740 1.741267360205975
5.105817235291313 4.408356357610011 1322.525372252276384
8.447925334443097 2.881063652454484 467.763071181882538
6.022829964341272 2.141727277855622 46.786463771715887
9.981694105366474 3.701355997640077 4993.564545148239631
2.363138397545753 3.715844091407130 24.424600946082251
2.289563724539950 0.832921303557421 1.993635312224438
2.064634491842108 1.757097827773809 3.574458546507591
7.066621529843122 4.299246279603363 4476.832136261967207
2.483856453858308 2.002906535736383 6.185879226426855
5.740682611304336 4.240182660128773 1652.509735740308315
1.273695296826388 3.873010040853112 2.552230600107007
3.636423712521425 2.752737111310660 34.945354572345607
8.092457711948223 4.264619533505947 7457.917529218620984
0.617059256863101 3.601134206496680 0.175767641735100
6.099180261598879 2.060779340187056 41.521326537508294
0.772903271395047 3.337420011059355 0.423278901906577
9.878061477670270 2.769437274849380 568.435183260001736
5.807997694021042 2.622334881297476 100.816861036100590
8.002023667615951 2.043873204085645 70.149718669224768
2.730886369565658 2.997674158638204 20.318709274623373
1.724683713648202 3.118430388499918 5.472200235960614
7.290629664842055 2.457418881416789 131.878833022215247
3.348164867867389 1.532464490396767 6.371590250261499
2.581911167333891 0.648951309100738 1.850673657586464
4.943933996875447 1.266593623550076 7.570211456482599
5.980159440932285 3.212113206521299 312.528281710249075
0.799807184471234 0.765942518333682 0.842737495334000
7.588280759979708 3.059796863703214 493.241928969407240
4.106498587368500 0.474872337863042 1.955783283651809
8.798096516934914 0.344187628110534 2.113717359713728
7.766503907425315 4.721707495289231 15972.934955474323942
5.486322112631715 0.893993144084457 4.580495025194423
6.444538984638403 3.997736068645628 1717.653133272361629
0.571335399826706 0.438668242625434 0.782268532795557
6.975522153308575 4.547033429515823 6851.277475427509671
7.093541710361114 4.189038480426929 3666.894199882701287
6.049086228719229 1.236845944786287 9.264667312174693
7.428722509397392 0.432843690735496 2.382153204344679
3.429244178609774 4.213711652085866 179.958256395260719
4.961781758779468 2.938882364991017 110.763646770215274
1.224755446645555 4.863174546372081 2.680399332985429
8.977897174004708 1.055794165396396 10.147433404341678
1.446712481849583 2.959711525221190 2.983218956285511
2.421311163448140 0.841722671008061 2.105058165660231
3.307317882407321 1.778669353372468 8.394134673460172
1.126250922287900 4.269586037303259 1.661348549408047
9.326633615145171 4.446132478778411 20489.220972829727543
9.758600097484592 0.583802626862221 3.781003103690921
1.770873108161125 3.253413001569680 6.418835616296544
0.340675653932138 4.225453116294859 0.010566453255964
2.630342158968327 1.612968469354275 4.758460946317093
5.066453517019136 4.833373547703398 2547.404869530140786
4.921632564902490 2.238194724927620 35.405858737883932
9.650457038396615 4.275508906936038 16197.322801827051080
2.211634391324962 1.275137359582723 2.751419756503703
0.987135183220167 0.371201519868850 0.995205109229884
6.802798388735282 4.122887195463954 2710.672467154823153
9.930416708607224 1.714568996011256 51.211738526343211
3.643737396091549 1.473749944216904 6.723260872833023
1.315194975650139 2.070630179566573 1.763537005591655
5.209835164407302 4.004909579586172 742.703097791556161
1.032670348871666 0.813805557797459 1.026507472017230
6.351196105067626 2.359002139255581 78.331761932726394
7.834318012966031 3.558587922587165 1518.384846811268972
1.690706097855952 1.770147215501995 2.533460548923516
7.268114731227062 1.895739406066944 42.956728874898609
0.491878669508680 1.500855358182380 0.344765192242151
7.711342616515937 3.332706317743349 904.781586368816420
4.932930315632446 1.146843065590538 6.235663064108564
4.140763631034611 1.151715847133927 5.136902490169866
0.763225216286129 1.712399257183653 0.629585313929166
6.440811792001822 1.127956233828605 8.174281742552411
0.526121476081089 4.510443965077663 0.055204460092095
7.020347328209553 2.206007647457105 73.633177536620934
9.264494048389780 3.553235730109488 2724.867774237228787
0.271313438566340 1.174049989459978 0.216205626743785
7.967145277552557 0.525268615340698 2.974582649182617
4.096401299689278 2.396917918191274 29.368280129140345
2.668165974637941 3.679438904203009 37.001907304927151
2.668705084144662 3.306505513665302 25.678238494072872
5.417087564064195 3.741632019655810 556.521338317033383
2.408761950283050 0.623477640887676 1.729975485485828
9.682805828599422 4.372278719486398 20467.847119928788743
8.455968494344562 4.960673875406371 39751.638955320238892
7.019595947021090 0.758838606130370 4.387471469164616
7.751658654584377 4.375673012476583 7792.918328355244739
5.543869461766676 1.538979443197153 13.954455975893808
1.634069448343549 2.397199256054966 3.245278020512239
2.517854401348366 4.746641453004067 80.084511449262450
7.138972699993886 3.439538371217669 863.202755565533494
3.166060558799766 0.964068677089637 3.037630186354119
1.952874414652895 4.129743946762684 15.863919423570621
7.324835775489152 2.891373955895695 316.558589733887175
5.671984384331826 2.127288115162191 40.124678337979418
4.498011208145138 2.524828452051461 44.541498332828063
7.781853695004037 2.309322952674268 114.234837062973313
6.867496088925548 4.874899096776870 12003.499136095553695
7.008598741840226 3.994062381142733 2385.084388040813792
6.562792523977516 4.626138424592949 6025.114635123816697
2.925462150414073 0.273626301698062 1.341414734391848
8.758840619393201 3.227559060244135 1101.037572346835532
6.102330221943236 1.350599982696432 11.505102338697251
9.857514192997371 3.229764626888214 1620.447001647684147
6.431802884321384 1.937704371178579 36.839171689943505
8.589357374486983 4.755076272950673 27609.226170787245792
0.171217815759780 4.039790044556065 0.000801122055465
4.796968567819222 1.779911022438073 16.295228049455162
2.039140647079360 3.915954748612632 16.284752433697758
7.365789354110476 0.174091503090949 1.415713946923173
9.273051629068760 0.299459193647441 1.948245685612833
6.545143513057829 1.881796968908835 34.307907287141703
2.108602712186323 4.172397853548833 22.482005229242635
7.811448313827936 2.163480834869356 85.390120874498095
8.963542748864075 0.847568787242598 6.416409293308718
0.495924639971962 0.644658101081762 0.636278509381982
6.747866695935020 1.745269565304580 27.997486728441441
0.940510538758004 3.424152859498112 0.810574845009915
8.908587551102430 4.657195548825950 26512.187346462462301
9.361154987147389 3.441069244608112 2199.945122138547958
5.505664133837066 1.919322584992516 26.415133856881262
4.037908428458110 0.453057508195736 1.882017849120400
1.862450343457247 1.410921973855179 2.404741738979220
1.107710172438750 1.920458599097444 1.217078443046790
2.452085482415477 2.988473421153469 14.592066675623748
7.550525913330285 3.533170614571986 1264.862309967483952
2.122299861007224 4.521448737298868 30.035851422615455
4.891300733049360 4.104239378523704 675.402446287806697
8.050201159525587 1.979645099761360 62.112049489795339
5.592997980104396 4.737152961427213 3481.024877149184249
0.756754125883862 0.483949568923505 0.873816470435874
5.128620921915457 3.826452989311720 520.935455641715180
0.554639211676783 4.843573641568153 0.057556760714952
4.356791529805106 0.926738012044954 3.911471324778112
8.336097944857366 4.891340902578579 31970.030901803263987
6.779643412808007 1.087750794010277 8.019474545518735
2.291433501785194 1.096433299553447 2.482181814696138
5.710700659669862 1.291467165795636 9.489416525476242
4.342342570485555 2.600049026879474 45.510738153035717
3.030582353826922 2.576044583476418 17.395330172504064
6.772424881153886 2.480968338835693 115.093301833895794
1.624851350511927 1.053184620779940 1.667345796528011
5.301377965923310 2.317940878036939 47.762861590983420
4.149308413228755 1.572028721885136 9.364305550444223
1.881779539770574 0.390859267350242 1.280317664333164
0.258820764347049 1.491080969251317 0.133270538353208
4.992674324251242 4.676504938039087 1843.991157739158552
6.331406707662228 2.800040464986882 175.482182143671992
1.599609234504826 2.092437601284577 2.672307072461789
4.860015729164284 2.153039269475951 30.085544630806371
3.015491718268256 3.662381637769896 56.962947063607800
2.833135710505795 1.395040295483143 4.274951746205965
7.080363872531744 3.820419559168426 1768.352962810846520
7.559583506829174 2.847821826448544 317.545092504362344
1.756245019585037 0.859286544570889 1.622440169312088
8.223670294966324 0.117484668427050 1.280873348335774
3.419780194696421 2.411248312851910 19.391090867229465
4.060627903561752 0.604109099952286 2.331614175639451
4.303001979210659 2.222202625508026 25.607595034560259
1.393812906863989 0.187014709443448 1.064065492399544
5.892865936592985 4.189147256226985 1686.597294092811353
1.756794815940292 3.184616453438970 6.016482452653853
6.827219438566758 0.329376234932067 1.882695576884347
4.901586199380949 0.177835066601300 1.326679636664064
6.867179952379457 3.988661644567955 2175.835314234210728
9.913423059355175 1.711144381809997 50.662018022303243
1.679087791324047 4.425157156752187 9.907981430312383
5.142819670375382 1.659411832266763 15.141742149558267
2.786897606246002 1.470413773045578 4.513485665480129
3.853369953722192 4.980701483740860 827.747117461064249
9.396002226746706 2.697802290677489 421.510263261855130
6.192033019661790 3.365851644762300 462.586860428988530
0.838248354912379 1.332259493200634 0.790519459756455
2.635290713991901 4.976388057134979 124.224163006438815
4.724700891855462 4.137252783672656 616.675978220883621
9.736821800938470 1.083692015427973 11.779852463894672
1.551490298064093 3.698952943781411 5.076586755380798
6.163114070815848 1.319094911096532 11.010864862297062
3.154224203270414 0.740034574536122 2.339902402272275
1.344993510326269 3.679898540466989 2.976303637074725
8.863024006950049 3.829182028491171 4250.731567646346775
2.293735164658024 3.125547172441331 13.393528510671450
1.486579371078972 4.821703465118519 6.764566454412343
4.884766924229277 4.770224619128918 1931.700864601287321
7.458273878557398 3.074186109381884 481.562459757403758
6.176613447977187 1.817057227863964 27.342534636772530
6.037280958914133 3.373467730808790 430.668614020680423
9.783147628987322 1.358414192620544 22.155430716173854
4.110535181736157 0.997365357472681 4.095255166555474
6.267793056155221 3.007304562643812 249.555140777616884
6.122267682436199 1.329090976544351 11.114196123579623
9.861794803946642 0.819550021448852 6.525242104788656
6.086335137848527 2.834280324389888 167.141535974126754
3.725119193112601 4.878664013308659 611.506405941678167
5.131539496440279 4.908907508768793 3065.774089679763620
3.063500355321021 1.714257579799424 6.815579383966959
2.316595363496807 3.047808842351427 12.941768091511939
4.534441491065087 1.556412558874601 10.515305418828433
2.677609345493308 4.120154928014711 57.860848280245449
9.756205983655475 3.582312243527113 3498.753122064194486
4.231942832243995 4.794395974487124 1008.973728433236033
3.120770560995191 1.130097075720236 3.618793991884692
1.100299828025879 2.949046910308518 1.325616860519225
7.142175370877213 4.442690529868394 6213.048157704293772
0.636395839160081 4.273813631039860 0.144932970681817
2.373889106669947 2.138915105249382 6.354450191991464
4.606902143338994 3.523518640503233 217.537399851020240
9.341636791376994 1.150310292584730 13.070359690663413
1.111083559481929 3.163306573132862 1.395439154648407
2.861826615563769 4.878701627921951 168.976574098808896
2.024093071017127 3.097159250722148 8.880645995212056
0.829742289189016 2.566922507873834 0.619346289854217
1.470679695041649 2.958824146933444 3.130809108050927
9.937137319997188 3.843406433205025 6805.820061645201349
1.206316371716271 4.714229298418701 2.421178893112126
6.593789559158573 3.085431621451059 336.810239230309548
6.026814751198080 4.990181361509698 7812.316191347998938
8.843269844912976 1.190981972966660 13.409076618097052
8.494147153944326 1.253756802615492 14.618077002528864
5.807334012379954 0.241828761379335 1.530211863246758
7.849682563969009 0.970808201227568 7.391451851867465
4.296513819838568 0.341122824329036 1.644259617262057
0.187347264105279 3.072058642519784 0.005828140619982
9.559119914143231 0.961807537865936 8.769469778323128
2.831646981209698 4.413594204315829 98.881988847859560
4.018138970803530 1.249104700500246 5.681858424574233
2.662910913240160 4.858929838649083 116.621348279973489
4.361789125584640 1.667349373567179 11.655864206736043
6.891685927322876 3.589231471434944 1020.808285247876483
5.687758951631984 1.529277962119928 14.272988414888289
9.138177212516231 2.269891431138527 151.721426667727371
3.706791105005993 1.816913801058500 10.809871286519460
2.010297353113792 3.144500486339576 8.986739718395921
3.187793168723169 2.532055246016787 18.830629529609109
9.382583119214390 3.455693936236075 2291.124515953183618
0.803595839323981 3.866221461193572 0.429392681820748
6.737477807343242 0.512196293594466 2.656765791964364
5.379745513709648 4.942966132531306 4093.836488100183942
0.395628793822045 0.481443471230337 0.639907035109267
5.003933990145132 3.490554726329670 276.048449978157464
7.190356948559983 0.893750433525998 5.830705232754324
3.119900912712825 3.286112984800099 42.053534489549705
9.669012098898706 4.589287685634408 33281.428137717019126
6.240095716122650 0.464814260495374 2.342158240392430
8.760429333582572 0.332339066876090 2.057017606110131
1.985448053802898 1.220068251396170 2.308913880087565
3.508156837207050 4.557395375097433 304.888130777103981
4.592139840548300 2.008825148170730 21.373349673140059
5.536241828122584 2.248785778885241 46.917130260461526
6.886763031982960 1.079741008766643 8.032288744774952
1.032458102790498 0.205893274348321 1.006598413280296
4.845092979116647 3.076222012213021 128.274831678258039
2.558945394605663 3.038476882739010 17.373366109870990
7.987705043126139 3.301629293343781 953.812423372421904
4.672078081187819 4.954348379914076 2074.847781445107103
9.314155608412641 2.381581038180045 203.279581205053148
1.297060951151854 4.023509179466608 2.847719081044994
2.560734200540591 0.267409691182806 1.285880544137268
6.467274291329800 2.005922992468010 42.290659470388270
9.927682285658923 4.784785524628151 58844.145252516376786
3.728793065993933 1.158249085834853 4.592175111614056
7.396488757648468 4.773918096972657 14081.763482536938682
7.269571123070198 2.129404964364324 68.312643887802082
4.748428897703992 1.463583170231134 9.776583301051295
8.233042741496648 2.035619394735367 73.068879288864721
7.372737402250842 4.144102790681058 3940.422492025229076
4.824786048761186 4.934586315939430 2358.747649987639761
7.137199607803255 4.077798213026359 3023.530213213211937
1.014694228626823 3.928237423542885 1.058976033196681
0.840514483671223 0.783544339214046 0.872725809666211
3.913194628118021 2.295661706556591 22.921960333421225
9.911742208071516 2.307554749313154 198.916431288255126
5.036466606522864 0.927698521810384 4.480858339440292
0.916169129898548 2.559497094458546 0.799239238783242
9.762524168094437 2.958522656827352 846.529229599215796
3.567141889620522 4.064036908994059 175.650919817877309
4.245692992067731 4.665138375891311 850.094195938554662
8.868330210214539 0.124379578699636 1.311874138334364
5.124622579384694 1.855588974429677 20.741529132678643
6.038695866321323 2.560276943960124 99.869013546161781
8.979977090359982 4.082457987702647 7793.025043607549378
0.229047720906981 1.415801323169492 0.124103019468434
2.646610876262566 3.823085488402949 41.302882350991595
9.039217605492256 4.153279708988251 9355.754628811981092
2.374545085684836 3.942119577468355 30.240079357237352
3.734592409065144 4.885841622599664 625.013926394024111
3.399986353267678 0.984503140964904 3.336114494214839
4.140882863853431 3.980182101927082 285.852698773574900
7.036702650342772 3.984704036825835 2379.663063946163220
4.412336179424025 0.836357503926987 3.460775410572876
1.199634364280623 3.057040569395559 1.744438599664242
2.328286395834485 0.185220152871939 1.169452369643985
7.530864894465757 1.117660214450647 9.550247135942435
5.397952750223692 0.123036058588484 1.230525391987177
2.284972222724206 1.502416158232993 3.460895614079812
6.303566134739052 0.229358656386010 1.525429154691478
2.242685240911848 2.021988964278281 5.119760933348137
2.208276317195660 4.844848297567458 46.439400133638571
1.457700315054562 2.709557821094170 2.776313983283459
4.299481361883255 4.018355604577613 350.986988914276537
6.992134545096356 3.710835439326861 1362.096544694152954
7.214577778195284 0.759265572351276 4.483425991509541
7.091156194990581 4.701702356126998 9995.818591359084166
5.407865592677997 3.013273786421058 161.736371775277632
8.037789670154618 1.168023094143869 11.408288517213407
4.729707949861866 0.246131069359425 1.465877551150714
6.618493032691516 1.641199536352494 22.234608178743979
3.315133816355091 4.103118018158721 136.671289553702678
2.903510704474005 1.074125691807030 3.142229858507568
6.576178894833972 4.039461598800411 2014.526676906790954
4.404424647884916 3.591714521322170 205.431072538848667
2.086659895257511 4.885936076805996 36.376460172145691
0.835604859307909 4.605210685317152 0.437318624212587
0.553061045294276 0.970815710107654 0.562704068747559
5.321304066791894 3.339669264501082 265.864440016007507
5.107477361262081 1.540543444072416 12.331695832028965
7.775838328826421 3.756158471040976 2217.112471541679042
3.933490710615279 0.148450250672400 1.225448211526427
8.925135000972190 4.427372877028128 16170.600773367556030
8.547775212071556 0.585947729904733 3.515743675968994
5.838700742633602 3.303021768865805 339.749749160394572
5.671808550611543 4.051476404353838 1131.579648268297206
1.566141512951418 2.906896747058039 3.684288275577459
9.562377377849447 4.122596805539566 11027.517627316481594
9.599289531684777 4.603276304473088 33229.050578509464685
0.245704355235295 3.913710690715223 0.004113886184734
2.544731537354734 3.790154288964099 34.470347410140839
3.078947679795188 4.897137079578778 246.475103354296891
8.482258192216383 1.724999195685035 39.965161263468872
5.860439747894611 4.108211482925932 1428.300825857245172
2.049579423686330 1.717430284605273 3.429750155347300
3.768117548388624 3.275832351926576 77.141323741415576
6.925506868784252 3.642840899775217 1152.474521328686023
0.454698985904757 3.306742739300094 0.073821229579606
4.839487098517971 3.448558390809432 229.916689536806302
5.829864889547392 0.596266391162225 2.861122315060342
0.836456346901588 2.203074067058806 0.674740538421965
7.291162530290402 1.700235158016338 29.306058926657780
3.735643234367124 2.449536609216519 25.236550021950528
4.331351138467868 4.534797670419526 770.829415739290994
8.977097571316053 4.621093661288199 25382.270972838618036
7.390502755884399 3.294400537270008 727.377791999945771
8.316621060677708 3.594603565800893 2026.956629840069127
0.719266308915816 4.345390643213734 0.238852570675820
2.525232184525465 4.726750423572967 79.721950383452565
2.306654265180216 0.647102422651460 1.717460898477937
6.050040498054439 4.526350319194989 3455.507565837555831
3.652826710113771 4.366726341786396 286.317029547548998
3.278317162898479 0.760421932418630 2.466677117617963
0.110790015335209 2.206669306921480 0.007789845619831
2.320923320797151 4.366989276806814 39.521803926675773
3.226908846841566 4.800497670634911 276.967848349821054
1.375604640678973 1.007409658901721 1.378858887872187
3.865004219409120 1.525589870575336 7.865929513064037
1.963515656146966 1.126542292662560 2.138531291283161
4.919647723396097 3.738449725569303 386.153960959125527
7.908434260710103 2.496424163414126 174.588183864446052
0.154400851257017 1.443861603779626 0.067378671030351
9.412215105693162 1.563764741892591 33.313861435012349
0.731273847151917 1.541359020184139 0.617303225863874
4.792485749081173 0.601772196410669 2.567689975310500
8.077364682591858 4.558817250192980 13679.704578547831261
1.250381924757947 0.975242250832444 1.243483790830928
4.863973231263692 4.110309754862076 666.417714472029047
6.503192018328886 1.157344019920749 8.731064206091947
5.497091496635240 2.763352647898383 110.980937835388389
1.103497263587068 0.309667313877935 1.030967230500653
7.246847311605373 0.564207593809803 3.057050832604541
6.808677712231804 3.234820776072434 495.232092061097035
7.922703632107539 3.300822435891364 926.875750569809952
9.933282883022663 4.584769015012995 37276.934546033327933
3.139027001430938 1.201179934785344 3.951302211148792
3.875023972453959 3.951505841307346 211.139603903480804
4.823686107827196 1.448840590052025 9.774786724721567
0.575213093281445 3.572444322951120 0.138676102804627
3.057852830550536 1.215216543223875 3.889432671684650
1.949321202899798 1.928371631067280 3.622454487747441
6.166561002079588 3.395080940317742 481.127344302780898
8.474700581890730 2.222205193877000 115.473619894029937
3.716689883209683 3.582002342825612 110.230377264921657
2.338496821206232 1.255097205405209 2.904367219785957
0.144290637365111 1.318358871824048 0.077906583325591
1.199774826449391 0.180625992190382 1.033445241739356
1.612579273708523 0.368286552762054 1.192414423965768
6.517879140363310 3.086777383471245 325.810385993669229
8.876715211160938 2.253887599318596 137.168399159635726
5.572576148790165 0.663253956129885 3.124817091121001
4.020569813727327 4.653185349016877 648.428720523629636
2.332149166941605 4.467930490844687 43.965265226549882
5.679040746674123 1.405452843345113 11.484125290242373
7.515667483720732 2.753364355485084 258.141511648872381
9.361627423687498 2.411737509894729 220.112391944677313
7.958812718826740 2.698914369721505 269.968057807002083
2.170758628846990 3.637556754314051 16.766544521296421
5.517954544154373 0.338820190467435 1.783731177786304
6.735922623759874 2.517727097979586 121.808557655927615
8.990634465891921 3.474066558428304 2058.406415594322880
6.737997361057065 2.908034813752026 256.682651567107143
6.937090789512002 3.248478558520460 540.190170825374821
7.159691959055769 4.413402174082213 5929.151229586787849
5.392813347991814 3.893773986871520 707.169831759717340
4.435644595092815 2.237716108537260 28.035320231706823
8.817354682667224 1.147136517254655 12.145967020173069
5.484069217510024 3.791897707992836 634.749982008415941
6.169360220128425 2.204200263550910 55.188361477490140
7.435110677425785 2.973106860256253 389.431124186995476
7.645870868583857 3.346318257062333 904.123508035331497
8.501212066668296 4.134556002005747 6966.114797062175967
1.261317709423186 2.641183714822983 1.846273389249692
4.367808079274027 2.889527982397239 70.804267797454045
7.430039596666714 3.454150555734711 1019.845748224976091
1.383439665051174 1.424296532033741 1.587702604574885
8.645727714260961 2.954384678620475 585.695864693452904
1.500931781936511 0.874753606707683 1.426501985324273
1.985682164123865 2.126401470011787 4.300071710580628
0.872013216619481 1.478003189117238 0.816757072550640
6.855385168110305 3.635076995443841 1094.057590790560880
6.624466755791796 0.906770814215435 5.553869780980507
6.627131344178452 3.943461976703405 1733.269869397419370
4.909665331397075 2.386536226723565 44.588243938139584
0.972926386460805 2.678647688375487 0.929117138505109
7.799818544217523 1.695494191664336 32.547983495350870
6.879286979175244 4.024821832082942 2349.433031999305967
2.605292983045320 1.651228814397766 4.860426171028815
0.372439668317836 0.280724651810526 0.757852740889354
7.338011507582824 0.428450610160627 2.348862469285218
2.929214691608789 0.814724867233518 2.400345803647443
9.254228487931803 0.683707331138640 4.578190833356041
4.266526681751252 1.289683860712049 6.495264928847526
5.607919159092599 4.965191946195175 5223.293030679218646
4.213482441928902 0.342014990498454 1.635447661501104
8.906910366731365 1.394075704541980 21.085866414517309
9.822269532022792 3.181676541258721 1435.149548872939476
5.297892986194127 0.516747745375092 2.366893333886279
8.560829905582239 3.831879746630590 3743.593363228094404
8.046067195467405 4.153563065847703 5772.963654140473409
7.880748808448343 0.791450746676562 5.123762672332720
7.142422281636915 3.883628320339540 2070.230277594048857
7.117935479917516 3.864747958643824 1968.491588589994763
3.973397767636328 2.511144601793724 31.958216239284063
2.264254640154922 4.962282859225650 57.708470751947154
3.663802282146353 3.660211440324467 115.907213055476291
5.432061993193940 1.307308494630151 9.137462732084185
1.931924233554567 3.127018573199961 7.839643676505936
1.812917236490457 1.925563363861930 3.144294156780965
9.620450378797864 3.763793707124522 5018.161961033281841
0.801617652258733 0.440134312901080 0.907261958538052
6.791313027483953 0.286327797772154 1.730658918256731
6.977397302713315 2.990136387495318 333.241049652114839
2.693534106136096 1.082705923818278 2.923564617736770
3.381198396367960 3.474901817838043 68.939571309588089
8.842616710416186 1.435267912406455 22.834791453791230
7.584228524533857 2.208893378658170 87.827493459148457
2.254978571845408 3.717035785876252 20.542013489618395
4.462250254432073 2.943471843430972 81.647648830821311
4.603450676038679 1.936914343539338 19.245798342850730
3.760856433790229 1.418274619517884 6.545074640694161
1.161960854910734 2.163753752345252 1.383752272731490
8.771573178670268 1.064668994606854 10.094047965142284
3.825399628390873 1.724381979655347 10.110145212842040
5.633943647015422 3.656614703345758 556.457528030817343
3.803491652699402 3.407701478595496 94.861208312203217
6.003137463823243 3.315192783553212 380.604644820895714
3.963297048923915 4.857434988675148 803.565291907404458
8.086376217320471 1.544009762994530 25.210470463349363
0.486187934382801 1.010387939765814 0.482559330710935
8.611726136049541 4.192370133497723 8322.317294545377081
1.373395039527561 1.399346083537522 1.558919026151244
3.203642809336113 1.766449892332555 7.819787392990762
3.171183733853559 2.668955445339395 21.763943942270831
2.552566112533846 2.519525698150517 10.602029500424237
3.353487416034840 3.222332566725739 49.354308209401239
8.757121377888037 3.773599409906209 3598.274631905759634
8.808730618926068 4.309334218128415 11801.775301431094704
9.998916730825341 1.739790162249886 54.917190107685087
2.320079302593050 1.051286829075690 2.422413682860951
6.177000799088638 4.991841725721375 8860.064970809928127
7.023793977781975 1.687946139019995 26.851437517037937
0.148882622692121 4.096398368819693 0.000408921132102
7.861056136337003 2.603735722725503 214.583143009627861
9.428534716252072 2.781182679233694 512.988162264975699
1.691694529587310 2.838943807377365 4.448290808694709
3.544536284105223 4.836231994489526 454.775312478750209
0.586402611743624 3.873764549065707 0.126486879745679
1.913136005989251 0.115670459108247 1.077927796689169
6.287957458742726 2.979167196428746 239.272942762527947
3.257159587337127 3.997987100308215 112.285546567730762
5.354372255916914 2.001415185472637 28.737460088363569
1.004675956453262 3.408770077369423 1.016029222005967
8.564756342544214 1.770567269376146 44.816163143083052
1.690861168922557 2.351344878840261 3.438432169600126
4.727608834998626 2.654186172463215 61.748190471701577
7.917440182280050 0.486669496437433 2.737245860634292
1.781775696619778 4.797456362942316 15.975573921905417
4.532936567865720 3.138577693554288 114.841406318094997
1.912207935531147 3.082345466542506 7.375449418880839
9.270310008952109 3.504909218068067 2452.322475118019156
4.787031404593315 0.658273500127656 2.803300201409787
1.961016140772991 2.982482010344818 7.452806107722943
8.031781472698384 3.176623073967748 748.593940740680068
6.552386751873498 1.795612505421501 29.237295282023510
0.663225150329310 1.293301991818338 0.587968147176134
5.347424079206620 2.115805514808698 34.722614451034069
0.388941543195743 2.021221721128258 0.148274103102413
5.582504169014830 4.111427580852057 1176.341935055304475
3.121541764349480 4.462764502790574 160.787800189218785
5.675419410873397 1.186477479255573 7.845156297701629
0.286723362953637 3.389200528686998 0.014495513009848
6.788330223426237 2.943393586067145 280.676313534511394
4.669841069321298 4.547503803164737 1105.742103328633902
8.803047235871405 3.509491008619322 2066.241752295753031
7.749825421182803 3.010972174159010 476.028794845146535
8.570040587207238 4.590001588178924 19159.884868206518149
9.787295372156869 4.012163523971592 9434.105531808218075
2.832500379408440 1.670146722640586 5.691021216321903
8.281733286319863 3.991396214585897 4619.400760618274944
2.221844561406003 1.628321830113739 3.669115998613685
5.987848242643819 1.662487633914997 19.597608077686814
5.685665077344996 2.791082635711598 127.837098738719092
2.377043664875946 0.514849014043852 1.561717082751736
4.648712883639100 4.213812854663612 648.657150941693658
9.584138591511170 1.079844175748802 11.479537266392944
0.968948558318143 3.429949767960150 0.897453923908777
3.513850235727389 1.808488172540176 9.706050525861674
4.250145511448266 2.883296370188376 64.844686231714832
5.420164928290394 0.767164742488622 3.656861497462527
0.533258717111676 2.642884979035776 0.189814089251265
0.636438140143564 0.522167619824575 0.789819480105127
3.761273244443623 4.694754686424695 502.407537124682960
2.033046295379077 4.766069791915728 29.420590602658176
9.471517319720842 0.559847340692407 3.520836783456422
5.078225326115072 0.546377901161194 2.429883339993767
2.370747443049995 2.826661280426257 11.472913947680878
8.047223020292529 2.783973679896986 332.119772469425243
2.164291559393492 1.425378135542785 3.005742422824358
2.370675221728300 1.074009069081178 2.527062555647573
0.571930740937813 4.601948908747191 0.076437576606251
5.137126434707951 1.859724918156650 20.977038123437989
3.647905427954515 2.559512425780290 27.450957856691385
3.860782986541540 4.703873591894268 574.972240460563057
6.900868844718776 1.228418810311646 10.728158354261124
1.485594670594535 4.547101834757971 6.048508822396363
3.314640355991672 4.144995836572878 143.617303278232043
1.911264041339162 4.896290216720851 23.846669761788277
0.991045207576806 1.856452708909257 0.983439626992216
8.145320042638536 3.501221282476897 1546.290230563687828
8.895760938660176 3.622750485045304 2745.702935164854807
6.899512707031783 3.926725950568251 1967.025785441953531
5.528406749732298 4.180411203442617 1271.666737504113598
6.355243669794873 3.698712187070670 934.447444883242611
6.898415430824427 4.680747714117325 8432.844211312938569
9.702947278440808 3.833435621790377 6070.601013427325597
1.584879729681572 1.124475005750374 1.678382153082808
8.234844908970471 1.563147756823286 26.996329641980903
5.105101780028019 1.350317959391693 9.037141105914285
0.281376398872866 4.509481899323768 0.003285282370421
8.637383133545256 0.299258765620947 1.906428740471935
1.754047767022087 0.199323887128173 1.118518788630473
9.586423490079170 1.034158398040563 10.355913821520677
5.169176086046395 3.512915808854859 320.766537528365859
3.100942445167624 2.741420454204911 22.253119376259356
3.510043170016635 1.097098426373262 3.965166601120162
0.112313373715889 2.053521393782118 0.011221236478238
2.957005275228724 1.870575980836791 7.599143181474592
9.241467868228543 4.280809081606232 13619.233404911055914
5.133519148785491 0.890402283914671 4.290968283221665
6.621123354031636 4.756665212111309 8033.358698776896745
8.526769953014298 2.733110621083046 349.894510599569969
5.594919353511679 3.076495308491178 199.794814563614580
4.622372358802036 2.912663353905902 86.402778705541650
2.854527396994963 3.866402552475010 57.713664960381919
8.159255839891069 0.784835048591041 5.193920578993463
2.818650082134663 1.171542372664461 3.366993619346101
3.889083515832309 1.496000592069651 7.628020725453919
3.419476056763834 4.548315886448931 268.297596387304964
5.862605001025153 3.151828793378433 263.566480063522761
6.254913107836967 2.702437461242901 141.820240336502081
7.501134280912749 2.559736206916208 173.817746058668064
3.578645978186947 4.108615707708857 188.372500265926476
2.718422465380976 3.546755505335196 34.706916873233560
8.368015556639657 1.032703676388803 8.970065739181829
2.475474226039807 4.135525169779875 42.460417335411563
0.393450222735220 4.035582170167650 0.023181657327740
6.166082269642008 4.881155041439746 7180.553961681929650
7.493588691640576 0.848829955985350 5.526662555587596
1.851067754834742 4.243031236483621 13.635819328912421
6.325643113079132 3.949228833503581 1457.960385105410978
8.279469862476384 2.494115366945670 194.806846475851216
0.977976872023274 4.566036915480808 0.903316533396850
5.437362937131686 2.582887944999795 79.327840756860368
7.923537545630799 0.348040039231984 2.055227232476537
6.882088540648319 0.763202907010337 4.358635325825261
8.464061336894662 2.269681639423781 127.440825468808654
6.387187109558741 0.449741623340929 2.302402585261797
5.885876873055737 4.261671864461462 1908.458041570550222
4.183846860459682 3.815669133726794 235.357215594776875
4.269326987249364 4.023822978122480 343.917846891296961
9.363853387330199 1.105853390994294 11.865508898360195
2.334628666659712 2.900310014889135 11.693534821378680
4.491489205768072 1.626478110791285 11.510617983435523
4.949168928038183 4.537766762130472 1417.834320583234330
7.336810571783814 4.386215803754742 6256.073246402657787
9.114395003243775 2.261490094854985 148.052252121413233
1.235251212338104 1.551851904316628 1.388003686695358
3.619341581217714 2.564286565240665 27.069878541553717
8.273492588204295 0.368701641823755 2.179482556759615
8.784653565546925 1.317725055559772 17.521432205770331
6.942163181937958 1.475037452830060 17.427551421516959
3.357373541872652 0.747224620642280 2.471951235365012
1.394899376274589 3.390956792806922 3.091282256111713
6.260678535405910 3.208079487154808 359.438661056392448
6.280944551988886 0.478032424990963 2.407031681835076
0.727263085674640 0.769529544190384 0.782649941474890
7.406795825089048 0.446738679051872 2.446231330363997
5.611332456555162 1.270716844631846 8.950571872563533
4.250507822654945 2.315512185854214 28.520844205796756
4.539485207230872 3.874436524566471 351.180496166081809
0.188407913600648 2.897420009118630 0.007937024930475
1.706809599992953 2.365441461895733 3.541768798907005
8.298057784544632 2.535253622674138 213.716663819872252
6.091409191103437 4.704805883954866 4919.770019092165967
6.012067350738214 3.808890771107976 927.292407459161268
8.956033798334557 2.731795830476544 399.011823207723921
9.640184289658599 2.755547144180000 514.865199367937748
4.239073889229744 2.512370617018764 37.664932691124250
0.279886060359599 3.173166214705643 0.017586509339144
5.611688109294229 2.432252454910552 66.371948310506667
9.802257028473909 0.695526758550372 4.892083029223043
4.621300285880581 3.121943393575031 118.947732936640449
7.331134772973290 3.907018197480936 2400.156917712507948
3.112585101919301 3.805027113987324 75.221097811278156
0.102250789507619 0.365552342424668 0.434491546737991
5.255611147271006 0.939085631281846 4.750364298063722
2.751368343718416 1.985766627997448 7.461758888433820
8.486270627729423 2.369048142536933 158.553193276584693
9.492064065037308 1.125229696765861 12.582161053778139
3.946855141373354 1.879715712455033 13.206347628056793
4.859535259736991 1.458044090847447 10.025023515131977
5.262030197344974 0.921511509021585 4.619033360892273
2.104053600310280 3.943653084517200 18.794204259973309
5.706059698595436 0.960052717167905 5.322586529815544
1.592426250020450 3.719392869489667 5.643363485532857
1.841019407265280 1.960587091021750 3.308796152543575
7.819016193231010 0.517026697923224 2.895899510490807
8.445646823651009 1.769539370436399 43.622788886914748
7.644370873940949 4.602385159668931 11627.302115158356173
6.536319102873418 4.163599205727983 2481.537580925653401
9.293442969804405 3.624036480920815 3226.320122043915035
6.505043830707651 0.181318755143848 1.404292313823547
6.401988048291544 0.630978902097812 3.226767428822785
7.257674808256579 3.849056378014548 2057.112896846447711
0.282423728760993 1.805276742222988 0.102029245658569
2.303660895253944 4.582576608376061 45.794231008461729
8.766536566311188 0.138491576360218 1.350746163496672
8.912773573727765 3.203087222254578 1104.012768399929655
4.001712469667331 0.483377631095036 1.954844366570526
8.715603985236941 3.471894790715216 1839.136455345138529
1.975855021653462 3.508081895192297 10.902673944199126
5.861224074242065 1.352255353051057 10.927386976724810
9.813929636515208 0.383391518313641 2.400292513922951
6.402675563910919 1.893727102136639 33.653374526443280
8.768232248322516 0.192389773601854 1.518471463936149
8.852112666065231 3.137134989480677 935.435978478146126
6.480184823823170 2.866680968826020 212.110483176972252
4.993511603147422 4.974222585680170 2978.703079042675654
3.992875699046128 0.846761272887798 3.229576091583286
8.865350904428052 1.594976067554309 32.475236926386025
9.834143253807826 2.284758460794508 185.422822275984799
4.767821728921438 4.828580663848747 1885.050013498766020
2.462743312522225 4.687706675222222 68.368831113417684
4.834357202228997 2.441582780423116 46.867271973591635
3.488949433177693 3.412230771757947 71.088519554841227
8.016590235351327 0.628742667495428 3.701492605936586
6.316369461164635 2.526494031174540 105.287405607811380
0.163063617362925 3.136282585219724 0.003386329412198
1.052628168027006 4.906491729598939 1.286151242473969
7.131935470859128 0.818477000574898 4.992644436047818
0.616882683013284 3.693425878207446 0.167930188743678
7.107521503448522 1.126634285725732 9.111185860221330
7.074371855345501 1.133716615165668 9.189783330228195
2.668543173358901 1.084002099523161 2.897891787297354
0.773404474495491 0.936926456662985 0.786041121142644
8.095093631701765 2.597262740993980 228.502439021499953
3.011139638946537 1.852039728443241 7.702445580847291
8.862906544244204 0.296630037140916 1.910203139285400
0.455411507897190 4.113879140366238 0.039329220973483
4.363344866006863 0.768405386751672 3.101992767271530
5.946870633561518 2.599112023235987 102.911172585453471
0.222897854902188 2.740014072205132 0.016360665380380
1.809132522619526 0.237898751109802 1.151468023658145
7.887145011978958 0.556308942402751 3.154746881345801
0.333638007564398 1.578570901305533 0.176789556502606
0.280493487120761 0.820179913252345 0.352531034124668
0.656672415569050 3.604715897871169 0.219580727783901
5.089949496908105 3.796649243866881 482.106707470440767
9.933894304487564 3.915832292889423 8026.992817918457149
6.632058089878925 2.386301141428170 91.348270131933987
3.394542954724530 0.915814656918697 3.062649532056772
2.503234498395461 1.534973038472567 4.089677975504887
9.140992378142231 1.502253661558355 27.775109130892137
3.605419340775899 1.773418643936442 9.721108073830546
8.596929737644189 2.377937096259928 166.651711228783597
6.082215121778223 0.590455346003084 2.903711520247935
0.522078209919156 1.812815584531730 0.307826948760991
7.153121618219767 1.717104919459000 29.326390549880202
4.397389649861793 1.376940046055166 7.684947127715381
2.186128545220431 2.186215507797276 5.528461278685435
0.909267304148222 2.329392727741610 0.801265520272226
8.037062016967685 0.656024522788965 3.924334669016593
1.863725245634776 3.861005120106823 11.064858244087823
9.667379141337447 4.330683805062759 18495.269013335753698
3.166198362341044 2.769807084143160 24.344117215932418
0.521328344645216 2.595323501250193 0.184421864213518
2.571969230299756 3.795591993199341 36.074595194215725
0.187788852481550 4.467779447196258 0.000568744090022
5.571774546345749 1.335699690087677 9.917982405889132
9.817533145522582 0.446292580484791 2.771553717051465
8.058977949069078 1.998844083503023 64.790652089968660
7.355237646179670 0.770582303702276 4.653546828868263
8.556179179326984 3.219487794622864 1003.375899090899679
9.551572650810158 3.675618265409421 4002.959007365689558
8.119871326803985 4.250265443188335 7342.184761482440081
8.906599644189232 3.503729922828802 2125.857309736570642
0.700331012124408 1.170707715352929 0.659015224835625
2.011945869396054 2.083000556278766 4.289759109678548
5.528041203472776 1.178964844170800 7.506982842707932
0.286723979251844 4.378283713201843 0.004213311167017
9.243355453230366 2.576529500803914 307.955948004843378
6.125375251544297 4.684688080822498 4869.352057219794006
5.830761048981838 3.672334931496814 648.633778143595578
9.417644993096415 3.388857283859030 1997.797701800777077
5.432650726933655 1.104678810355362 6.485626637096353
8.814282520870082 2.890545102368748 539.641769079037999
5.672682338117608 1.843010937612360 24.504191878165997
4.756317873670022 3.524481595174011 243.797204806550042
0.743522156835239 1.944232397944675 0.562037715232265
4.268872289646612 0.472295922248921 1.984697562535385
5.183610786806574 2.086317983348724 30.970655414044487
5.539260988577106 2.139594804694114 38.965985854270464
8.549577830986850 2.386015720904302 167.353436306772750
2.253815536946734 1.209431222742508 2.671963331609956
4.870960054385415 1.034538483193558 5.144743560379339
2.885707430867286 1.247993972010493 3.753116912605310
9.559319740636667 1.277302311668418 17.877288896671239
6.677841572798862 3.489768335132708 754.725441139964687
7.772184834547609 1.121014063964342 9.961193175274452
1.935267314152234 2.340878291339539 4.690570764021514
0.751689559616951 3.920833670350535 0.326563504967503
0.242612488256145 1.853624340354632 0.072420254577026
9.555597821172583 2.797965533163564 553.003288098705866
0.610984562031874 4.877211907984423 0.090453239115111
6.279815971099464 0.884850470211938 5.082339876599174
1.957580722462310 4.552790681560443 21.288185155833585
2.372977035488780 3.774102619524184 26.085328773905584
3.597658606049204 4.620396394613106 370.708521302746817
7.596324477706481 3.844268890084924 2428.156463241441543
9.899441736231664 3.932151469089582 8220.383749842016186
6.667937342254230 1.050673036409550 7.340838370789670
7.971760177401767 1.622630287028998 29.032817940221285
6.325720566113290 2.278326453576558 66.863654994245408
4.182446983563014 1.350875169190339 6.909950829041176
7.525080439504629 4.151894858044129 4356.945454657872688
2.080481793051383 4.111610845805742 20.331350254653156
5.382082504344943 3.137244507041880 196.412884416618198
0.313162023152095 0.738878714415239 0.424067034805050
0.627821679803895 4.021436150422476 0.153819580657862
8.886917522549293 4.133322012050983 8346.300377227829813
7.807064501893985 1.762947752544112 37.446333765015801
0.672136213785292 0.826687743223720 0.720047357287679
1.857245202787535 1.273469265256620 2.199868495542526
8.518675928630218 3.820617094565189 3585.878231812915146
2.471230956401381 3.103464328506097 16.572671473683659
4.260644243252484 3.033736899587482 81.219883573072408
3.235814399985862 3.327457582494610 49.767841818092094
7.377330859417530 1.334468488403186 14.394090044620226
6.835394447184851 4.843399266730625 11043.158802276657298
2.743969425320394 0.995216123955823 2.730751091129355
5.473626365995797 3.058710652230866 181.204951980289394
0.357382378321719 2.755249872080703 0.058717847469471
2.674823901288329 3.706498418072405 38.350317627157658
9.458215214911013 3.736846830668269 4430.466794056754225
3.409278434124958 4.994327737172189 457.394517781710874
9.464771372802542 1.548975407260486 32.506527808297015
9.796478597002102 4.025482766065101 9761.918572935888733
4.165755205067304 3.388206668903078 125.791264156512923
5.810986121262852 4.649005004225960 3572.739258738754870
8.427702374774347 3.557965546909823 1966.262083933059557
0.873810057907485 1.244620236580324 0.845447144419985
0.305850172234047 2.237427679013948 0.070609476322328
0.467611282952887 1.008233827577865 0.464693792959662
6.142467651094003 1.080371445405167 7.107275241185023
1.244241039190906 0.146262132931529 1.032478312084597
8.654368975962290 0.834558659534374 6.055889263212074
4.255145856299815 2.351290868350587 30.113470257446984
5.142829011030718 0.128781769763364 1.234780786643004
9.385985438692760 3.673210893157183 3733.564636297067409
1.654978053049976 4.191700474679370 8.262501125177513
7.468078783084173 3.170829097361845 587.213672565187267
5.136956801172690 4.373177422795348 1282.457717848776383
6.063933993418404 0.961264324334548 5.655017356549266
7.907328582891728 3.124020252296112 638.944650565923894
4.701298827061335 1.832830875063298 17.063245646955835
9.882427427555397 4.802531749600496 59960.353914923711272
4.705535744731421 1.122470742981777 5.688319872418385
2.972205081500163 4.448607133615119 127.215960545675529
2.039718144436990 1.592469053613337 3.111579477701600
4.581401451982180 0.683516811878874 2.830111097094344
9.068785953522818 2.174804641340327 120.915601081127789
9.413795443140350 1.556868990304426 32.811354129209597
2.189162413121074 4.413730239866770 31.761077177240729
8.589625246790328 4.891676753118884 37042.472173260233831
1.422739691764644 3.996676008819681 4.092538777162421
9.750942346320691 0.393393898907040 2.449542019195746
6.811552376750901 4.013681724920605 2209.961183567003900
6.115006013617210 3.701662320519861 814.658758464215566
8.208627633670609 2.895915525447198 444.273383696770111
4.448138688140851 1.717257795889296 12.974459433169352
9.145625555882475 0.481011505175825 2.899710974208260
8.684224512618085 1.510129995176001 26.158082490102327
2.450802722743699 0.886249784007978 2.213219279734162
0.989849712546570 2.235879098716927 0.977447418486696
3.545845136644837 4.890657429313270 488.080040539735251
9.659490656716233 2.990562643736173 882.200533945288043
1.327124859267397 3.040195729155909 2.364154646897763
4.669107201106159 3.878635601340441 394.197819808308338
4.613334504671117 0.643542602466042 2.674988419433471
3.071152883311945 0.613603969374502 1.990719614786771
5.507911246390971 4.897053985685823 4252.585127308246228
4.968603026948691 1.033300760315480 5.241063615285266
7.877029799768914 2.048336151752232 68.556981884512879
4.363048023571875 1.197828533714051 5.839272051531114
3.354925045306625 0.750670447123912 2.480930274850461
6.203564812004839 1.088612312169401 7.292544775536929
3.869377516505323 4.332855639281033 351.693280334802523
7.343692714726840 1.479527409893650 19.104876374269665
1.856752595106655 1.896575306423917 3.233793434590615
8.876367399828284 3.958672777607521 5672.221073304732272
2.116721055634640 0.666768432330636 1.648702239881551
7.750732890975164 3.803158962507073 2411.636940720790790
4.367109573458312 1.550845670792661 9.836537026181110
3.039574329571964 4.158044957167435 101.755336658857743
4.384898706974394 0.818427602134593 3.352721101253989
1.293156865635569 2.898177887499382 2.106614492918266
8.864681750654606 0.833944995067097 6.170195715564661
9.570667617694703 1.638573701367048 40.489848035694649
0.908547921235637 2.447472562412249 0.790783281310326
9.944726951596842 2.310795212688993 201.944864243989628
0.447945773327105 3.968147980994738 0.041305791274877
8.073264922540060 1.842672941167446 46.923999827563577
5.040233064318262 2.789347959120465 91.070810268087257
2.644290353640398 1.529085518014339 4.423304031150027
6.314273072362776 4.005828468410528 1606.786220799197281
6.183417724163693 2.048544063444515 41.770206633220340
4.068531752048589 3.759286255171467 195.456809555115882
4.716075777963494 0.220727220811687 1.408243036469868
2.353934020606027 1.543566239065640 3.748772688374761
5.858075433845642 1.781958325651632 23.340348837312231
2.097880628251036 2.160191497588230 4.955735161973601
7.832376805054096 0.741102276790629 4.596915936153891
7.775729413618712 4.141585422284479 4887.429628671360661
4.862610203229342 2.406272068370322 44.956737708476091
8.960483653303593 3.174427361146361 1054.646747727383854
5.185689895924694 1.388009824508288 9.821063147844082
8.290612690567622 1.133674121071148 10.999625187585590
8.945460652706727 3.152351336935777 999.507539380824937
1.655971986503247 1.598691981453078 2.239743329126731
7.205825384245171 3.849210070806524 2001.727086299729081
9.859096288448377 4.584533753831979 35998.115672225008893
9.757799793300498 1.773130947635531 56.787202894347892
7.646289562158283 3.692354725923717 1828.157115104436798
5.986828221683611 0.144513630655730 1.295136463952490
8.984658556463872 4.119896802849825 8478.677173565049088
6.087649114956101 3.602310725470604 669.624371579847320
0.296576597347730 2.252191669965726 0.064736777061425
9.791498358504665 3.189095415838062 1445.148576417419235
2.257764884179713 1.389466564818009 3.100450112879135
6.848558376376058 1.208422102924847 10.227194055647068
9.668923185191215 4.403797446787759 21847.694023996504257
5.588179413174777 4.120280326338506 1199.397901640366854
1.715111818956771 4.464038004481993 11.114510871368482
2.090350349678324 1.445197637285399 2.902551003432865
6.537230866127976 3.866093445568227 1420.328210627583530
0.550961414671865 2.750666433308500 0.194048698186557
0.153492651651235 2.527899430636618 0.008760144683599
1.182495479850730 3.022027963450318 1.659594903191209
1.717372422882865 2.201532990382709 3.288985142494576
3.493798592702928 1.632974384547268 7.712434658872240
3.613354689104345 4.997261728320891 613.797705447861404
9.172225697604613 1.639399426575910 37.833848888741791
6.895573107738096 1.437700053369651 16.055086944675264
6.721077171752231 2.868168264491261 236.175009892063116
7.398152867516758 2.826604247071993 286.198671486322326
8.541220856591124 1.995559317653736 72.260892215017165
1.689225615417837 2.612458153934265 3.933910543004699
1.150049933160878 3.736391817550245 1.686014751635886
5.473659168605594 1.387440979972329 10.575887124395921
4.370097507680971 4.855715877049349 1288.376918504738114
0.787411676473234 4.453208411982228 0.344957195246348
6.067615018053774 2.497179539040403 90.227011361445065
1.926884206460213 0.263302333610905 1.188510844348281
4.292909994946370 1.146625020649248 5.315315236787614
9.415847794841373 3.668155676509666 3734.805544485634073
6.172558681645283 3.373466946141884 464.096525138405411
1.046417211952215 1.807712508099038 1.085477306025753
7.311654455528322 2.135390830099098 69.985990692138856
3.342760282126594 0.330189848497698 1.489547056382928
0.425895041044631 0.123355142723353 0.900062291779993
4.523821187579641 4.996913338178547 1885.835591315737247
0.697537565657354 1.491730632780166 0.584312260336819
0.658554382692123 1.059765797204014 0.642317314788738
3.112301574293522 3.511159694553010 53.862746459574964
5.134224466017638 4.091468957302735 807.022794362890636
6.452522479902260 3.965334779961570 1624.982367342920270
9.448387945624265 2.246490819774330 155.285947721747618
3.685519751978911 0.180972384518690 1.266253411293106
6.794843961237492 3.051073851773122 345.972098319170073
3.521235511571957 0.388849433658971 1.631481184530164
3.607849681075418 2.864353270104619 39.459935949161164
5.087625551967405 0.890228758219954 4.255593095619171
5.293184510906663 2.575211450361298 73.067523876085062
0.532060143985239 4.956468656944517 0.043826111144783
2.843851951007736 0.843920443735386 2.415802258741616
8.296653586146059 4.036802793736266 5121.887376945956021
9.757307218184303 4.339263973921323 19631.972537378183915
2.213271971229532 1.703210536090888 3.869607175612853
5.852720090391331 3.929921750830064 1036.706756678000147
8.599970622395414 0.960638641516243 7.901579200216410
6.462788085092853 2.929569423406771 236.690814942313523
5.679453333488013 4.421601540762227 2163.928661357534565
2.001527611746437 3.995289545968554 15.996567134043307
5.363732841331839 4.665902416278140 2532.925888530861812
3.703149996343147 1.538203525526071 7.491665595814166
8.629337913252190 3.907477418858046 4542.666464972902759
1.284941752421793 3.433769669927301 2.365269642427825
7.810466813402559 1.865128381974857 46.233544786029761
1.410366277105028 2.974030251390271 2.780466283168934
9.057073528621396 4.977555523239798 58004.324707178333483
3.892559011221465 3.939180064291081 211.369710976241493
6.662817150248961 3.781832157065479 1302.974491503107629
1.896708628065670 2.351331497749402 4.504759540358089
2.026741359226418 4.003666079472469 16.916794262963414
4.484981238533981 1.002233083739702 4.500036814460287
0.830462895832679 3.713139532783417 0.501677668261928
8.444908973381436 1.690081524488677 36.814681206055276
4.003998835834969 2.807201840249346 49.127210402206963
0.955218088414863 1.116224085862052 0.950145188620146
8.350578283092188 2.646737595988115 275.132472018880208
0.307772064924150 4.009950278530069 0.008867976454613
5.438080286899234 2.120596396658750 36.272987098879888
2.193624300055919 2.748742501426461 8.664972167626464
2.581194468111216 2.488434920581928 10.587393989046289
6.443947747937219 1.997823652154643 41.356428280250753
9.596153222246633 3.658635685981434 3918.643606589457249
6.684797369793663 3.233042790901397 465.099218942715140
3.046833114654359 4.679522072192037 183.730187095221879
1.951569318911818 1.892918450419667 3.545464954814856
2.831004989463910 0.450556240507953 1.598176253226494
1.269124462117324 3.411040047540778 2.254535213338082
0.593254429392662 2.401164078776707 0.285439721753828
3.000345375657386 2.263039861514753 12.018701795475412
5.835863332497847 0.484000941239310 2.348527206761264
3.531578964455606 1.659997377354360 8.121326529299290
5.019941833010757 4.204601491557006 883.402727415236882
3.283114360207545 2.463181958450414 18.694178575961114
3.176844528095456 0.107399147746208 1.132175984364206
4.465702311964647 2.214713991805848 27.499194008472095
3.501217294110394 3.817955597379103 119.620117683222603
7.728662595958307 2.804594099050659 309.579513860570728
3.524577696675441 0.420912947713783 1.699356345050722
4.057639338011048 0.244357946398830 1.408109567051963
2.564065448848724 3.938994473640014 40.810272132605014
8.779069772942135 4.348276635842597 12658.290916388021287
6.594255693247636 1.044424541037037 7.170622291864397
4.810664092721305 3.421761283635977 215.944809544257879
0.244931909823597 4.988348973491908 0.000896076510335
9.156690103134840 4.184290559514298 10572.882222438081953
9.133035117879258 4.341686069776591 14814.579122484750769
2.168085682818349 3.320269371697479 13.057628709541799
9.162115188964057 3.074162976597282 906.424656767706892
7.252969585073106 1.620233989664400 24.787746096888476
8.223428052333652 4.611645545042981 16592.033515890554554
1.236349727038033 2.002817968386385 1.529474800408737
2.127563454254393 4.516465049703876 30.260071491583904
1.122594628133814 0.359548957517689 1.042455710703140
5.055762094583765 4.538486104981864 1563.600637073858024
3.495812646456658 4.476454886091394 271.124502446902227
8.941263027617746 4.885042780079546 44424.667392029616167
3.218765453190802 2.877233880850793 28.889561191470513
0.474677989989842 0.276574598750909 0.813767253255092
1.563182852118166 1.618488194288206 2.060641975269032
6.873081801803488 3.033270466848546 346.183974803389390
1.603848201028643 4.303999097377478 7.638753428358777
2.526615979754705 2.407690856862982 9.315154107678085
2.473335964743237 4.419886269506475 54.735189934967892
5.775086712052688 3.334488728206483 346.264736778908230
1.342506724747567 2.451517523199417 2.058682947677704
7.125759248013082 3.169716376773102 504.931944652796403
0.987841218099546 2.218376666148087 0.973226851594322
4.068724702177811 4.384282906895810 469.934826975004341
7.052123761145138 0.376350004807266 2.085764195256097
4.571378026498888 1.413467221939051 8.569490314344018
1.831797683366716 2.838789815856706 5.575116990953681
9.140779741907444 0.630356255885256 4.034240637621537
5.957084135341389 1.869693511466609 28.123899900063954
3.943626950263001 3.054499231395083 66.094198755652798
4.810922494929886 0.309071797102461 1.625015640610477
2.494693874508728 1.614198283348723 4.373857006446943
0.983545308019577 3.088470317768459 0.950048176050922
4.206737158685955 2.651819953338367 45.143040061654006
9.619092601489216 3.850361644610745 6101.292584380405060
9.001364624215544 4.130580051625726 8746.756802061874623
3.387420059865964 0.561887360461279 1.984845580939567
0.501614421857847 4.877985669609745 0.034546911212261
9.288417920081772 3.831437483367141 5112.205388504846269
1.520909253305219 1.599796740182870 1.955817236399191
5.710056898664372 0.578838455656319 2.741401091641392
7.329095130240295 4.017608057177160 2988.362592081841740
4.731189438463267 0.311764238513905 1.623422696352215
3.111157909046141 4.185476024225682 115.641426774315036
0.579562767938964 0.963669046461506 0.591163025911908
0.262818047615363 2.743656455129020 0.025570145627542
1.586312883530858 4.950673339178069 9.818830078592432
1.881815291757801 1.786768668955423 3.094607465290892
6.613551847752027 3.522826671208763 776.693129860038766
7.547213598661148 2.015133112140838 58.729584258133031
4.641425199300493 0.854518278464499 3.712494072341030
3.946794687668434 0.584526552195465 2.231108867444901
1.831369599644415 4.582391250636025 16.000827621513842
3.129589193107862 2.626764487001674 20.022971593080911
0.304520890922408 0.318993942631472 0.684347965029105
0.147747440909306 2.104876606738594 0.017862490337306
8.384594687372671 2.754036340048765 349.384142717950454
7.461148184951973 3.057814471361623 466.528086486240795
8.682169265714222 3.838035579980894 4003.949710444522680
1.449459651589725 2.101246889187141 2.181392824124314
6.947827793094692 2.735818836435014 200.977054245314264
8.929079693476320 1.584043957615277 32.071524668357519
9.292334067718093 4.105412223645229 9430.863265248455718
8.801922216889480 4.662406443714233 25351.539966969157831
4.434875483393816 2.636356617568983 50.746972843909262
6.377045378627154 4.243071995774562 2594.528819660102727
1.037185056161378 4.661818530118079 1.185547512897992
1.793817480620379 2.404485097765221 4.075735805867920
4.772042692407009 3.187688949700682 145.712987396996567
0.210516215324100 2.750262605609271 0.013767578565694
2.931825226764611 0.907708041160542 2.654758311607865
2.337971188805423 1.011803765932858 2.361526623057538
7.002406787172502 1.981010133172552 47.254539845393836
1.060335092715077 1.488300504217646 1.091106217771078
6.797573191050614 1.295498252033060 11.976033791013785
2.416440600712555 0.400694240558883 1.424086816718718
0.738488659873060 1.401993577013915 0.653760829989113
3.775529485681770 3.558114355844557 112.967424914754005
4.757711013869971 2.363534861509178 39.907445392253464
4.287675816646848 0.154815181416831 1.252787912931726
1.763578595425803 3.755668680837921 8.421264446779336
4.195940576234110 3.500543963476679 151.440295332861979
7.503015403301933 0.838125133541091 5.414484984142629
3.316156300010118 3.618734768287802 76.566703045398384
6.726169216015993 3.161363902771283 413.880731631350670
8.106587027972186 4.775307535734856 21876.668510226441867
4.025161948829617 3.872528705545565 219.806695092254898
1.892993498190246 4.691387113903204 19.962449064820735
7.369531509157575 3.668418763820482 1521.012322503636824
6.203110404814273 1.862458222315903 29.936574233545219
7.588981288518434 3.950430555794579 2999.878891411331097
1.799177640848914 4.204101403372082 11.812916980092099
1.514392845881078 4.422353924344844 6.267273621651970
4.192348383834554 2.231252598432785 24.482717070555609
3.159428918341733 3.986019958824374 98.050498748056327
7.365345396385715 1.128362760965582 9.517183011612842
5.794850474859134 3.898209120556986 942.970696888767179
1.249660965104664 3.903328333480133 2.386776500643847
1.585698294290218 0.132584413687250 1.063031479430604
5.832811855131865 4.154728654865332 1520.600536846285650
1.274440810233205 1.715461858128885 1.515904620992812
4.608046978524857 1.335151077614248 7.689450426562907
7.321495981839907 4.834558562633831 15134.166356392046509
0.776328051270337 0.660617733954086 0.845983633732082
7.762052702668277 0.705713312461722 4.246863724478970
9.363794818836347 2.363365487670280 197.649566839149315
4.213859213459804 3.498685109820329 153.305836758106608
4.601533032918838 0.643592323554313 2.670785370063876
4.650440936596112 1.346697436826359 7.923419280598857
3.162033795213869 0.417643125633713 1.617363265034918
1.940858177407199 2.012144638384749 3.797389839608931
6.670355390810105 2.321529358977992 81.900402828539001
8.943063695086197 1.348349889024573 19.183881331499848
0.321985983701361 2.142555725324917 0.088209076587158
2.364419959939124 0.450775292616744 1.473892549631889
3.818356325894041 0.823495845320038 3.014205391486116
5.123780908051876 2.583206324495359 68.079882801346614
8.267646262519220 4.125699974509239 6093.157815928894706
1.756811126533929 1.935889664197834 2.976875967626492
6.196526794693402 2.597653530263030 114.215990683315482
8.678194926701408 1.154038308183246 12.105520796570715
5.920446345108560 2.406503470161209 72.222690515898989
2.082864788514970 4.565843226041959 28.507328815151151
2.427470535626652 2.316243412568640 7.800282637834691
6.409537662010391 2.717982277599065 155.933950603799389
2.492823322214369 2.067747771571622 6.610860050275804
9.608578893322269 3.082351981286226 1068.812218299855203
4.622288215411094 3.131317028985796 120.747490616203493
1.860488606843888 1.181466923683024 2.082358019531744
8.233976522032563 1.940908331736777 59.856917586408727
8.432762586615352 4.452705169342988 13276.110009049558357
1.219522019457137 2.062514835093423 1.505800455025293
4.461326907067407 2.788016668095778 64.672044431403833
3.176271649339631 2.206526862006874 12.808396144845178
7.243528137217706 0.740324867604326 4.331541523395811
7.879514664518259 3.273818222260609 860.946758007531457
8.798838076796518 1.885175653654606 60.312541623332251
4.688278346131844 4.132667138349603 593.027698613313419
5.888854424450139 2.232991886221180 52.417049313173990
1.194166007497334 4.391498515314071 2.179864686523885
2.088298176680909 2.675603582339049 7.171962060161307
9.841870748290559 3.947494644637592 8320.869935762450041
6.982209993676340 2.025316929403647 51.209804923020251
9.903756772616715 3.376002099246487 2300.502848719265330
8.767895612129083 3.816248343324562 3965.727747155113775
3.403410947687400 3.198642310717563 50.280996748765645
9.982368415545730 1.103117604910101 12.655291968170758
2.852287362205128 1.284868136166671 3.844707795787672
4.417115153005211 3.103975221516257 100.576057007510130
4.684599679457823 4.282945345850047 745.510209686418648
5.458497036725952 4.207918158817409 1263.406750305025753
8.945376946126395 0.940667201474121 7.854845282716775
1.090505836297828 3.803928070797693 1.390382149727156
0.678535413671091 1.802670905205476 0.497027799744973
9.877469017171231 2.326597243561776 206.129375891532447
0.607199321534060 1.026757950975627 0.599147382800016
4.107333257518004 1.794570690099393 12.620503686782273
1.262978012619722 3.283895277700322 2.152648672634196
7.028567523740268 2.421602253817474 112.402146163548849
8.031104277316381 0.929107773422769 6.928412424325725
3.839821450439479 0.663956381280571 2.443188847486457
7.956567808459149 0.303306930652981 1.875842486739534
8.347949660350301 4.907047193015178 33284.012494101632910
3.068644939913763 3.140024925248237 33.808397802517121
2.721510726249019 0.332851374652317 1.395491266849439
1.421533861350659 0.488279754774574 1.187375962248101
6.308657851555727 3.157418986096252 335.533734047904034
6.094753338648580 4.654639733237497 4504.929614112479612
6.453866446579597 0.932970980105490 5.695587587866986
8.812885559159232 3.148793287011546 946.197126874843889
7.923377343751572 4.949968013062965 28156.419440135843615
9.238102754429343 3.716083148359330 3874.234720149124769
4.597004534564407 3.603653378875450 243.966405569139511
7.937322505600282 3.090150193438686 602.737021541761010
8.523772091212926 4.226338598467689 8573.639527550098137
0.133713179368751 4.894759718920682 0.000052824178046
4.022289019023243 3.164712997950554 81.843543632900122
8.882063517133291 1.654976832473790 37.133722506003011
7.593201528560073 4.855083653499593 18816.405718901467480
1.511541737028187 0.503179864259079 1.231063920731539
8.326043893242911 0.347404528465443 2.088163841073939
3.154383723902098 0.593628614482620 1.977743369284003
3.013515675769985 4.713334887940490 181.148035676941788
7.363726670001508 3.057155633913755 447.561268227142534
0.779226779408926 1.155825558710460 0.749518455975965
1.833558256853917 0.822287422227961 1.646280867418898
2.533867564873439 2.946930382746442 15.485423220574178
8.536564352394684 2.960271209688858 571.282083545066143
5.038375202301946 1.606242139172196 13.429152459952093
9.043366240657020 2.235810311477973 137.458861345969865
0.956966049754939 3.064420079207125 0.873894376741510
2.661403812543008 0.888344315936939 2.385858814693275
0.376319918195041 0.279911534849304 0.760665231517039
6.424319071834354 3.096119283353772 317.050958102094057
2.397979643323166 3.280646401936769 17.625390453790150
6.720534196231382 1.255911417825837 10.943238730920344
2.417751905536729 3.853702651126667 30.029964358183697
8.227014038877716 1.768959706882695 41.593612529072004
7.265911692510509 3.745197800283143 1681.519256601932511
5.541740009530549 1.876546929939184 24.859185446992502
9.922752077409704 0.418281702467940 2.611397526852182
9.129224191771650 0.514988990512384 3.123294025334669
9.571700558712710 0.366800026443470 2.289954372978398
1.621501515379035 2.942740959653853 4.146984480862322
0.798354754278226 1.908758058889842 0.650602407891497
7.752127016317139 3.917390119149072 3049.359069662012644
1.708638521492981 3.736126884280283 7.399640863727087
6.381273939337373 0.467253521848028 2.377364712455243
3.515849817572932 0.986359520988199 3.456067376282391
4.252678094381567 1.056785150212013 4.617014146135082
8.080480872631940 2.168147594319742 92.780732395730098
5.875628298429505 3.931266751353530 1055.255571831813768
1.679842749500230 2.096755197367299 2.967106733230532
2.707354630276858 2.554784271164330 12.736776776918829
1.887469963988495 4.145216540809492 13.918183034691799
7.630321139114747 3.041021787642150 482.871900847194695
6.543556089220281 0.157581915225593 1.344489781164843
3.143367873546700 1.839732770209269 8.223832722473658
5.771616130628771 4.767862380783868 4263.452391154502948
2.187292792232666 2.773190874601676 8.762474635463574
2.145506525471381 0.694497474461665 1.699208361225646
3.178389344412106 1.372170273642944 4.887802491711907
1.683399565322655 4.345374921263829 9.613205646645772
8.073485675108854 1.555219206889228 25.744165100128885
7.842157552077540 1.196990601941463 11.766057412418187
2.109412635007102 4.565870010092180 30.205043654653569
9.295104709080153 1.487445249801945 27.556575047339795
5.722525821477936 0.210051717701709 1.442555764324061
4.121524282654647 2.487598150349325 33.885726570377138
8.464099168283989 0.114784130386631 1.277825495262233
7.398019931058366 1.875079418559797 42.624625941858767
7.478220908228757 4.690241241160540 12540.786577153870894
1.345990023178939 2.891457855089786 2.361125351205894
4.898396014651655 1.681385701283123 14.462612457959334
1.529036254851150 1.641105145799115 2.007469579017942
0.335463903787365 3.299774903815415 0.027210586576443
2.223677659620253 4.818729074370148 47.037597566327811
2.170496585994987 3.332654219408363 13.232293592241639
6.550431640779464 4.980244769254179 11620.478012513085559
0.840128469674580 0.630812406173176 0.895934644081747
8.647230692840289 4.609476922262363 20821.553035683828057
4.268104944896523 0.504885054819195 2.080636810139624
4.822300235528362 2.163787014129494 30.089617346439553
8.858584689772199 4.682035925093916 27264.270435989041289
7.096884916558670 0.132008509017045 1.295233851689758
4.544612650013074 1.404882077274713 8.388910727017935
3.647792807352187 1.379833758567559 5.963595684241677
7.464897571836562 1.908531203527859 46.365320362562457
1.870090502350430 1.900125243352057 3.285284885689777
6.714209784577454 1.757051805301839 28.383953953649044
8.927975019445565 4.927402312142883 48388.522897807059053
2.762325323347453 2.885588234416678 18.764519265723838
2.684270524424730 4.152084779630634 60.328576876721776
6.483915309438562 3.498781493027556 692.534539346461202
2.661461627528919 4.467462656997747 79.288218204983835
2.632239633413510 2.522245825604004 11.485873953738613
7.189396233679140 1.383317862748362 15.313622155266486
3.081285436143017 1.140953647838335 3.610941725882436
3.325567464262650 0.988365898057549 3.279399477300273
9.015760468615733 2.897149784808817 584.500511754603508
3.309101028067531 4.166382574075770 146.322394013339903
7.810813651425649 3.411856392569628 1111.095779815567084
1.159421915132215 2.125967153702621 1.369541918811441
3.297398812033607 2.748955974712394 26.572387558369879
2.836965515258350 4.534977142986637 113.157357356012909
8.276876740617121 1.011233879989639 8.475741244705544
6.874485773135167 3.709747893510968 1276.292253599478272
9.467248017601920 3.356799508173648 1892.288802800825124
9.307878062857089 1.899055597369208 69.167378641411645
5.216751892532526 1.321734428183958 8.875902433493273
5.225624864663958 0.911382610679109 4.513346685710288
7.955424631161430 2.983450762210881 486.502195719652207
1.533075006557821 0.999936125924846 1.533033166707689
3.926953930940277 0.237691541446236 1.384210184594572
7.470882862081573 1.792172407209104 36.747945946036666
3.363897733401329 3.172578345511373 46.929941060586032
7.930895035538894 1.057382436709309 8.931563729913352
4.103452532922611 1.724365521417165 11.410211880166628
0.652150550574407 4.017849617594861 0.179505451090801
1.897991161567077 4.828870064495489 22.072242679358901
2.110716401073937 0.313892722717215 1.264259366498746
1.244876565152552 3.968513858993913 2.385118746094335
1.928298006791409 2.930783192873322 6.851467669241853
4.534668511545127 2.677769650548549 57.289856604116977
6.425037333962934 3.217733425770721 397.675193239784562
3.716662560502030 3.263345186298756 72.544832377945227
4.275066184973602 1.254180249248321 6.184663165986328
4.346186522067513 0.691662851779126 2.762840721787484
6.924997434368438 3.993884837266993 2272.684576433905022
6.166639265693152 4.192200915549356 2051.361636047697175
4.535382271371927 0.497817159892447 2.122626910558290
2.181491604548208 4.300922858280771 28.638671577782915
4.318554255041590 0.780196401889412 3.131040737167319
8.170474752728117 0.252592909582217 1.699914967582124
8.545189598709849 4.815911306254985 30696.515862462703808
6.625043140582835 0.675839735368713 3.589152907907733
7.677146255473711 2.973276531622404 428.493100823956922
8.980534059691109 3.292272425225302 1375.721195665202458
8.591823321515381 3.668868322481995 2673.228646291157929
5.837538320565528 3.661463060375817 639.030968495191701
0.658275135769623 3.742842282004116 0.209087336693544
4.638216893391069 1.900865518656166 18.477522536523050
5.739150439259455 4.180423785168409 1486.978173731540210
5.196000643565663 3.397265780157815 269.971842265621262
8.856164691979306 2.488059618288196 227.406951081450643
5.863692999532287 0.997699871829198 5.839885497078318
0.484278496190243 3.995736578212998 0.055172582485337
9.001330357596716 4.440797950636354 17293.513695924946660
0.795668492528547 4.491948006423494 0.358173976043289
6.828605191117766 3.209387924941868 476.096576567528302
6.513208962361788 3.824586008707592 1295.474939434058570
3.930177835998969 1.365991825171303 6.485779936499984
8.398041273364262 4.206274784380168 7715.190207790245950
7.703075277550799 3.318568145940218 875.901717109295873
8.390260611257037 0.810143205142069 5.602610159771276
5.749919242667889 3.798249567877879 768.041867632399203
8.352461873664588 3.750888179985896 2868.290399687903573
4.379526059065173 4.248343696893395 530.887916229257939
0.707960728772511 3.748889693419578 0.273968678241886
0.768570583004603 4.891693324597175 0.275930686459119
2.042509877823288 1.261510976282926 2.461928859179940
3.445505200633695 0.108155273465859 1.143159251417016
0.104416935070887 3.534787925854090 0.000340066123516
1.427253477735591 1.512669055201883 1.712809440334854
5.887471156338117 0.528242142982865 2.550990464723048
7.409641864374393 3.523920069017130 1161.705031697283857
8.353178917819456 0.191399412434026 1.501211524530421
1.103697723174707 0.409386304243166 1.041219428489291
0.323730686198127 0.887736268432693 0.367428174094455
6.971824346092525 3.604753058779113 1096.618698909871910
6.246054991851744 0.678845136018803 3.468112125313335
4.979477880747751 4.785089753915082 2168.138862969055026
9.298646386381821 1.248501557416803 16.183540694129359
5.125285446233592 3.370591307475993 246.700208561088658
7.265576332588235 1.930397895060354 45.982642979940223
2.348231237867208 1.912881543452831 5.118979030639117
7.973105514794251 1.484004437335621 21.778061901977438
3.895454517105218 0.442151633533896 1.824383960513940
8.156183925685689 4.114785799458989 5630.848054004935875
3.914475658555880 3.128397458455807 71.469142932326889
6.341706782533098 3.676737153328062 890.227868259522324
0.327816494136008 0.326513234012054 0.694779581153953
3.405472179162452 0.294480996838708 1.434551396574694
7.660165365369316 4.934381376384156 23076.409428463703080
5.873151844653164 3.535749630507919 523.041519279090721
5.911171842385750 1.387234576126720 11.762300713755986
7.420721629214178 2.552180611020429 166.546596647171555
4.162022589554697 4.504811721077107 616.381888122180499
4.224082517817147 3.572898764993227 172.059436512217047
0.635597284152179 1.680372234458545 0.466952336401328
3.484481794227605 1.976232835083774 11.786675076882826
4.778263994253616 3.197398958782288 148.558545838211728
1.333623037267201 3.883011102145983 3.058474561237481
8.546190849254035 2.146401842861874 99.990421231159743
5.756818939276612 3.847005482623732 840.284816811640894
5.053761550144727 4.264477895024852 1001.266151493093957
0.883942187403809 2.196321763353257 0.762657528116990
1.503398138612496 1.125997858589851 1.582650262216400
3.113134587399963 3.157748766350191 36.090678716773645
3.133066030117768 4.516918550657869 173.881769529439993
1.548269202509273 4.533236961591366 7.254693316196102
5.987885157504055 4.106901559406354 1556.630711628885365
6.596931934088728 4.580218187329282 5659.331637623295137
9.860131833997295 1.843520771706511 67.958446424435579
0.724315742829734 4.390441175159375 0.242673186394334
6.133190932719313 3.101347655862023 277.261541606201206
9.702654740520591 0.593367517815214 3.851135616672842
2.853522139133167 0.330552787907300 1.414254406415675
8.856745077932141 2.706612203814171 366.356380989841796
6.159674097532608 0.725301981080200 3.738245241242816
5.195102155730877 0.595438028721121 2.667423269348636
5.050807271577586 4.268023737442930 1004.524602388799735
8.946270681067402 3.557774146923399 2430.677978248410000
7.111210268084201 3.382133868856731 761.004166079771721
2.703688815212714 2.216527406866165 9.066587849305744
2.750457173747577 2.765832506515778 16.418002607538114
6.185457950429643 3.143226960116067 307.228402193301235
1.336275557639592 2.315430457838735 1.956606490905857
8.273941972179641 4.593359058619563 16420.368176001673419
1.455075300310462 1.276400459700124 1.614013218189335
9.301792129537867 4.475006065587548 21594.420001901897194
8.433957755625819 1.213537747067775 13.297625102540451
7.199261553758986 3.274209211828794 641.121158386386924
0.663663003713479 3.717866172989782 0.217783531519560
7.019404619017823 2.371200941533248 101.565921681889222
1.819943280332105 0.130805795898151 1.081476469136970
4.620206357961411 3.216664767073248 137.401926480612531
0.924827128769004 2.428724630970419 0.827123667626378
2.364976529745623 0.768385160696493 1.937505717531526
9.379749853308763 4.833068171389594 49965.083543782049674
4.397447545575573 0.448162354624550 1.942040692950315
8.084683767086343 4.091860836722538 5176.435828854430838
5.079445513421137 3.414045482407662 256.855560026688806
9.374914042231042 2.502561896307639 270.650176999869132
2.188933666018808 2.028400765537930 4.899232702180773
6.591135206023479 0.667246866998566 3.519238023849175
8.530102017193524 0.608620888541753 3.686363758203808
6.371334098591834 2.644625470951827 133.933169092909282
9.889848375884823 3.891168404366365 7455.048233786061246
2.926711045740363 2.203836164692319 10.661658619008996
8.630711701449322 0.535426633192820 3.170912695388028
8.135779422533222 0.558820560944978 3.226634494430598
1.803007506502812 0.795847615465230 1.598582401761138
1.958337520125891 1.762458822373295 3.269187113364351
6.210612263996657 4.770747064781209 6079.161622133976380
6.654872775967009 4.637029656351948 6560.296464710299915
9.785293243191886 1.090140269333849 12.018892152619085
1.498724256683674 4.185688724438972 5.438967836072611
8.749637894553594 4.384781589997378 13502.704420684496654
5.911926411477654 4.972474935603570 6877.066229127265615
1.062265770199027 3.205567974683061 1.213646659810161
7.349425188678443 1.842393541557166 39.443879253815638
1.456666105520156 3.875818954361697 4.296886105720379
8.286157620461413 3.694090555954186 2468.765542453207672
2.447245894238633 2.756466514098199 11.786281590572797
4.215543041577615 0.361065267816897 1.681174935020370
9.449808745723642 4.689391810091761 37509.451744549784053
7.028324101429351 0.534603123928895 2.836152682984320
9.436460669157062 3.492721576786913 2539.433801258167932
3.842851544906320 3.038813347478255 59.793391253526657
9.708150963200913 0.698986958892862 4.897738063606757
7.702543956874405 2.847885885480573 334.990878896247636
2.528971277566086 3.349127215724763 22.361986020104350
4.137824927266363 3.098231674896040 81.452213748983979
5.284127917097597 1.423901624436995 10.701456443049084
7.948739682013712 2.762843651196942 307.173234767719862
7.810806449600053 4.780219747152681 18504.717339297807484
8.556962438513912 0.573507800551470 3.425252388975014
4.928561753972207 2.081209614767977 27.650051586437272
3.775754818803836 2.953129140520464 50.578587029275845
2.709815189772088 3.077374463543327 21.494012323248150
6.179072923363662 1.703379549074715 22.245522418744581
0.995783572978845 1.094816844902295 0.995384708602697
7.713473382507159 1.351509413639382 15.817094424028078
1.188819369924218 2.976047712892876 1.673202176706846
7.237082647348942 3.175341631568708 536.300089026294245
0.147277581573780 3.862683960072708 0.000612032885409
7.053038997213268 0.472504226376825 2.516873454549633
7.797808728066186 1.225548193881387 12.392398834040611
0.573255615737657 1.804381074475515 0.366410810191693
9.077462530853648 2.897665382363709 596.843498791899947
5.091004361565972 0.917237849100462 4.449455767276872
0.708977450825070 3.173858133444454 0.335682344316737
9.120766271904332 3.547055153840962 2542.635259060617500
6.041140064334394 3.575525489532466 620.741176747657050
3.060711250623387 2.726697616734362 21.119842296132958
3.407870947814577 4.643671494438578 296.945521222078355
6.241632750279988 4.850217600745518 7200.611578256295616
7.801207695816298 4.482987736574504 9989.657306130151483
8.508886307907900 1.893626330815878 57.654268788855148
7.562340339135425 3.530284170498225 1264.463041515374925
2.424383020815997 1.772189574520382 4.803815253429902
4.662001708207435 4.059802543127544 517.931165628397366
4.516873188719710 4.720824847138086 1234.170096184643398
8.604093844687325 2.301730278357140 141.722602494013842
9.018004517676500 4.844193953032949 42338.967148300253029
1.879328750594894 4.719470941141214 19.640297103971097
5.412276761300707 1.512234361512993 12.854122391484053
9.416404017864682 3.797198872164104 4989.250878314270267
6.294795950543493 0.509785231109954 2.554518478390114
7.363887053823291 3.204202610061469 600.325640740153403
3.801686888881831 4.836551452280516 638.389056904765312
9.447934811394944 0.865808981401289 6.989650131684244
7.306364563056198 4.368140054173022 5926.092287037494316
5.068773883185925 2.375479854263550 47.258799004077844
1.276528787481828 2.288829640272092 1.748582027458580
6.187996284665471 2.692055409389783 135.175062324894441
8.410775303619920 1.354091162979343 17.877726810642002
1.360895374312604 1.408023997369045 1.543222129650779
8.078767785428148 0.194598597507953 1.501647815983514
6.196179117260169 1.566337266946506 17.407374966695986
3.263948852379676 1.302759127159133 4.669644630337002
2.479752642200779 1.948387448104930 5.867597317056472
6.455642877436151 3.229656936165275 412.882728256996359
0.528231112615984 2.405583555080908 0.215392173244511
2.287342409470928 2.429933003801290 7.467078192265701
9.379303213136074 0.866752872702233 6.960358988579388
3.955907766313806 2.549309674113394 33.309292373289004
7.334486836013079 1.761503790962042 33.446606908726061
3.393176372129785 0.821797435134698 2.729298312540191
1.471449150257564 4.570802824399832 5.844273090997946
4.252948380083886 0.621913509206259 2.460315900962478
0.932013231191127 3.097356707421791 0.804061499628620
3.617446420356763 0.275872962690652 1.425765309798324
5.846944236819385 2.321523104168821 60.317492815178092
1.121579880703585 2.616247807167943 1.350106966064139
0.664457075595887 4.987379364530039 0.130189282164977
0.538798516892520 0.942008551590054 0.558471948947880
2.563261145156452 0.996118644950596 2.553913502166525
3.790765769410859 2.478415204671569 27.184770626557516
4.858405405249838 3.394743766023466 214.027896214081835
2.647002456029980 2.960406279112366 17.845331308229795
1.947072615441606 2.531087660255529 5.400719051952277
5.227381583500707 2.556906323230020 68.641287625751275
5.639949961059236 1.109024100021189 6.810552716969227
1.430305007386870 2.738524669421409 2.664680950457692
7.580393356732077 3.288987047911729 782.158459300551726
3.401900639243788 3.982452912033257 131.086006568974966
6.579308777608158 0.648688882408350 3.394254827230880
0.239436293407986 0.647721004033139 0.396176135219340
2.573146784187062 4.866935818366237 99.472875972068238
1.323305699302248 4.254405119042170 3.292999806025727
3.746343849069574 1.013193868402789 3.812200545744701
5.532438119344676 4.191102050679942 1299.089699098502479
2.085246690527269 4.260214503024264 22.891758584348718
5.210937631944128 3.446333350586608 295.618147053515429
5.676966195742494 1.018608938986581 5.863401213141723
4.968795690015910 2.550469154001014 59.671513696583411
2.740450955359712 4.588612035196676 102.092879926294216
2.635186496597037 1.131687771115609 2.993829517488833
8.026568149989185 2.372482041569548 139.952589260520057
5.178836912233774 0.947251684764483 4.748513616669893
2.031083174873106 0.494583302810719 1.419701321098190
3.833897033810787 0.929479397713978 3.487239451412363
9.291906015934110 4.509640383253648 23216.916493311149679
5.207743459504952 2.839686856992178 108.407767164756137
2.625710554822890 1.846738333050327 5.946196114654758
7.001252595127951 4.383399192757007 5066.904112112519215
5.942104279644723 3.074588624822152 239.633729918575341
3.153776087453341 1.816016713847036 8.051655258756409
6.353103218887910 2.029102577246829 42.593250282740932
8.254170888531778 2.112147548179304 86.327585144094627
2.919689395835919 2.082827103544853 9.315706391255329
4.628213291931514 4.919882514586635 1878.259442216830394
2.732842340310555 3.781259501778849 44.766487556018234
8.669979859092706 2.112093061643198 95.759417716205363
9.248415974093289 4.774398489426753 40962.883577396009059
5.832069833792004 3.154964866877649 260.701639315468071
5.929355282145548 1.413506842306087 12.378024934965350
6.166339372832813 1.882573449953892 30.710341888806820
0.447950369478626 1.375833034351951 0.331245947557344
3.462878394794407 3.080566114589929 45.895709174894293
3.428290885200127 3.915934930703476 124.545865561406657
4.351299901201702 0.555125942479518 2.262111375130367
1.804316763025897 3.949008786842815 10.284458641770460
1.508685306822961 2.615624713859622 2.931885940551642
3.432696489073509 0.396377147783581 1.630473086203105
6.623877168913439 3.742690278012655 1183.501769787539388
7.693477474403022 4.432681056163569 8470.308850000832535
8.057825010835025 4.741275452163382 19798.320929546320258
4.903659625478137 1.511347705792858 11.056465042531945
5.289456477595899 3.050005525429717 160.845047646670167
7.919703061609408 1.608222326410416 27.881986700264413
6.532655167058997 0.718569896278765 3.852112354515300
1.962889314327448 1.590917787928614 2.923971635774254
3.925636074510316 0.263900316020307 1.434607332226959
7.156274369277197 4.798955134256117 12635.850673171955350
9.804077073084134 1.074885062051944 11.631835997016303
6.860961720840328 1.130449677245547 8.820458259145383
6.382559462414866 2.352799200455167 78.341392263478468
3.781479856764246 1.965958381635022 13.666554588997437
4.573158324696752 2.510240175175209 45.425668020860570
9.660864915850667 2.126925813131722 124.467503019771385
2.092959937955214 2.969880390236683 8.966471093561550
2.698462083698292 4.578508668919077 94.160728322371455
1.736556490083615 0.572649314247521 1.371695434235730
7.580669790140712 0.185668518459406 1.456578861342487
8.713835238483599 1.988279320129074 74.028473701201676
0.466630971863168 3.964616065412151 0.048708781103262
7.035543088800707 2.389355409843798 105.802314740739519
8.511506181671679 1.989269570607271 70.800034543775027
7.826780843146454 2.886650876854986 379.719281917530907
9.400207452101542 3.902528932777188 6276.203370265828198
3.336397106262702 3.774253481404000 94.402352336654232
5.932431934755433 4.784509455155174 5006.560524850413458
4.089021980496678 2.477459308782119 32.753844865332560
1.151199625485617 4.133374076182433 1.789610291690974
7.036718085915469 1.640619995409602 24.559098167063723
2.391489128955825 4.785503855088259 64.881239900975729
9.474669176575491 4.839499569630766 53220.790749143394351
0.347749358880486 3.903424042738539 0.016194516804049
4.912765084142207 0.453176422464613 2.057276392017048
2.012785745964381 2.147686014530674 4.492227535299175
4.209848690446554 3.158022530642468 93.637030045498975
5.934607103268202 0.955932465082739 5.486690899998938
5.122011360503466 1.552823249693715 12.636760680167418
0.591815818818148 4.175779829988728 0.111866814496645
9.086370718621287 1.911207650433445 67.870830519677810
8.743893730539240 0.439562325120728 2.593808938654215
3.440050252497806 4.519738087738152 266.153574698429111
0.663063120387504 1.476463260329747 0.545170473231849
8.756614574911287 1.324324650025903 17.699422811291669
9.728852320413365 0.587503678191562 3.806184451197876
7.779378260635684 3.887526660099615 2907.850056679705631
2.529608516990557 3.009786229791333 16.334442514502911
3.463003350785314 4.191504329484075 182.439643631498654
8.536984076834516 3.252062363528943 1068.218808199270370
0.961110052384850 0.180201413290891 0.992877551954862
4.328236233605886 3.204765507234515 109.452933274550958
4.279468380109490 0.645466202625116 2.555881948451195
5.283550676144034 1.789551637401432 19.665871057693323
1.649046749532408 4.747925233468915 10.749936266676794
3.211751642631081 2.021202456447027 10.573726775072258
0.704983564677262 2.361838094889536 0.437948820065711
7.551364798810379 3.169893773890253 607.082076251637204
6.163430432709599 2.535276236565111 100.558366827842676
3.734712417786128 0.767817474210381 2.750356886366872
5.717752498495782 0.917824648539991 4.954502967603507
1.657821764909384 3.794378226542364 6.807843894388657
0.249197363473324 3.422094432969633 0.008608246134793
6.515946342077240 2.043284994802960 46.045586638330583
0.730960919072396 0.585070509346346 0.832469796873026
2.119741063102045 4.337852473647162 26.023559990035061
9.313283373577088 2.324755212059083 179.030418004174180
5.100561253433542 3.101954072336137 156.674542702569482
7.130134504037870 1.529865062467529 20.189445932149162
5.847900742627219 3.645564824508652 625.386055901983809
5.740849110102390 4.716008412305467 3796.101571806552329
6.838979594535106 4.719705880653538 8727.972844092222658
6.788081739136778 0.478849852947079 2.501969199073443
4.387270052285335 3.869494940786061 305.469501727322665
0.336937718565891 1.566551568114985 0.181920706274777
7.135919647142340 4.614567439614809 8675.656644484864955
5.673727615358312 2.662970226242539 101.748806318625867
2.158425957312683 1.202887748806151 2.523071107718967
7.904736202985706 3.531344049198667 1481.662401944015301
1.079225041043592 0.719618997007388 1.056399127971023
7.671728351792227 4.335072724172782 6856.089001073744839
2.076186222015494 2.505065573694834 6.234087555270804
8.846496334750080 2.960736406041206 635.536154417553689
4.140889136228022 2.733360580365374 48.611534412995248
6.375805529218777 3.498116292087225 652.164580059614991
9.346929213260909 4.531721000360321 25049.604987356269703
7.781874807682523 3.244885410339395 778.872282300849747
2.768693227913749 3.978979798013077 57.517850458516207
9.916139005902249 4.535905864833794 33061.021695506024116
7.967857911499324 1.854155344347091 46.905882271205705
1.186900642791314 2.995285104145827 1.670676020483872
6.114466311353230 3.963895806450658 1309.312712441610756
9.235502500015901 1.364265601658281 20.756044404023598
5.564407231584294 0.180714679569838 1.363666396722231
4.612318040527192 4.931628707198270 1880.196388264766711
4.336432409574217 3.787037143213899 258.728786527301963
1.154620485100612 3.358446575885377 1.620686123409226
4.472181940639713 1.451868962845801 8.799723350466522
7.922618970773920 2.860336995956556 372.449671887197667
6.600453648445437 3.218845325102649 434.591520425203441
4.413210651829352 3.243243925650105 123.337922020607195
4.522932380269372 4.468272916021061 848.390620959992702
6.273634393413893 0.542171896863281 2.706403214603229
3.421626618922360 1.022612368063743 3.518138078267315
4.442425989206627 2.831343347175258 68.176570046088429
4.096752554815523 2.984014271035293 67.224704840759401
4.876069623488691 4.106916136091569 669.646136162547464
8.367941799254339 3.898108200532721 3948.819922741367463
1.817378748847033 1.677008791788760 2.723279977234069
5.215937008678131 1.641006196186201 15.036501821546981
4.860271121708053 0.586641649085862 2.528271132147756
9.924661380414662 3.994062340133244 9570.720494244778820
6.390968743397061 2.119785523570896 51.006863074830065
1.769098787557615 4.078891393722655 10.245988089591034
3.726796312608545 4.268288003652502 274.552328483735721
7.753661273415439 1.797897854388478 39.741331273313513
8.202606292034616 2.144662580127890 91.225944567954983
7.069420015170325 0.294109865279351 1.777510400844784
1.228800317536105 4.372983798272692 2.462069682607067
9.631219386932536 0.374935600482832 2.337852621795381
1.094753018070297 3.079770488944766 1.321553417333493
0.599447356923236 1.445434805206678 0.477258455824622
5.934079764233506 0.672103547120723 3.309585077124348
1.870746346589437 2.170731520957261 3.894675961904915
6.949568087562469 2.316994470967956 89.291804630460732
7.738347249139658 3.027365933409080 490.075882534281163
5.182252744419753 4.206596076751756 1013.190474987628249
4.024352065135269 1.943731290523763 14.974987656019488
1.436643633023714 4.599407125052978 5.293127472355020
9.838626007449742 0.177576523013614 1.500796636084387
3.026608113250572 0.444670895711975 1.636316164637878
9.179780297319072 2.846713187875214 550.690227659279799
0.617374079766564 3.543574525532558 0.181047535319417
9.438796194693346 2.234056038813673 150.667068085157894
9.714550323252730 1.509292618007680 30.925006209604437
9.451588665281109 0.353076546690737 2.210181149831664
1.039635594332472 2.791857190475896 1.114627445617854
7.354529517439518 0.534842160915847 2.907167753588391
4.269424474388250 3.231988365648240 108.979888163300146
3.666542109164065 1.501404149772873 7.033594333788783
2.888110841600028 3.908993633859177 63.173746591778588
6.326521565432377 1.407273529845764 13.410911215961898
5.950295952355809 1.600080230442819 17.350973587945113
6.734443707207551 3.961898296818562 1912.701513682199902
8.906019592021442 2.835258305934782 492.718019992013637
8.896971098553726 3.584005540666203 2523.999309585927676
5.755717113755953 3.574503023663213 521.168008819832266
3.238559160171977 4.611763144887028 225.746893735324903
1.390656366075111 3.204369677183217 2.876929865907611
7.998092865073366 0.781062689864463 5.073282189344541
9.406294693816593 2.049440490809636 98.846991123186385
7.353536336000917 2.006517994781410 54.782305246014772
8.410263053800668 3.976562349357736 4759.517797683107347
3.437989844311591 1.355106303135243 5.330276396966774
0.505797278304440 1.525524698906358 0.353515793668251
3.994377295848877 0.812979535176727 3.082945143493570
3.900308347620218 2.692064338730929 39.019022363999774
0.854150748914559 1.767525472949707 0.756807680203636
0.849676896257766 1.118199200294323 0.833473250760275
3.531231210250361 3.359470576598008 69.301365740480620
4.274272574430472 3.718902997799634 221.878580704200033
1.139714790926752 2.519094577387194 1.390192561250966
5.544489485882677 2.270468798256438 48.855613565715153
6.595317532656066 2.542304589806346 120.989227705523646
4.299426232913792 0.948172363347989 3.986413387288779
5.004673057753561 4.814098804835004 2327.361128403831572
6.156592738767929 0.612847277752880 3.046106835263605
2.411583252698217 3.104354881450410 15.374531288385638
6.656850197256074 1.352810739135024 12.993520981571432
9.355629794121917 2.311317431576298 175.573116285110046
2.689551298674942 1.472885397028555 4.294070299764739
7.458193233925441 0.328531456512113 1.935029533664138
3.178636507588262 1.227231517554156 4.133955729802945
4.549759390403461 0.503108318706552 2.143085277283102
8.304079312265115 3.755467933540715 2833.803331500296736
4.866299004625676 1.940409031693432 21.549973430214095
3.893168928018711 1.294224883355216 5.807445635604934
1.229662647299319 3.653506011537737 2.128303803303489
1.474950185857616 2.782617268599696 2.948782746823837
7.082417019360037 3.160240784421604 486.158892688277263
3.589833225454178 0.795093602589704 2.762714475913400
1.373039257406451 0.928905708234208 1.342438758375127
3.883473348735899 2.961940205391813 55.620563243828919
3.527183110522397 3.489650683849151 81.345309596091326
2.354226505587768 1.335543420889367 3.137758228674449
3.057165111949682 0.653156511485270 2.074861901624177
3.156776921968235 1.855536031848900 8.440438932534978
7.611818583193624 3.375422893346592 944.922571788683854
9.488160236369113 4.123842405892957 10708.893832666924936
4.529236088963586 0.442081292957950 1.949918061958949
1.984441934704320 1.042143995188656 2.042594071121105
4.439453791931049 0.388060404022764 1.783211937543985
1.773269491088561 4.267031117571243 11.522044971710640
1.957965985597315 0.389042493912292 1.298747128956260
3.075697302219893 4.221144394245284 114.730888500774654
7.090374116937603 4.662487317099407 9251.968111953634434
6.910772511341775 1.059902325412152 7.759186532402322
7.137592251446301 2.060205575855024 57.344535938011497
5.769672258747028 2.043056445515633 35.898371782567978
5.286233985851931 3.384508412968784 280.217345955752933
3.068345277776689 4.959031772195805 259.760756465733152
1.791102159767861 4.866454062776134 17.052913631779742
2.265175429366074 3.157360911572423 13.218576110702575
9.642681650907168 0.889739055008333 7.510679782852636
1.496181405344922 3.456136163869798 4.025032624868969
3.356870156611665 2.026812473082097 11.640474719761789
7.469323082387358 3.882536625740670 2457.799313297261961
5.596492786406401 3.385559520079894 340.497524655734082
0.167443130843737 2.654216012691005 0.008709159709685
0.257015041319536 0.331346410790238 0.637517161452640
6.121641283884972 0.282882804390491 1.669519099456834
7.428825819308017 0.942510729590552 6.619902762030351
3.553847759724427 3.642340113006300 101.352018037785541
7.895247435166991 4.412714500290789 9116.304776576209406
4.146432222919007 4.508615304224191 609.336260775130313
1.389338974038711 3.523104503359467 3.185138186131521
6.883230026719401 1.291181123123089 12.070953619066657
4.308951669017503 0.336072464259845 1.633784737173280
0.387230473265740 3.955691428368862 0.023449554138287
3.045323499393135 3.096388752069256 31.442503970396274
4.666627238868817 1.853920102560171 17.389148544587190
0.412422893150736 3.901259623055128 0.031575647015111
6.712886574736824 4.876420025528004 10773.507400581316688
0.416779226023904 2.354000851521615 0.127426146733399
2.706269557391475 1.910908629591370 6.702264684047308
3.717968222107699 4.930879325075170 648.796434286232397
4.070204362303135 2.530429415935306 34.881150732812408
5.325939515698003 3.203165470399203 212.210721485244846
2.236999318479547 3.227131679392406 13.440571870234262
8.257414192091117 1.930471803853608 58.876451143098734
3.004532895438810 3.744263541528097 61.506762040037955
4.864998859153184 2.504672721715824 52.591723488981145
2.526258583531011 1.856827980526111 5.588973424452658
4.612838591368099 3.311906827311386 158.125170978281631
7.575634831583047 2.048940594991522 63.369073148942462
6.733671781856449 1.696594245230248 25.421869295723287
1.765671789652815 4.224546232003416 11.042886754057330
1.115156323827791 3.882498973096614 1.526795976098857
3.996764642355419 3.580748461808621 142.747020873966193
8.773111998138670 2.855966880773047 493.873422342833351
9.938924127772992 1.313356061770748 20.410879283611848
9.915527217412743 2.278107175608268 186.086213181046332
5.358971142069220 4.341393104781770 1462.948515566934020
0.193010250955916 4.794856714543855 0.000375370609923
8.296833239259827 1.140462167895775 11.168241166279218
5.812316483564900 2.797325321248513 137.446448333996898
8.820773234182862 3.512928967422621 2096.513799655476760
6.079829167004932 0.569398441915252 2.794772932291052
0.366591890862943 2.057152156425204 0.126898888537842
6.176125539297814 0.832174033395794 4.550021185494557
2.085494966375686 4.836837272252136 34.991510858795330
9.831833659302335 3.055356411547437 1078.579724486996838
4.702429543053003 0.664431716422055 2.797127466983300
0.427639720796581 4.617544923025630 0.019791844231911
9.595900951926350 4.229613629953528 14250.933114543215197
1.397096453747927 1.491498134064479 1.646663617930322
8.266644639637768 1.219483688512920 13.142200252871413
4.319152990225981 3.727507228967309 233.589237285927283
7.274181609255012 1.685201489927456 28.332175022876978
2.747922399805866 4.802748561837572 128.359512610890647
7.566610342950851 0.754701231017592 4.605830439527212
5.830911041336075 0.510655643650694 2.460524094732397
8.742458036981791 1.301996382078116 16.826875586867793
9.375733219249080 0.165679054791666 1.448908331229925
0.261646403332740 1.104606377549575 0.227407100301588
0.352199322487545 4.592290155002156 0.008293185215618
5.579894152943311 1.089062898826181 6.503132954699850
4.637142981412180 2.073481048776749 24.068984030355441
3.463781223839222 3.339513426789186 63.363036954991401
2.603449868488346 1.699734061920081 5.085377095196888
1.175076342169212 4.612963723246001 2.104807088655690
6.408722101211827 4.834786827316103 7953.676630780818414
7.565966039319238 0.893120971522971 6.094417686461370
8.786723557726861 3.903968620323645 4838.055510634561870
2.512823367934190 4.006592969286090 40.113088713219952
4.250641746398617 3.802141909315145 245.173318103412043
5.868166932763715 4.253456992192978 1856.915584539943211
5.751830412388675 3.739874037341027 694.350903566220836
7.560545106013769 1.331691354175623 14.789775410203971
2.711663880233667 0.330478699479472 1.390513540731876
2.302887137268530 3.470286499303761 18.079645070843796
8.762167921358552 4.879671801263505 39777.282245282280201
4.949836690716212 4.771080646403182 2060.388226942066922
7.241976597734763 3.594822251389515 1233.199947212888674
9.965941308546062 0.395971761834623 2.485335712972661
4.721525520554552 4.689866813127206 1449.961271943746624
9.088174698551605 2.579665922557802 296.858572491028326
0.561835471025577 3.405452857603800 0.140380175130692
0.313879901046075 2.447481520553552 0.058659449502216
8.262919986417360 2.393707767491671 156.801313368745809
9.731529243075119 2.948591689916281 819.865395112387318
2.337059772503669 3.959561074481476 28.825089784103035
6.712423442984995 2.357747338524193 89.037421838569543
1.472769997810232 3.691795033307629 4.175607738777887
0.649803171049912 1.059866003223886 0.633247993830582
8.369242317078193 2.712961598845064 318.575278784332170
1.130482788482655 1.190964829466178 1.157272136097961
0.498680251673118 1.580371850874223 0.333001863217927
5.044294788206351 4.393388473870883 1223.701338383744542
2.881501002075013 1.306760410409550 3.986682217470612
3.672523736358021 0.335680113055700 1.547559603425054
5.637944729435215 4.585825900312112 2782.974860558693763
2.671073110910117 1.239697397133222 3.380346699040666
0.405162350224571 1.697881801219521 0.215675373325180
7.489276203587814 2.306408889165242 103.947928150524831
8.985050795626444 1.877466100451042 61.688254761884991
2.423428164237619 0.269318125272985 1.269211526405288
8.002306092254614 1.367581989425017 17.187819510128488
2.772758832882896 3.978153443143273 57.805915737531379
3.788947429554259 2.816798864327197 42.615783560377189
6.179325652199395 0.544819642357476 2.697244015039010
9.860445324600880 1.738015016445499 53.383505968009850
1.748768939150083 4.390971586781999 11.636736689008961
4.316177036694531 1.147995290534907 5.359088731921256
7.117691661592271 3.227644834313319 563.700111271000196
4.793402628033615 0.186630554126854 1.339765993098267
8.153433976515821 2.957489061329355 495.769418440512879
2.466871856689542 4.493264794657707 57.812063203223545
9.723067763653212 4.253036385582404 15891.446492923942060
0.817879319199434 2.915111515235334 0.556518184482808
0.649574340875731 3.376003966677814 0.233042050299748
9.482075075867675 2.537238916957512 301.049075726202659
9.326377807939547 4.434487115624482 19960.886474266731966
0.489138728723989 0.648566817420326 0.628891801891398
3.986263370773438 1.265047463616557 5.751014744937277
5.669697796786125 3.441549272432852 392.115096788904623
7.840492625177773 4.670726104451948 15039.480475935270078
3.803598289912271 2.096261806130987 16.452801998935357
8.078674885018245 2.883960917318372 413.745683811396304
8.235115950942907 4.322401433063201 9075.950178544708251
9.737046659158510 1.215798271798386 15.912123604512207
3.736838149370242 2.242928942348899 19.234745180607437
8.021972386696993 3.111825712252545 651.576441116257001
3.117129281926150 0.425565436099328 1.622276895948875
4.532592705362354 3.586616052545403 225.976664569999173
1.827294767423601 2.012196072862920 3.363645806172826
0.280638215341735 3.411367614575542 0.013104664272584
6.469327510387741 4.424489289229204 3869.346038315974965
8.229827362218037 3.109551105874106 702.189355119368201
9.764267878154730 1.407534372755749 24.714502585530955
4.715818907386551 4.710030557766306 1487.560420534127843
6.421622269950809 4.775484434452271 7192.749926706950646
9.696603742303138 3.734495785498031 4836.452405371903296
5.485728338448761 3.458673393823660 360.387728463926010
2.037495588146528 3.192247910741787 9.698693199628412
5.861041104342610 0.775854964038224 3.943093137037729
7.687694353169149 0.163417565404074 1.395579699566674
8.655862646300182 3.345128451953953 1365.914581301460203
3.247444975664958 0.336463647522385 1.486329920005880
8.039275493519108 4.561370293900715 13459.518685539667786
1.168497717620794 3.029776682931095 1.602866450895944
9.006202385202858 3.669539457614805 3182.207095614183345
3.460700447506345 4.231396300009476 191.168614783959327
4.212183643272142 0.446493724288111 1.900371851748383
3.478333579827021 2.811294869014063 33.262444246430881
4.993941248154139 2.366156420791194 44.939310362014567
3.947704935001641 3.343550353855998 98.607166869737256
1.353584783464600 3.457106520376164 2.848126360060343
3.485555365532817 2.458117843986573 21.526253187407004
9.496221606327040 0.432123411068678 2.644981287387158
6.148591897058616 2.960414316479555 216.323041869808918
8.155453990389603 1.904637055981587 54.447495261739590
0.594242104814111 1.256225882609105 0.520052272186839
3.837383021330365 1.467287761638633 7.193622233000243
3.823934949613834 4.905613364043581 720.395966446735770
4.712348944847402 0.945125262760581 4.328064400323524
2.086033783772774 4.611765379836957 29.691701785390730
5.590667049772748 0.895745007908277 4.672365559769763
9.362299519602665 2.071957367136492 102.958733445650140
3.250694518849025 4.417703370904470 182.708521524097506
4.581558598082875 0.758302679522945 3.171378775234217
8.552833802651069 4.047351069262544 5923.474710079975921
6.352960135713507 1.496687213080369 15.914907048463489
3.814381543665736 1.435455092784857 6.832949827718482
3.625183012317505 2.394117174057267 21.832396311937849
7.770080110649443 4.114343696473423 4608.043058292844762
2.705388692781618 0.151698458591642 1.162970168643801
8.499858204497841 0.693785233125093 4.413794403362190
1.484723513063508 4.038298897327267 4.933511923151118
9.753966403768155 3.921677240625631 7572.680191003062646
3.960201211663665 4.153760023207746 303.930320355699223
0.440988572452795 2.559808452033496 0.122970825424451
9.768328148600393 1.191073497396929 15.099016358281949
0.920161425682755 2.531716009322682 0.810053996267774
2.257410253115395 2.635485836928484 8.549396258747182
0.711991580878037 4.343812996147140 0.228653772969610
4.367779867666266 2.260868099098245 28.024965530432961
4.150276640641811 1.111329101443626 4.862806719517900
2.200402683045572 4.538805983738734 35.855095181288192
4.520203132669894 3.735434089978916 280.091125036395283
7.558410461572200 2.460118678117607 144.891601693395302
0.806847379705899 3.767334437448515 0.445504407250010
7.530274886162101 3.190501228250964 627.286628689239251
9.612898588886326 0.603592893695754 3.919619482712080
3.569354458403009 2.332634665287440 19.453145671677348
6.407436340194199 0.797376889957552 4.397758921771305
3.156459641475232 3.265387500424304 42.666029228051379
6.075992179918671 0.260503100371764 1.600054264829466
3.287009427629703 4.835176238365258 315.372391906367056
0.875815136971556 3.283414166753887 0.647017775991913
3.546746937886206 0.461752992861928 1.794261512820610
7.125880951634499 0.410297880812467 2.238297733213272
4.002743257534860 2.402745105401549 28.009934846330104
2.733768033652296 4.777030417477193 122.017954285181077
4.272120907354066 1.106465566182207 4.986379821576803
7.744599896955195 0.669375392230670 3.936171794545466
6.925499778642125 2.386729842660540 101.374743589815651
8.759045043841647 0.490192819372448 2.897247095724358
3.456087192647709 4.457439314710247 251.598805178590283
7.676707313401302 3.315273761285894 860.195952025943711
8.244391092783118 2.043610989490559 74.519812461033808
0.545423883978788 2.350404724647246 0.240557391739933
8.906017637604453 1.683627883841418 39.711263662820713
6.335305439148819 3.280554221360117 426.817234009151605
0.116856013399045 3.925349110483105 0.000218879426178
9.796448957600868 0.502448655532660 3.147466568247309
2.806179706750634 4.549693429739869 109.342261866895200
0.333466736823315 3.627701942683086 0.018611299550525
0.246434719643226 0.110413680758270 0.856713414510693
9.645928354183450 4.437230135736761 23321.742828902257315
5.162968500944318 3.640824317534915 394.041302675166094
9.484378663143739 0.644075474497588 4.258605994532456
2.652126194590940 4.206343911272699 60.503823567039980
5.569921993499050 4.875180763005806 4326.624921681430351
6.031404816263331 3.605646552415522 651.498164203264082
6.673883508250090 0.224181942132362 1.530420591823136
6.661940144773444 2.303942797573609 78.982151817990569
4.567829255916650 1.007748909087360 4.621914353222827
9.432438717184043 3.594281626980791 3184.733590680666111
4.641369139764048 0.466903660535565 2.047667838763865
1.284597425621079 2.688114097939720 1.960551402732692
3.721186237012036 2.421467088208890 24.092742698678215
1.846138382886709 3.016305444068146 6.355274479776257
9.433317396307842 2.777486304402800 509.468284227133722
2.103668891262724 2.869077576693392 8.445924060742950
8.329607450374176 2.095151364554428 84.888283219494312
0.194395910943372 1.351429942193745 0.109322733705682
5.360123240936314 2.604042089448126 79.213974668032478
2.069373611835791 2.070571732076758 4.507825668966231
1.007713561433295 1.114294529637534 1.008598959543881
3.150289443549387 1.005036863768668 3.168550120739725
9.803063139670208 1.562811523925174 35.425145704990449
7.197818842671322 3.490637078931820 982.148793372017508
4.159785778261410 2.072645231059354 19.191745901116860
4.133785262674452 3.096751830689367 81.035725895868481
0.585901299050164 1.631362790557260 0.418058891491191
1.146003889163644 0.621975399067069 1.088459546773637
0.900286059243755 3.139345670301544 0.719092401039520
1.059337116986132 2.152810638650404 1.132123666282416
5.149637808102283 1.978268203612632 25.590877821701795
4.548411452747327 1.161756548741557 5.811294251062765
1.516659202113288 0.100556495434366 1.042772246360625
7.999653738218522 1.948130363781803 57.451371953968412
6.299206052409664 2.009376109747502 40.370657344705663
7.885715533110257 3.733996081371322 2232.549911935282125
9.521630967045176 0.534088658378126 3.332104624966724
7.964825532116707 1.751755970142247 37.900148014690295
3.003701566464192 2.491248380106089 15.486799721582166
6.249441785860162 1.485795272165846 15.221488796217338
4.659580041538878 3.398073369389444 186.677244750589068
0.873351020496622 1.083682530843086 0.863509986743423
2.404604410494261 2.801505641050897 11.681427156287683
5.046938598628326 1.129632365707446 6.225341878168053
3.495331033516177 4.718409874776178 366.775757271268048
8.523879928755226 1.881373496235835 56.347726100565367
1.205148493973135 3.976876062002867 2.100333563939518
9.752844977193503 2.074767005403171 112.776088886044590
9.843806597535840 0.777267580527833 5.914982423014873
0.944486107978654 3.366231256352517 0.825092363241879
5.758902815878396 4.298260672012768 1854.122582122961603
0.420539118488358 3.557646451748455 0.045881348509942
8.842796593501552 4.924718529028083 45886.772926055557036
6.329229852371571 3.995985882094783 1592.893552339372718
8.517090443028081 4.685633275180509 22856.181652073948499
7.797842933124004 1.375789191137579 16.872088812083348
7.141531185299202 2.789128186387436 240.620975590073868
1.846840508122780 4.480815383245260 15.625032049204679
6.006671573509889 2.549192671965287 96.580132774386882
5.933250686626370 2.904845761129395 176.317742375697605
2.755331139199360 4.732206203243516 121.057914716118077
1.737106496501864 1.008622470525910 1.745397465268433
5.948792801324827 3.712133201991802 749.519642866124059
0.157578758085403 2.960151836095871 0.004211834177306
1.581735382267040 0.300488458676440 1.147723879161716
9.703471434428918 2.469938535872293 273.936154384493648
6.907782366603214 3.510494320962006 884.084042346097135
7.193981422086862 4.449370662337428 6500.909423770181093
7.414829326421284 4.617643687338247 10418.786147756816717
4.748973711931445 3.187148542909272 143.358667911803224
9.855138124480940 1.701874237137996 49.100846102350403
4.186027665618831 2.947979442210597 68.086308939573541
4.516347267338523 3.418167239022655 173.050394209169269
9.570851679922505 0.482731177870088 2.975331990711116
9.868727389365404 2.247242891035459 171.532456201162972
1.076839954369876 2.550200259088487 1.207791305695110
7.332366512445437 4.009587882471279 2946.269843076499455
8.842100359170706 2.442798893839598 205.231765686168643
3.820989375919862 4.685908253008313 534.592088424533813
0.496338188928759 0.724291616198176 0.602080182513681
2.604565435499359 0.449024770088736 1.537005548607696
6.135916650697843 4.046048695580116 1540.985766768473695
5.291860297711603 4.348287527679810 1401.061671913395003
0.870888048281664 3.827391336502422 0.589131634944753
2.542463028059115 0.955474927930837 2.438993561719898
1.053371790789271 3.150245914225438 1.177979837743049
2.968411569909115 3.582792656517094 49.312376355063414
1.477037146129636 3.946339903133565 4.660967882717034
6.841871340488081 3.277223133589713 545.826369560805460
2.656670489086987 3.284151128292460 24.750792454690416
8.902270740992371 0.241208830874222 1.694446953938419
9.557670182664289 4.010013439465144 8535.419186971206727
6.293451393671792 4.226524483373493 2379.706630973773372
6.933019664127073 4.998739172910798 15979.084823484052322
9.212414564201470 4.869343530510384 49643.881803925971326
3.771165486878920 0.468717868636660 1.862963774781959
2.459101814563791 2.594475565506742 10.324287919625064
3.045950009020883 3.505345647648350 49.615287360391669
4.013024900745309 3.492377897114197 128.100777682592422
1.834253916566307 4.189281389669603 12.697136604558589
1.884028046566851 0.905121164729114 1.774137987277700
1.604422507617041 1.414397299705486 1.951651544890000
4.175798227228528 2.698429186232607 47.317479092444877
5.570351857529144 4.564781361586229 2539.750892410275355
3.510426147771497 1.856142413771959 10.286450280441899
9.275985397804373 1.262439067201176 16.643058017399827
5.219221320178275 3.353758046075086 255.079722189507862
2.821492939080261 1.092111877971388 3.104369668482248
8.856653021546785 1.120028419701785 11.507180021792298
3.137571902097195 1.914296444863945 8.925396737177524
1.141070597021417 2.223292734030870 1.340980607625433
7.015870647210642 4.611199088671510 7969.857927082477545
7.616145327449905 0.556824183856929 3.097216010578339
5.516799981901750 0.969923412392717 5.240585576044028
5.200923252151150 4.524919271982321 1738.626146080519902
2.184252070024035 3.500408863955430 15.406300855631084
5.935167404848798 3.532220601205420 539.430975159088575
3.649105744912609 1.243175597271847 4.999153523524080
1.387729044829752 0.829506198741231 1.312328657145015
4.013325763247765 4.058387183202249 281.354959406021521
9.361558788368143 1.775991758671367 53.101445427344764
3.347311278479679 2.523139594199303 21.080529095804287
7.552103461188748 3.581432163080209 1395.534988565472077
7.945443982744271 4.201227356791233 6047.850967841689453
8.997398154282171 3.655794429967695 3076.489183403309653
5.136484770139970 1.221916107659759 7.385403678365793
7.535007808407824 4.498889328811534 8828.817274899160111
2.350517561956180 3.690947266292149 23.439314543337641
5.526362791510725 4.226728391438427 1374.325663507838271
6.297269877967363 1.823808412337747 28.674819866899497
5.054018271918973 2.902088764055188 110.158109379791398
7.157466180084088 3.287111359273744 645.192068116573296
0.872991269338846 1.582086898062693 0.806626593971268
4.119088403624567 3.362966308218029 116.830283027770008
8.347871340430759 3.418478525032139 1413.796493729859549
6.297960562113820 3.761150279319162 1013.703778628331975
0.367360424162061 4.971685533488478 0.006882972220014
3.431008212758901 0.275286051202815 1.404087397707016
3.413554852691256 3.310607327590177 58.242314316344860
8.737798728347276 4.567642872013868 19952.085747472792718
6.971347097886056 3.923547332330541 2036.071448546279953
6.413186592722162 1.551137042642471 17.860030045945230
4.628841960320258 1.048300148029478 4.984421565454266
5.130353829509653 1.230476395033830 7.478586348306278
4.210520806610996 0.408537445310996 1.799138346045078
4.142595950052897 2.144049644105225 21.060226974533720
7.518330774560983 4.880285570637876 18867.865322566911345
3.038344528693850 4.863803576302950 222.562328677640210
4.265842281311606 0.145248653319284 1.234546202718249
9.522697582171586 0.620228505756536 4.046269893117491
0.674812455684264 4.674329306587031 0.159054335810308
7.501737606803847 1.235916185700769 12.067761531766227
0.769148646931074 1.362063799747272 0.699421099157728
8.560194921018319 0.549209242571995 3.251836049534837
2.583136118609462 1.184944277140773 3.078729796938885
8.211718086975853 1.328439976448770 16.397238859361519
4.229246041811574 0.271975842272871 1.480227245583569
3.597463822836038 4.811562635541325 473.381927075185843
6.662519177850445 3.268977033794747 492.555586986609228
9.366684575123005 1.670001181868395 41.932387821515341
5.326706577292892 4.867147601732566 3433.856015117629340
3.177057318823294 3.334108240016239 47.185206129550650
6.599724974315718 4.636836245302354 6309.676727593336182
6.459572746508314 0.862239820547297 4.995626647622789
1.270863863346856 3.910977048203890 2.553459184620309
8.142051940525439 2.664104332661050 266.864033028204176
7.561021972894620 4.390291979470996 7198.216805184395525
7.587185155623632 3.008040778141698 443.934177130645764
7.329358637117918 4.727358657284697 12287.884378207802001
4.808644012793280 0.556239398423091 2.395343799963807
3.245546277262523 0.736263614188117 2.379263860135387
1.828650343264945 3.139871917034072 6.653600714719092
2.218426710291726 0.638795774473459 1.663612360411868
3.045613221215788 3.503369098964197 49.487004919476995
4.437527200811272 0.486236000162985 2.063779361670731
9.545150627398213 2.695133631781498 437.165155393231828
8.384256905214842 0.414234852807531 2.412854940888959
6.262345267503930 4.989763769485153 9452.125030981178497
0.993440505230776 4.239861075614460 0.972482730399797
3.767136610854713 4.804368266413320 585.289516920317737
8.196354996205947 3.965357592356638 4195.976212678767297
7.093446658124793 4.847463118206593 13319.852502739360716
2.794364325642750 2.563995779801437 13.940161364566096
2.477114956332027 4.159930888897080 43.530013898323823
3.876705976844512 2.723492051397372 40.056586026906963
0.503401246261065 0.904401825233942 0.537539937567653
3.202435989088153 0.496977360115776 1.783250454895027
5.620630811320467 0.195804705951029 1.402204779695321
2.761581883985504 4.691937622599657 117.458774712883084
1.856750465756120 2.955108490705515 6.225810140175097
8.366929270627587 1.499368258907449 24.169425287419276
1.611762559421329 3.312389666814837 4.860286822345229
8.079712950541900 2.667457623325954 263.293535122713195
5.903301489189827 4.018532956825962 1255.077444397139061
8.028887565390731 0.854983838689495 5.935615035042249
5.158349464565354 2.511317362249983 61.565958486217497
4.345372171299546 1.938263051954795 17.245036543219587
3.345745970153534 0.845045289409903 2.774727306658992
7.180959307686464 1.191909629857650 10.483157863936929
6.073287812910990 3.295459806694237 381.717307232606629
4.697743258397423 1.881521151378247 18.372738252658724
2.074038124115667 2.364522851291129 5.612035504568625
0.861531232048901 2.751447457861580 0.663592744727188
2.177794219136720 2.924740173223755 9.741176964540635
1.021294747288143 4.759334960065367 1.105485732349369
8.290117972734492 3.338041166833338 1164.644733072394274
6.033233448748059 4.108622893136242 1610.594211734412738
6.804083635346244 4.171066040512025 2975.343958649983051
3.326340685699550 4.415856493598522 201.804183258579570
3.804045848966163 4.840901116027330 644.039143040540466
9.473638314516379 3.249247375903070 1489.171275244004619
2.601266529949250 2.008826872115475 6.823928843432394
1.277802799272000 3.376798552485305 2.288268196552260
4.709005698779453 2.230632054031838 31.699869865308486
9.916871292054285 1.348144615760384 22.042312523335077
3.537894717194837 0.754904937432954 2.595674544173884
3.946800928203466 4.480805119393907 469.524913836648636
3.749860883338259 3.709553704662887 134.691456344668438
2.844661419504956 4.660727849353571 130.651073158636763
4.349812219195202 3.103712799497877 95.858160488248487
8.673478801742929 4.002182729187811 5686.186599605318406
7.742266834399328 1.950838528781070 54.204857226649729
7.849966773885061 2.501542865626314 173.200925018667704
3.515963336797754 4.586236936178203 319.366023346719373
2.903002545152971 0.241255426650659 1.293196292837647
7.883048939715397 0.217912040279739 1.568196454339785
2.374500426340908 1.042495717758855 2.463385973978422
5.862725825334566 1.062955598516689 6.553235173911072
8.991703677944455 3.831647448185795 4516.335668856209850
0.646054611092134 3.176123535153979 0.249684531515523
6.320710960379446 3.611290459270575 779.468136397275202
8.413681113523008 3.549473120179792 1919.610484464731599
0.222504789791736 0.608039955796566 0.401010972457650
9.315461343738795 1.334286885280646 19.642496180400496
5.993549369520160 2.819423574066915 155.819156159686315
5.574225140306411 3.546095225565615 442.630476316085606
9.652306006699034 3.119861496627471 1180.083126803296409
3.525861236892906 3.354588017042470 68.525046152251221
7.668760125982335 2.017288910083107 60.918084737143865
7.626322601597557 2.631978876020931 210.007543955199424
3.792494779602932 3.233110346769329 74.426634404680016
3.987223896227527 1.204095594147403 5.287676184527379
3.658939846354345 4.136744593162320 214.021235002782134
1.848618422974564 1.738341109890396 2.909856628212638
4.160317577036825 4.824133637224784 969.948991017974436
6.426915489507383 3.581873062106991 783.723209617687758
1.336007542370358 2.746831451349609 2.216031200226714
3.372861728758144 4.347319845946589 197.414260310927546
9.931885891479922 0.294067091334763 1.964238495799820
2.247369932339414 2.393676021390727 6.946962847407679
6.269604370233186 1.734677319953789 24.152071367191603
9.030857768198887 0.562173500628589 3.445763917327553
4.769633937517040 4.466347114930361 1072.382554923747193
1.155542245816751 0.786327845967984 1.120392633175036
8.559646267841481 3.293666812796809 1178.145098531325857
3.091758862740800 4.161909233113224 109.696121521761356
0.104477556958158 1.831920615866124 0.015956146902967
0.560310662528672 3.080669429352856 0.167877526982562
1.763242118151046 2.762748511605179 4.791792203053317
5.280684505617449 3.387701930771796 280.710758837483013
6.023927249553472 4.494006094461480 3197.306031425110177
2.327207051997442 2.630326458349776 9.223502507225701
2.354637085320431 2.707327711892031 10.160617378817955
2.956783124643696 3.393792555292237 39.615360755802115
1.066210112209268 2.449432836904516 1.170035561420270
4.328558862551377 4.623695677837689 875.503514835106330
7.401883778239636 2.256837228976010 91.614450458933405
5.212710487637940 4.972147471307687 3675.750207588466310
2.323896178159556 4.696963999261945 52.493648372809247
1.784493701712834 0.826395047364830 1.613803921403717
3.658845498815727 0.454098517378429 1.802244494137742
5.111168089664341 2.721198851881646 84.727473448733264
6.195159997385520 3.705615179925819 861.076758897294667
7.977786603253154 0.618656704322630 3.613729181190402
9.409998944233607 4.169706113196258 11470.501376861331664
8.163690635185800 4.180411607289920 6487.256513984705634
3.656180552253081 3.197314752796818 63.121391058068866
9.015559137833725 4.011176015796901 6770.857584222373589
6.577444294040354 1.876952445564622 34.312662775075410
1.089751933580522 1.043487196017763 1.093832751920945
8.628684007171421 0.403569738868797 2.386266276253259
7.214161035344295 4.143909495524641 3599.518583472277896
6.147835106529854 4.929012560162420 7720.077898303126858
1.256410614735613 4.369070821216542 2.710896690076336
4.428172475243645 0.291780877924188 1.543675317702664
5.485730660228238 2.699711047197308 99.019218412567923
6.039378058502975 1.482460245349197 14.381027387635598
7.848386452663867 1.665653995534926 30.931039398405730
1.783659624927738 1.098739903482613 1.888541368622157
8.293845926044506 3.202928945769724 876.415538478713643
3.424744520506927 4.666513680226729 312.499778179561247
1.309571059444933 2.189619076962411 1.804961919682936
4.822755455958402 4.483126585807471 1156.908630645375297
3.464603088565888 1.553784898355146 6.894542297714656
2.936079202381828 4.276070156510157 100.047856294462306
7.820633771861004 1.818761940506077 42.130291163293336
5.739229988307547 0.781771495000439 3.919675692597896
4.896973710273182 3.405334948378647 223.581134487039520
5.138037602712668 3.969913061229637 663.442668363298822
5.540366707324012 4.385874067998834 1824.174050471871169
4.047038714256565 1.801530255255225 12.410129721849900
0.401128467819438 0.883287792450690 0.446257106259922
7.647324007982242 1.017138677199035 7.918659614031623
1.086882403877555 3.035436363292581 1.287744938681983
6.732657011111084 4.223207117926529 3144.872774761980963
9.316732524428270 4.975952151290303 66528.760492810397409
5.951906240460911 3.613969421464686 630.352369445311979
4.324663316369842 1.758236502748403 13.126669539719293
6.196133663004924 2.422591321111985 82.982195607289825
8.758161307939092 3.256214125047296 1171.381406451439943
6.869193482244544 3.051446011451379 357.909074959383247
7.564282636883000 3.603904354644824 1468.909071218541840
2.596168459947851 1.125881028566764 2.927450209656417
4.570027694851813 4.192890450266154 584.746146438293977
6.132549548585960 0.559001972576956 2.756086916681970
1.738832671265093 3.462131410121459 6.788972460487652
4.557764768324324 0.277835732947733 1.524139852297337
0.701328589894263 4.291248351176502 0.218178060743370
8.746369455195909 0.786822050615195 5.508722499063857
2.624706525526608 4.834199944980597 106.150035412533782
8.885756472331071 4.900212299532106 44545.516568141363678
6.538764569021349 3.596940130172009 857.608766591763924
8.664446550426034 0.118169434150961 1.290661344019794
3.077846698546367 2.301210643694839 13.291045902689282
1.811583554329448 2.815559869301790 5.328178785515343
7.859847032976647 4.243770032743661 6308.578315612248844
5.947416944111743 4.736557931060165 4652.123731797502842
0.917895269819113 0.296108275404399 0.974950886319774
2.798231505600872 0.670863475328394 1.994334091272886
8.669403552026516 0.546507148037762 3.255500850789949
2.999937140869197 4.296756516832592 112.210826324264389
4.534756649008808 4.141367388270820 523.638134884424062
0.865101724485653 2.781120796081326 0.668307321925335
4.488836752615754 1.426153245017221 8.512218274499123
4.342186326281253 4.504461464128766 745.646807404343576
5.753905904419813 1.479624820132944 13.318636171039172
0.945222658809381 3.710418531636845 0.811374510541016
8.814161043303558 1.211997777554738 13.981612085880567
5.974300703840259 0.885675452060481 4.870105942934857
7.057169267488211 0.355126359076525 2.001571330638676
8.182554397635258 4.698440708995546 19460.517101995355915
8.975789874624345 1.934920092368077 69.842451099330759
9.516942792324357 2.372307697559368 209.554529909016537
6.771736075900225 1.251677970008679 10.958949331796610
4.816428091345823 1.975821586760977 22.332788462874365
3.877096558393209 2.074156526907217 16.620911655980009
8.047584657720654 3.228582439350433 839.490727566506052
5.021138975807094 4.737443158026590 2089.348023097908481
7.962067462357696 2.523895182758805 187.972713164954456
7.526926185143553 3.318645836128378 811.303850872941780
7.923927376857165 3.592518363446141 1696.134178378835713
3.604064826462574 1.589867659499806 7.677618677766461
7.069355447823071 2.917988950442496 300.940698967040760
2.923580478231879 1.511825395640605 5.062700193182489
1.518108953844609 4.419422445139197 6.327822525816183
5.780746248614576 1.364949184483316 10.966532022580186
6.419270352117857 3.788821531179699 1146.618857733373716
0.240646594884965 3.900034839638034 0.003866868103573
6.575547244036859 3.908393353229588 1573.256775813926197
7.129462382633360 3.315178968040096 673.032291547623572
1.923364479622435 4.301102161088186 16.663948864239472
2.578492117826854 3.537170460843733 28.514843030000009
7.067080168641180 0.277479645077540 1.720468869303261
2.389623184587020 0.791300117411608 1.992379740759133
0.716597273826267 2.495693726659716 0.435322489209578
0.498221247562891 4.869666042833957 0.033616104149246
8.814784823024157 3.343549066719971 1446.644260528074483
6.464722030137616 4.806887710640341 7874.484652785760773
8.155860141679467 2.383743560050415 148.836755396976827
9.214828906504273 2.947834311498537 696.865052220497546
7.860910813424092 0.422900666132693 2.391641456284824
5.180721657664776 1.181297012427298 6.980830282093538
5.814055537210866 4.324073324117363 2021.454691144294202
7.514423684993796 0.810297915383728 5.125502410944883
8.431302803261556 0.107868833495533 1.258563637173583
5.770895026221482 4.471192406932049 2533.172131569116118
6.366765207664013 0.920843201969194 5.498993337899756
0.740731912921716 2.446569957317118 0.479862325906504
5.802995614284365 4.616631410469854 3353.520215376705437
5.572184580126718 4.134833382436382 1215.321321523737424
9.686761536164536 4.796333843007035 53708.353139350954734
5.375099402160096 3.925183574178097 736.039451496601941
4.556703908828903 0.318681735601966 1.621436641627059
1.549477304739966 4.460800590014205 7.053072357922572
7.593414646234447 3.370661664167721 928.230070144052320
4.278672181620857 4.794413516232498 1063.546461906867080
3.977130122042665 4.473323284104820 480.916356359926056
3.528979232679522 0.393716185742399 1.642927185027960
0.403416034315545 3.242009606634497 0.052704529884400
8.970317814717117 0.554228316311089 3.373440693630106
7.406629509407275 1.294532047925260 13.358317563263951
6.383135032716281 4.262423499361460 2700.200262629462486
2.116701449464797 2.530059837798926 6.667120322300621
0.506280260670166 3.282348277338213 0.107079982562343
6.780901040129946 4.651548072735141 7358.229564661009135
2.041005588701135 0.815070935922555 1.788730849361395
4.175081115302531 1.810849975499152 13.302432098321752
2.007152165791938 2.091310275632710 4.293280730451232
2.274948711852034 3.819117430996304 23.084288762810363
1.589023299024891 4.337144260129413 7.452997486549332
4.579836821667519 4.094917024735290 508.306817021001564
0.892290007711346 0.480200383300070 0.946744904630767
5.642760406472273 2.514238873406197 77.522794552131714
4.550332761738144 3.058061110859726 102.881239718896040
3.085976507944777 4.476748010720629 155.198463967629607
1.404201626946969 3.918351293989720 3.781642428503411
0.664488263816338 2.598296130675727 0.345755802344267
4.012407456744682 3.576514885810946 143.908705907127427
9.194413527396312 3.690943141534375 3600.082224800462882
1.921463684624384 4.690140979888013 21.393158768479118
0.745459950318000 2.797889057186237 0.439599702527879
3.449957301045050 4.669068578464388 324.406196481150346
2.020746490576500 1.810351431324043 3.573417702793747
8.385077878058230 2.819435044651358 401.576493571028323
3.090323274671930 3.857202175223307 77.632604797170373
7.280687019273320 0.173607619698888 1.411496129362877
7.497793101166908 1.168767463404820 10.534010608963062
7.960406657435862 2.710658880694429 276.775821096335108
3.671903571732573 0.318067269169826 1.512423521141081
7.847004333756306 3.688434787265764 1995.524027039413568
8.080871801097050 0.703318937214176 4.347429507151805
9.443903003782912 4.468445844831914 22772.554398935353674
9.883273019272904 4.048415425579575 10660.356190889026038
1.984033678209324 4.976438253841261 30.250630046068643
2.060795115978840 1.446686065486639 2.846490855703192
5.993275776413299 1.873099727365465 28.618226524907758
6.055623435542155 1.735357031649333 22.767999824452467
8.411773190566675 0.938759577384897 7.383241081346489
4.938844625031250 1.439609515532500 9.966660699935387
2.713183857031621 1.211263888110188 3.350099690933915
5.940829184406201 0.891296125145985 4.894709152862543
6.182498501809381 3.607124589475746 714.212077755138921
3.189046543092010 4.639265563254707 217.078330355901983
8.003459797776996 2.775153138994781 321.169379475175049
2.191228205798629 0.862612770946462 1.967349335383466
6.275935975560089 4.295390617002839 2668.952000892022170
3.015247954980358 0.430288899116036 1.607856847638621
3.487901424430741 1.573620096041553 7.141508084926995
2.307319563209054 1.289052196075997 2.938088277698621
3.006192482654831 0.471324125192751 1.679967355516066
6.085540270379786 3.393835932059339 458.968209459974560
7.350467694293811 1.605748245685785 24.608421017689469
7.562105357405438 2.458472254273100 144.583508034257534
1.649012773297877 0.350958344673254 1.191891115166717
9.091636859395251 0.760482359561154 5.358341533469665
6.502246946955635 4.482158496249535 4408.382732663020761
4.069193304697865 4.416476263626369 491.902503984475175
4.235176626576905 2.004715847106358 18.059232304411086
1.404968488262901 2.624712594066700 2.441081851049170
2.056801631389175 3.580402366547973 13.223756364378668
3.293445747108024 2.138324299237100 12.791005096445829
5.627204252917801 1.892136755271389 26.281875612836728
2.000995315324142 0.673025786789894 1.594947435162730
7.345205249945089 2.086808789812868 64.148222303426522
2.876874598314863 2.054286616423930 8.765064731519949
4.769456004148431 3.536233761393559 250.740474154882889
5.223068724876521 2.180333111029923 36.755070730882437
4.950123442195231 4.633653039013299 1654.282495814576123
9.269594120161566 0.783639449177909 5.725678107824290
3.941302176088634 1.024818099209973 4.077766738506777
0.573470145717164 2.603176758776176 0.235158652650903
5.859209552689798 4.148143383446883 1531.462597740031697
3.538742778318324 3.532367766787882 86.843336904945616
1.546771384218527 1.856143001656418 2.246994365826226
2.415442183727635 1.939793981469099 5.532667743445328
5.927069114979378 2.934347333546220 185.259705108339290
4.663346764106715 0.389039640623948 1.820329121711495
8.619502624241948 0.951385663951931 7.762549094108340
3.708544850485049 3.248745328985417 70.663855235403858
3.337253074681562 3.325446850974470 55.017743420938409
7.854887453516574 4.292035868820505 6949.808612736145733
1.653385198271104 0.170400985613890 1.089459656313540
3.578449773679413 3.197035692930709 58.909107252548054
9.537193405161014 3.598257276644823 3343.545704447198659
1.888369111684197 1.284116063273751 2.262182340268782
6.126052825922642 4.129438689635833 1780.797728691197335
3.642112476887871 1.470723378138460 6.692609732881797
3.819913183790164 4.743776918449329 576.941692112982196
8.460206694584061 3.036352713788886 654.418752839003560
4.969194332652818 4.530153141771118 1426.533994723937667
0.729944356123129 1.501870236336558 0.623273915928777
7.589515633843097 3.211058086951176 670.530404635502350
2.924229421778639 3.236437624310259 32.226783800382563
1.332637938047217 0.468667603546773 1.144059350917107
8.378087440165377 2.429893137092811 175.042468621756484
9.125522598890711 2.989640926225029 742.721257379000917
5.138813224459164 0.613931612898612 2.731625546653537
1.860399034927073 0.955227691861608 1.809402632839335
1.368160679231228 4.329343095019534 3.884939269755523
7.883573048226731 4.190632261449058 5725.807407908881942
2.466225627376979 4.792521310691563 75.652899721569838
0.504169238888795 3.443656898900413 0.094574700858353
6.184765796341782 2.521231364717280 98.880127770010333
3.947321965632862 0.105762519913420 1.156289176582851
5.286617687410795 3.492081722121141 335.271272399854467
2.434335160228051 4.135224125176745 39.606770799500644
3.083562062529788 2.659115347293920 19.973194161628268
0.823391795384947 2.741479693543600 0.586998552039249
2.122611533230322 4.786107954096611 36.680698229985815
1.550326404519371 0.628917576530535 1.317529846179794
9.584361668696451 4.559936088844827 29913.375998328850983
6.810808164301772 3.350477396788844 618.889674496492148
3.443473727432598 3.093732100165865 45.848397085847687
0.266255224822717 1.206516639202161 0.202587498512720
0.258947646819814 2.597572458755048 0.029907187318187
7.356047614193313 0.395127398098691 2.200062400297690
6.419096047234387 4.974036987556821 10384.962092369247330
0.247803491791307 3.408933481701374 0.008601070423186
6.674856023700640 0.931451891734627 5.860409580271845
5.472356055950975 1.884561610025339 24.611327266002050
6.550271394359136 1.502871649914768 16.855162828664721
2.944403841941734 4.634774526258465 149.175358411229439
8.788325512342697 3.181884979754243 1007.861258467333755
3.723389248143267 2.186137288485269 17.707196787911510
4.163046641179132 3.270880605382039 106.174526123385476
8.780988055567381 4.961428626675191 48009.056138884043321
9.270085109588113 2.916346521546858 661.228017434802041
6.736739357322596 4.249907250472813 3317.680633581857819
6.444105797996583 4.925406487501282 9670.635728315888628
1.918170685979041 4.395759097986629 17.518793825825842
3.652104220575676 4.104745245849581 203.749415757366336
4.483129689591718 1.805009954231479 15.000672758006003
4.032668305091931 0.612528905277409 2.349323983226884
5.783003215474756 0.645355931447818 3.103560666766182
5.812660104830106 2.760415518479076 128.822704986936174
9.601015888749949 4.526314222853148 27943.207854340798804
8.616178793251171 1.590752335202432 30.750632066809818
6.921669382900231 4.313023837937245 4205.807875692014022
9.931232433939757 4.875520492813619 72595.428258626532624
8.514037889072505 4.679842540877953 22536.581978544549202
5.215119067473349 4.869564391695011 3110.028334593022009
4.571465994610438 3.387373752573325 172.129241158111938
3.519643045356096 4.597788412293649 325.600471154880779
7.360501557142344 1.658431991212497 27.397250484352522
5.860787702990265 3.083711813855998 233.429080423490944
4.992253449920804 2.913838325770852 108.323696307965065
6.334359513644565 3.057626767957041 282.688187806345809
9.626804317555001 4.182225785544483 12976.105940058025226
2.942089117813327 4.685165550749542 156.938725055991824
3.417581031946145 2.773777588456178 30.228549143851268
8.739767832224429 3.390021403397377 1554.908360163195766
3.884558606995264 1.267683695199380 5.585973052053027
2.138154369485269 1.207025892907919 2.502451605409553
0.567143666911544 0.483423685262662 0.760202694023540
1.008532312116537 2.688687262013860 1.023106312007025
5.224275817681172 2.053535433157019 29.818928481999510
2.061604470207810 0.685589649140086 1.642161756219515
6.179958855000597 2.475197958545827 90.749847078476748
3.307682723898254 4.238556847424871 159.232366772525097
3.078587240778880 2.950797668682892 27.607454478370965
0.245773752307040 2.216277787643377 0.044592042613083
8.218295674900872 1.631009616083671 31.046871959934982
2.655220599655824 4.934918137142994 123.851646938849953
3.469190246632830 1.231121675580401 4.624731718099541
0.206733281367296 0.244778465488043 0.679872081834850
3.122800812656828 2.066274412953251 10.516329849747622
8.173109946339004 3.614673343270556 1986.013520961673066
7.525240025342095 0.649266929063349 3.707623961982498
5.645350988378438 4.475683097427465 2313.824805492565702
2.387320382866351 3.449093655168689 20.111729466658765
9.648322499321273 2.992050650486506 882.124091222231868
8.726482614960192 3.916722580123533 4841.793330323090231
9.126841579109430 1.771648192558581 50.274770852135376
5.115503164397723 1.667361974378933 15.204547217196811
8.739984645851951 4.873147169444296 38736.471195912352414
7.736166637635730 1.056750780825155 8.688610919958149
8.450553746546179 1.039040499719784 9.184832240907676
4.455927875037440 4.233179650820378 558.562508958590342
4.133989643835812 4.740002034224472 834.818636236964949
4.976034470762516 2.606529014950064 65.530993243475535
6.394607489833564 3.903602706457282 1398.225730210573602
7.114634192117353 0.670253873237295 3.725276940331854
8.356413691135854 1.236591746510760 13.809000265480936
0.736018318446013 3.547973982906382 0.337073258300005
5.102139042687506 1.742691027729462 17.115656631048054
9.810520829787139 4.672942954594145 43064.602666649981984
9.195124462625817 4.176657183017661 10579.126782455614375
6.337564848763463 1.754377590408369 25.519650149986315
1.173335398953962 0.464289462712294 1.077040373899527
3.875912912247308 3.580507661521807 127.843205616765630
0.350810251040647 2.198878084563784 0.099923904664080
9.590414056134200 4.798926233120097 51494.998868921160465
3.519127879226675 3.821054584152088 122.449819030705612
6.461030313713932 2.047858586909463 45.643974641172299
0.411121714426655 3.419816710774708 0.047846434175549
3.404077155140785 2.361621194247600 18.046003889183716
7.651800004782189 1.909501298211703 48.702108205528525
9.546539642654794 2.457896370002459 256.070693839021317
9.882089212771765 4.892227552516068 73625.213040154791088
8.890181428145514 4.681095125785451 27665.651179638447502
7.546424935511828 4.567757388699376 10216.663971813328317
1.241031372212846 0.512177256320232 1.116949136785477
2.003488161046297 2.826484643462687 7.128459730385854
9.193459758976758 3.103283826970369 977.121871669969892
2.639422520628731 2.793743194883940 15.051773385945474
1.497785307286855 0.868078882513890 1.420051396271857
1.725449861347990 3.948705615472261 8.619014589905250
1.963662193094957 0.788154728889080 1.702087833710897
9.413694037836427 3.461530489973133 2348.011409019527491
8.260865779466293 4.197043490053074 7059.861507174283361
7.866183510989516 1.090142565982299 9.473501888477907
9.611125735109944 3.689915792818096 4230.135300346962140
5.564475800625128 1.519792133420383 13.579692112139124
0.829061732093169 0.354748377286030 0.935661638439520
5.209987829815468 0.919281500657174 4.560103767894352
9.820453506917632 0.931161210490077 8.391399727789549
3.974432448764747 4.052337294413068 268.203794611184776
6.696036944873729 0.450243633866685 2.354069202974568
8.956066516998415 0.168251454127963 1.446089331012445
7.788688012404422 0.627089476369280 3.622662587660038
9.919228243205165 2.916045473242084 804.960966758613040
7.327033824231118 3.716510640009851 1638.758075316650093
7.339948414056298 3.618443132253155 1356.628442945357619
2.925621847783001 2.320044127949545 12.068318833635471
2.814430862124916 1.925902878606270 7.336393547915956
8.108431554779596 3.940192700141765 3814.049817023503692
4.246209985965949 1.016496744410433 4.348720012838703
0.101647135235564 3.579965828865704 0.000278891026951
9.177590196109556 4.818608382817001 43552.430674072573311
6.130680747399241 4.153007047618727 1864.357462244277031
3.869525145443082 3.488644623585663 112.235121770760998
2.272982691319057 0.831489013574955 1.979273286599301
1.759120075067916 1.157470137941562 1.922747248890517
1.408512078092696 4.253610533318382 4.293085626413442
9.308255564342641 3.563357500397238 2834.158397742337456
1.694671170342875 4.412719406807549 10.253916409995938
1.138636792535212 2.251902073896546 1.339596419333140
8.997216095998883 1.544776177081793 29.777178398491280
9.612808292672904 0.677755031648825 4.635875066355508
9.341872017525416 2.499827717323461 266.635268504526778
8.414866835187645 0.491269073569793 2.847390976297762
8.759705897392211 2.609009443866819 287.716038518777850
4.225490233804069 2.762272748705762 53.560332404882608
4.339241995368317 1.024142145804873 4.495752656808717
8.383189203003340 2.543585005499875 223.238948400343162
9.564869340262023 1.098279645784090 11.941526057070247
8.980537466708853 1.014438350036662 9.269716279626891
2.433002252155876 2.271264146369189 7.534104514040041
2.195815961742085 3.440757323041267 14.974375666828807
6.286851647957904 4.564201947170412 4407.683709313467261
9.718477934209950 3.025955913637318 973.708079776161526
5.491599650282855 0.646236856483122 3.006219389946360
4.392954770516067 2.475369607196784 38.999629282971519
8.783780693555862 2.862686275994578 502.879617693098623
1.371667038675530 4.716767689860830 4.439869916813117
8.482312306131135 1.569024458888396 28.632652468257593
4.452007265817858 3.707329749594051 253.752570622544027
3.152585772494951 3.476977540170027 54.181827654140250
0.587885288794134 1.003079271175003 0.586924423295192
0.313514605460107 1.132440504317499 0.268869725517161
5.424060442039177 3.502494235031011 373.222140434715186
7.003102192991438 3.016381995976673 354.583838032075278
3.100138501102204 2.436786171168214 15.753993474426411
6.729862455085316 4.710462859636507 7948.632115132083527
4.422091521194860 4.656494860233932 1014.757315250627357
8.002794730918945 3.035797006301118 552.151657990810463
7.376261475642851 3.602863744585772 1338.739117173930708
8.454091511523009 0.614455210888473 3.712283327912610
5.257028852612101 0.219352495166801 1.439117308226220
1.816833023028373 4.234009454824665 12.529744802027167
7.007331800855773 0.648027742711278 3.531356767634145
7.330275525312359 1.712575538947481 30.309855238325071
8.253759355671162 4.451640827119530 12039.392922933322552
6.304743300099234 3.530470706680866 665.583216114704101
2.997400048564528 3.600211711132518 52.045344574265201
9.160075034442166 2.558526193445663 289.097187580894342
3.816581227937118 4.566142470635784 452.906635534894860
4.265182089357561 0.450690133399937 1.922678414194517
5.693262516079516 0.974632240394503 5.447526956619808
5.880236196971637 4.507572628599173 2938.345167126956767
7.483267878457494 2.736051834585964 246.353696337979727
6.183054330027088 3.089339509494199 278.160130489505093
5.535865258719554 2.932664069894501 151.186650450655748
8.127899850575222 4.726929627522223 20017.212213556336792
7.946136586984773 1.074293024213314 9.268967072343962
7.478484553195743 4.941471910907017 20793.393123912926967
9.263109469480536 2.911038631518865 652.028203927708091
1.875205966318425 4.936386305690445 22.277950084886001
3.050305935678831 2.327000643249630 13.398846228797586
8.807451368764109 2.806735143492761 448.687956820733120
8.203166640814091 4.539167291589182 14083.645477388969084
3.804899679085511 1.033563190984788 3.979434681269884
2.280769216036929 1.699218325828507 4.059367585080358
4.659504660586484 4.341050040073481 796.702721208264734
2.662930696756769 4.052580089389106 52.942557339656922
4.183331159770075 2.469280195594862 34.254100832332583
7.002065069047489 1.286041279792099 12.217875904057326
9.863963449155232 3.523385537245003 3179.995587842107852
2.546587991313076 0.124275273534987 1.123183272323724
9.173937042122198 1.126126672112030 12.132762868798164
7.739410515365456 1.178504224636534 11.151826262946335
8.511024727376871 1.866656920521360 54.444881955926597
3.618926703816297 4.581166781624995 362.198932449121855
7.707599034815188 1.515990331047800 22.108577523198953
0.226117117050310 0.387314457040337 0.562242934793609
6.684002339018671 3.985225729953179 1940.693983056325578
8.868314750360231 0.115483316527237 1.286648249853119
7.308108086992765 2.237083717598781 85.586253462258469
0.752047504948827 4.584275311458573 0.270815968294602
0.705664702119991 3.173041760464320 0.330823523081283
8.198575140147733 4.407072383184277 10639.254209979184452
6.090169690440034 2.127072036999526 46.661988513540379
8.058926232867401 3.045231795567360 575.206898089581614
0.769611288409826 3.486526274408039 0.401312188021804
8.229735626091957 2.086326340563045 81.244446017712349
2.311134313815834 3.430823553397351 17.710059336712071
4.299528415285911 1.121917412165873 5.136246414891825
1.204351921882333 1.182502752906541 1.245922789351014
2.144264046253964 2.762237693930351 8.223738783251100
2.168967293418900 2.110916639133115 5.126276878126427
0.561596432277295 1.421033360536212 0.440477397403743
7.840595960621837 3.390177191988215 1076.469759536131505
9.906155555999028 1.750134510694987 55.330928851045947
2.777352502501969 1.877097798621947 6.803600135122154
1.854776887941382 1.328642017927297 2.272289142086767
5.340834611127844 3.506711241864163 356.053380844610558
9.410697970896001 4.807964777355747 47988.755843408180226
5.825277944708896 2.292986940938309 56.867100923506079
9.552862894238942 1.145737149020143 13.273193115460533
2.570093799866205 4.637651205258173 79.652672722649271
8.106885056730777 2.097619241942984 80.617563967678990
9.155730378131299 4.089301826047386 8563.531905724215903
3.798851340862360 2.281214899366241 21.004457080623737
8.428363516862394 2.752746380317284 353.456851088201347
0.233821915463752 0.439781893113424 0.527772970769336
5.483369329395076 1.562336625351178 14.277132000433822
8.693621910201600 2.614151793691156 285.241900614099052
8.590221926695678 3.068146428979760 733.942801157082272
3.099009808047403 1.876256191518782 8.349492957582472
3.842646183486126 2.178035345354473 18.764874794896311
6.160413311903481 4.721232892656329 5344.806651836453057
2.699284926059905 1.875974594535105 6.441865609641478
8.972663749846655 0.257484979933277 1.759393348365693
2.027104395211925 0.833672739072000 1.802329750767484
1.253074522418484 2.070920009734509 1.595520257762054
8.778133905602017 0.474354968297087 2.802254152386982
3.137654901872723 1.290851212620854 4.375658229029292
3.328879293351503 3.674937263285299 83.063945899699462
0.146649964852241 1.638538018651556 0.043044860026465
3.943114073302951 4.289046672816305 359.403865917232736
9.313996596861211 2.762110233605655 475.182754048606796
2.308357378580465 2.816366361569582 10.548591646305216
0.392261342942042 4.231765500116803 0.019059296591948
7.131854972365296 2.814948920124681 252.186285467059918
8.797188267510665 1.009456599544341 8.979955164663156
2.997685032552711 3.983490295776641 79.299856628530065
2.449338037445189 1.610107294443021 4.230680154110130
5.514772589092915 0.287440352084957 1.633597111404593
3.748343571668520 4.631249777828642 454.562446142437295
6.333526560111521 4.345475052702910 3044.604879765165606
2.373960859354723 1.132955257080602 2.663144534656605
7.440992871599884 3.386227324643105 894.417589901919314
2.457718582222241 2.828528007407805 12.724218928053283
7.496502319202325 4.353063613052854 6431.547554128159391
9.766520341272502 4.128032857967482 12180.879824780160561
3.935136357885300 2.163922647967792 19.384158632609122
1.458891375076316 4.842100003745729 6.226092369587846
5.056100446838513 2.605026837166542 68.148887309231398
6.072355071401661 4.684404929644017 4672.637973647540093
2.831980491408925 1.310791376300550 3.913776404249163
5.469977961241839 2.773281099534619 111.337496370889539
2.705410906905299 2.230818897213776 9.209458010674327
1.971200784123398 4.922219769025968 28.231248289565865
2.881094576975384 1.348442662156886 4.165690107429099
5.750448377718194 0.650061257013273 3.117831553747243
7.245156336420562 1.712885060710434 29.727813076793101
8.306642097040880 3.917712114644632 3999.856537195834790
6.932766085132584 1.721283824742289 28.018110110004173
3.148044203919171 2.389043758088933 15.482508139224914
8.403217186084561 0.943237331600607 7.446832576171493
5.787066384173213 2.682565389375158 111.005548475724396
5.759374349095293 4.923131260412968 5538.950035232261143
0.214605462891965 3.672845385152209 0.003509295159369
6.452390198110169 3.306512614066629 475.720046986106809
0.561761998861903 1.262355013873501 0.482887721564077
5.353415638148439 2.774311743550671 105.062913004566468
9.393219089514767 1.781750477584916 54.114370967298775
9.887892146326541 4.363297878992295 21975.256534503623698
0.791891778111413 0.835994067678545 0.822782864300244
4.608234273004644 2.349108801877824 36.200523487928919
2.492481770937940 1.665770534891829 4.578232914676734
5.394397690118436 4.425854230861229 1735.692749845888557
4.908837890197420 1.020129238026115 5.068594694929667
6.616826762990104 1.060895822569888 7.423759718972130
8.929776256292355 0.696333632842358 4.593061636895546
2.181710462361351 1.560914540181434 3.379351305614646
0.574989539831463 4.737617802163692 0.072670922395617
2.969986346297247 4.363273920132314 115.546600976581402
7.732859944127622 1.979406421823403 57.330560349409907
9.392635742141305 3.465708355088958 2351.785442869013877
3.574954868421212 4.052490172061334 174.631876599171079
4.333363926459236 3.655152892910507 212.663687103957386
8.266857933768947 4.461521310977308 12380.382868521595810
7.177642880597487 1.418093341532856 16.362970859069215
7.808158761620939 1.143334254569438 10.482899650536334
8.116091277595793 2.263521409883952 114.373715194508677
5.884956042195784 3.774307516055858 803.984419945016498
0.466341484871823 2.588733794247833 0.138791535789997
9.345850457554430 0.690331281574230 4.677874209167117
7.808615423892444 2.845839294865925 346.834475691102512
6.340140692236630 2.688594665632074 143.389982318096372
2.489915477753821 1.834581152708953 5.331296163508717
6.993044844427974 1.892179651126544 39.651572017441453
0.244642350613615 4.098117853477832 0.003119827636896
5.849349963477155 1.484792108668336 13.771946264839013
7.186864836925606 1.953596450636733 47.133803014285043
7.898827572937902 0.639686634805024 3.751101541466686
8.260508746582712 2.681825131310966 287.906764836648790
5.332048974651351 3.184116964915916 206.307934096655060
1.363306143675757 2.516796860895501 2.181444790744597
8.431879734009025 1.895763936435706 56.929070362691505
9.918805963509405 0.779126253181975 5.975409517062402
7.900926996474337 0.853517775670963 5.836925788227685
6.627526239913244 4.269228062268316 3210.233958098840048
7.407510758402766 3.793042605113152 1989.317265302807527
4.473533063940740 4.144806687229221 497.532175236431556
5.500773085860519 3.715423440524748 563.621670411418222
8.228266030923360 4.596999400686765 16131.391058099301517
8.958200332081388 4.760306704629444 34108.523294225582504
8.939346646159697 2.137319625769098 107.955434692603561
9.192595977696923 1.091786994297171 11.268581939510277
8.006743059736127 1.812756627805132 43.425582849449363
6.753966375023582 2.469263166818220 111.789038816868597
2.870995554724992 2.410398665002577 12.706939871915184
7.889657528523416 4.624673615174825 14079.951746858747356
2.325335911072625 2.572848125955327 8.768232213578367
5.957758053779465 2.415270048724182 74.479100489176901
6.210176201181302 3.998922938021356 1484.435966085076871
8.202049429264038 1.366734288526930 17.745533351175371
6.324429316515940 2.666632885017255 136.782285229976907
9.183066517733874 1.946837003585812 74.951468637124293
1.969572639971456 1.631071067359975 3.020936918185854
5.055674596246291 0.678671792196153 3.003551148371793
5.613572121864871 2.547441906219142 81.029583716167835
1.324522368830051 0.255509511504509 1.074452724329186
9.947715537880628 1.635701845102971 42.852675012605523
4.113829466451739 1.615379322281123 9.822923163649204
9.608065485826806 1.705635867222845 47.426287349162507
8.982313113317611 0.814863219105097 5.982476062586660
9.509837885549745 4.675621580097761 37459.960827075206907
0.928604005742064 3.734764024046728 0.758323833597474
8.721752304728390 1.951993485008044 68.557092258178614
0.305682757863254 2.339796315051043 0.062465302710441
0.545617262094981 0.872821085124058 0.589318924562392
7.949516810534853 1.695394203623061 33.607209897855959
0.317563539948462 1.823797425671316 0.123435475279374
5.354940353001217 0.137635689009931 1.259803024573283
2.034890570774774 2.768121092047374 7.146263311531473
5.919089472358082 4.034376097574958 1304.868445384885263
9.986250878244144 3.323992695648719 2098.971385953589561
3.097554002689844 1.511661459785322 5.524008356519007
4.263245567876044 4.834495559600945 1107.839694415608619
4.807555518468368 2.158809302114828 29.658182958892485
7.120532580022068 3.276750150510742 621.541870228592416
7.199661072152432 3.535836219358289 1074.768688926236337
1.746492256104267 2.407584728276377 3.828571505454837
7.231968623497028 4.516765706263769 7604.321015311891642
6.387741361122414 0.853278679781749 4.866152339238812
7.257512942712115 1.192869525986546 10.636715850237453
5.512843842216095 1.039669308561591 5.899097195211858
9.717419113337959 1.642742967521778 41.907557772754764
3.143839190316636 4.150613008955379 116.082109034020604
7.280419015821473 2.280995085470584 92.592211073726645
2.471074892558960 4.924911181253379 86.085142274656405
6.639078598002219 4.016011540976320 2002.601114436644139
5.939159228203649 1.131382273017152 7.505484180408099
0.672001795322675 2.071874639922617 0.438867255456003
3.033511170107115 4.160388766639254 101.176826662708947
2.033949000841298 3.942653123707791 16.431525976559584
0.181209633975132 1.927524441199251 0.037164328680049
8.330898603687677 3.323827426852534 1148.737551838876016
1.153514338473302 0.793574453309317 1.120004754175543
9.372629828142010 3.895313946461213 6105.279043675186585
9.303868315468378 2.116952447119590 112.360763841417537
4.529983436647815 2.283978001838466 31.514486393331641
1.130475827060802 0.315784162010916 1.039487015358817
6.522378377490713 2.812196192428154 195.105459884377069
5.874429194717050 4.593599638671100 3406.594494581966956
4.834792132959122 2.248126919542045 34.559557291618688
8.802023855756627 2.566219288845454 265.464185392373111
9.406680170523515 0.417453134676592 2.548966146162266
5.904438399455329 1.950120122241234 31.907361877011702
7.976867428979469 2.717886061858496 282.538503454156057
6.861398991585167 4.888928944758202 12278.975517784909243
2.389271182197279 1.501963520164039 3.699481835423762
3.962475839054088 1.702996931184493 10.431225427917106
7.040026175259473 2.193598054640076 72.316479936504777
0.427984457775689 1.921054345883974 0.195863338880356
9.588755273613453 4.988081403521400 78905.984914902161108
9.445697647037358 1.820051552650954 59.562954027272099
8.155833437026457 0.643925353638305 3.862936580318178
6.746248769407254 2.646208922802123 156.268769720221741
4.880328015157137 4.094101770195391 658.537213072809095
2.835207209099602 1.965412427582728 7.753821506240901
9.265307623155147 1.914843459319399 71.020748774864771
1.164125560141206 2.663489900891916 1.498959390419040
1.136991047676730 3.525672688383968 1.572465375692845
9.269680361162520 0.914927523317104 7.669978822430419
1.482729469704237 2.840174750549275 3.060876056940098
7.780676648584421 2.444779892174974 150.779168097444455
9.599331820131413 4.055078474772941 9617.547792873054277
4.014529359385390 1.817979874306010 12.513984825387723
5.731622603083842 4.578565648433868 2963.628143735534650
2.226603305545302 2.336966081297076 6.492762957489759
7.136638286957128 1.467258088450236 17.877035953103668
2.892150436628254 2.884698560703905 21.403421616403115
3.981513134677835 1.902296405568304 13.850627330984107
3.891357231102024 0.133493901912206 1.198877745456869
3.061603706855485 3.898614374511816 78.438207306905142
5.616186305848072 1.769750311233014 21.199437561031857
4.009319916785183 2.659695369043876 40.177635862571712
2.817858312486830 4.750436687880436 137.186838205182056
5.515745473082651 4.276001823087490 1482.862849564036196
5.432675625316490 2.099445657245856 34.923798818021183
7.498269368656202 2.309308079782533 104.846658660490093
0.313883961125361 4.398305391216953 0.006118386780155
9.070382857862699 0.644223336474980 4.139279677921087
2.595178597033225 2.157483503191237 7.826345409533380
0.276413757601921 0.754409426611502 0.379059459852418
6.459688900779079 4.484970585356939 4303.038250604065979
2.505002827191416 2.841271936738544 13.586969629462123
6.464820119235189 1.298542593326485 11.286052562037773
7.043696249574916 4.306318289950525 4476.095183225401342
3.601293264605462 0.384286135186584 1.636210902085814
8.418509435723873 4.198982805850861 7674.440242424922872
2.271048650382346 3.112047080699494 12.840840329467538
7.609824102414732 4.406316975488557 7649.198702334722839
0.422711439250505 3.882783031711551 0.035319129514440
9.252678282694740 4.042370099084197 8053.982763538136169
9.847078373546136 3.156081373005338 1364.454209416359845
7.359501129940226 4.197494734447080 4351.024163270712052
2.759600955581732 3.061313338653658 22.364985330462172
6.410783837950761 4.515389766926971 4400.664647598720876
8.131339969142307 1.545471573177388 25.505255718622298
5.998996580832750 3.599416861853129 631.872252506956215
6.895570152581524 4.061941535317039 2548.138613959952181
6.976137896610306 4.092582412489675 2835.072333097147293
3.565203248103726 0.305120830700642 1.473847055946301
3.243600505986977 2.809675864508626 27.278547270107364
7.484397642407004 2.050934264206425 62.063782846326546
2.647245756717031 2.365680877069440 10.004520945876845
6.022489560539221 0.712677159703393 3.595245775886062
3.486839667297327 0.411212914153478 1.671302390668041
4.761096842271949 4.983691453705119 2384.968569616822606
1.712310375160480 2.585008806513505 4.016176484199020
4.056399181033296 4.613349975487750 639.095589644594838
9.061604162012092 2.859829442221135 546.315207570390612
4.125381803880338 0.369751282417237 1.688762817391174
9.328451122245113 1.588488214326526 34.716107535231039
3.666917581680395 4.489788208742253 341.658825813262411
4.445186737035024 0.757862226162994 3.097500357707252
0.239721904468135 4.102329699494584 0.002853359906012
9.968584508791826 2.358125304044840 226.413810529774736
8.412040027395317 1.470470911276467 22.910813093658092
1.657342198050044 4.037596028542842 7.689494305523863
6.429191785111478 0.489986811805358 2.488776908485925
5.001621313105348 3.482726500961494 272.152128050302792
2.506764799863082 4.166855324856057 46.030805851019380
0.143441072689080 1.865428975914518 0.026719870940940
0.343505015195424 3.605065402431570 0.021232855790424
7.603548977667726 4.671104884984937 13041.266377395890231
1.747163435108448 1.483272996371318 2.287951343519974
7.940119303860332 3.687062622349555 2078.349595732379385
0.160536244625769 2.956229891692813 0.004482202255589
9.405139380989384 0.391030832913951 2.402236818299876
2.499301389157954 2.495811849876613 9.837402755286449
7.891127418573108 3.273667873647696 864.839079559815900
6.774118183612190 3.404325337504414 673.741243862794363
5.088006889989795 2.511073192599924 59.455627290771830
2.589385436523246 4.953223202691022 111.341094716781953
6.759045273065057 0.676420240220307 3.642094847147806
0.900811950459385 3.848902350930490 0.668946261677361
5.529058537539065 2.372276343682015 57.779508708756069
1.986598373607316 2.391198256421299 5.162264977264039
0.162157528870197 1.957639935510471 0.028401504715582
2.754285621979962 4.061800102241795 61.267265843915204
4.646786484421711 4.109173160383162 551.373692145796099
6.549779512269743 4.545748264817592 5132.878877892178025
0.598485047629391 3.617027208143280 0.156169326285230
1.822768122093961 4.463370100237939 14.579440078239232
2.241624195207593 2.546469965495925 7.810838448772921
4.929098007019283 3.813099315954645 438.118006555141335
3.244681622293777 0.343825711466138 1.498835970541268
9.881277990960527 0.180281000782546 1.511283373383841
9.691864670502465 4.567478609915379 32018.017108577012550
9.341828301709235 0.133396502153696 1.347262490036053
2.740883409461060 0.634197103714835 1.895435132827009
5.783751185705901 1.184327462717096 7.992925470738006
2.301112553951535 4.888873086963099 58.812314577312165
9.530906251691810 4.288592484078597 15816.397141101489979
8.544005099369727 1.860138106206983 54.077805092414238
6.577247292283389 3.175250691608200 395.817798713055822
4.183147216418638 1.710792180189236 11.568118454579375
1.341804334029226 3.434221888708838 2.744814582352677
3.484222091073256 0.388958331642132 1.625012025465465
7.851891851446094 3.269094528209870 842.860336208844387
6.191623842777771 2.668847429964282 129.779344290062227
6.250130070509925 0.329582259842866 1.829409430372816
3.587998952119456 2.955678856338500 43.648088958875952
0.337585565890528 2.657598170562051 0.055799953080495
6.361772744241808 4.122674196310023 2055.374236374083921
0.120472126184607 1.892635770736260 0.018216001560294
2.053346342128796 1.579009222380933 3.114445313307202
5.490924670956582 3.245164280563384 251.345497928932417
0.548441225003391 3.626849010645075 0.113204641323369
7.806671835188581 1.673572026785414 31.160613851376052
5.338576761317998 2.742565265246333 98.858015133831117
5.700136177154770 1.762659874632591 21.496540178903302
1.356720634170175 4.239256488441280 3.644692690273994
4.766667500853088 1.076856777913446 5.374527229359320
7.984594991303082 2.926147367368213 436.641413848263994
8.916246510123884 0.387010507755353 2.332010192325648
1.660530792982124 2.425557319091684 3.421539529170616
7.262456139685810 1.639099330436497 25.787035924215324
6.251735435577651 2.876939064974579 195.004752625453932
3.866189574801954 4.770729924256226 633.533049814506512
3.896048277842999 0.835061300632552 3.113203578812688
0.516821586417403 0.948046774359477 0.534851875440958
6.618250360117708 2.671687630490642 155.872475860402858
5.400923089191508 3.210952181649094 224.863879740152299
0.636440870072979 0.821613626817128 0.689866329276728
9.857984089230303 0.521406131240372 3.297366453283594
6.580121255208212 1.542708614891347 18.293486379061662
3.771834664119746 2.189250342992798 18.290184282603441
2.709013489511544 1.565192283779755 4.758090518683872
9.726444546654378 2.633133727876548 399.406659729315322
3.845142468680266 1.840749858338471 11.931017514187932
4.130366390949707 3.458499441700547 135.019393771383818
7.135578906157875 1.185049950339726 10.264936011824252
4.567383700970027 2.640362794426749 55.177436260763507
7.249721259577569 2.952594361408974 346.880467477608704
5.145063349457972 2.555668383699102 65.777715796993846
2.029569449963075 3.528790964766241 12.155257543852803
3.250540666464063 0.582793986948880 1.987763205990380
5.110214474078053 0.949995467119188 4.709924658447344
4.750023303934047 0.152312191559293 1.267853317091964
5.268738503137955 3.408277120907503 288.254598162764808
5.737043218994355 4.245308610093858 1662.896483425400220
8.868918812382681 0.456710322642900 2.709582157115503
0.420851904620869 1.184106427545909 0.358863331534764
9.775263984934442 3.440148383809110 2547.938494389286006
0.928930817925809 4.005425826605653 0.744320135681918
2.595130869482019 2.481165484701757 10.656084858372470
1.818494981029955 0.188900401218405 1.119591831392724
0.409227855231625 2.807950548310390 0.081361216880824
6.723964017425127 1.018416615042755 6.964139127356392
1.782267189269734 0.929913296349889 1.711523848101180
6.926503655387304 2.260682355509032 79.457577931108304
9.174747557199797 1.241848859917584 15.681818202510385
7.569851187247508 2.500028521970849 157.667952628445789
4.967814587339068 0.993168934777885 4.913713460055808
6.628615388179922 4.802934758425631 8815.363334536026741
2.738629324088968 1.275577954096436 3.614995600584729
1.263549462370897 1.061778150603756 1.281942153432775
6.084122849840899 2.698384034473745 130.637329751016011
9.643372005810757 0.836549682264969 6.658193167838043
8.711065636797855 0.721136271001341 4.763426865536522
0.441040237894252 1.751369051816139 0.238424096889503
2.017000157882820 4.027909450835722 16.878268993234325
5.074671060467566 2.514568864939180 59.401407259596091
5.765844159891283 4.033406438814294 1171.842703028884443
4.366798295624069 1.789821321144494 13.988708582273807
6.844280996819926 3.469599466525119 791.139372586265608
6.994357598579664 3.041240854008676 370.750392797561005
0.317766926083539 1.307957494758637 0.223243762412627
3.038420045297435 4.669640075319809 179.387248186652698
9.198432658874312 4.481677182500435 20847.515095595219464
2.028417983001631 4.875990984035784 31.455527120436358
4.593275604109138 0.463639788025524 2.027618932320041
1.993558826594768 3.951161817703321 15.271541740940172
9.686548468184210 4.603521752219373 34661.767119472198829
1.892562891659829 3.606025555642784 9.978161656254660
8.828375395920910 1.429010943202657 22.473670150374421
0.665464811797792 0.517152944647083 0.810081329004491
7.015257619530229 0.353577445399158 1.991324070178482
9.833440786902342 0.196683917006289 1.567650363675968
9.117752695846901 1.958487575583963 75.845242963475741
7.577685459759869 1.984051838527800 55.596334250379435
1.813939072456699 1.666478966787278 2.697672859477167
3.200933679193951 1.138093070367098 3.758823068912488
4.294995226956702 3.208955047267305 107.435746172390196
1.934455041003459 4.172204818952480 15.688497089621176
9.287303943249686 0.992615799889098 9.135715528926326
3.635563329394468 3.737177247833737 124.438811939652254
7.276330659047382 0.363833283087859 2.058696982102774
0.258398752229412 3.728083538777818 0.006441241169397
4.248893375709153 4.147799167116415 403.610053874562993
7.412785627279208 2.320948388308919 104.515817746416502
5.066197489856952 2.373780138998050 47.071757081597134
8.201310694219009 0.896611874641151 6.597791502665922
5.131412522106500 2.893925993733976 113.598634873296689
6.384709697231686 0.701987930593273 3.674509491130479
6.413964617165826 3.935554937087366 1501.381005925015415
5.090163651442195 0.580439712352274 2.571669599613845
1.561836685198968 0.678110670317847 1.353026740235348
9.756535417223626 3.025945451032481 985.268498371548390
4.943143152318842 1.736614760508986 16.040436399791457
5.200850036991864 0.397524905070936 1.926004868558195
2.562592784573196 1.765121010103438 5.264643241545416
6.242027791044856 1.795689372708267 26.801426112708285
4.772026638891441 1.667922756632072 13.552641306089315
3.917913218857395 2.696688473168039 39.745144113782047
1.987081339561124 0.202606967161688 1.149266023036285
9.167561584843748 1.634771480809643 37.416669561283186
9.362960456675289 3.224073774147778 1354.901698352783797
2.711337318588670 3.850123004112351 46.538240260866779
3.888518749356450 2.998104648921079 58.645506828743812
5.289343160755016 0.976764230355763 5.088537128622832
0.283268669696815 4.593492824366807 0.003045635584872
7.529087801143561 3.650174192593730 1585.850861142178019
4.038310559268004 2.438171616064428 30.062073874164810
3.813226693232917 0.523606839006000 2.015434987982697
8.429858459488878 4.658811938438427 20569.445575577770796
1.028047597429015 0.490384782869217 1.013657181267370
8.287313065483508 1.530012300527973 25.420513973166983
3.913601721580854 0.620206213435109 2.330878873926281
2.793365965288873 1.630702590511744 5.339515112753444
7.302971002606973 0.822536971985384 5.131688978074832
3.690538777529797 0.942416988960321 3.423221777115297
6.389071294518813 1.846196077864132 30.689936240262945
3.596422667292027 0.935749029069978 3.312496990465424
5.869342498426696 0.773475858536416 3.930840183303207
2.833114564479101 3.119047820469384 25.741477449973171
8.442729661856328 2.414563037321204 172.604186266296324
8.191522075899925 3.162572984752517 773.717158478328656
1.894020088293526 2.624013268630515 5.343930739278586
4.491933724179827 3.425888508758911 171.855676537696979
9.383798587956361 2.986712372163028 802.075825244990369
0.862296082722309 0.510104085632608 0.927209928711814
1.773921478330303 3.636159510689726 8.038317524446644
3.797819394359259 3.287319240045078 80.373759104824160
6.532089721510802 3.704013868890665 1044.634670176712007
0.915184703611780 4.840464903621488 0.651155133015851
0.857100344587156 1.953055866081209 0.739958067797221
9.669782597209576 3.141122615086744 1245.416781356588217
8.645682827668217 0.174303974966846 1.456424049116562
9.805722539833049 1.624136097257473 40.765972643733193
6.433266704759398 4.753960971852870 6970.309581598921795
1.959595490045011 1.996060282067401 3.829850392385964
7.934279635057582 0.955408279701777 7.234306680943057
0.968077981911873 3.230697625346732 0.900493489508476
7.585324921986873 4.276645815505097 5798.797356239314468
3.904026010651160 2.687991672063688 38.902832047784045
0.961089874251287 2.885148341516254 0.891808460282591
5.947598639069667 4.260031290017912 1989.388818733452808
5.281071863935004 2.197733293860151 38.757019509269234
6.963791170104380 1.776867464907669 31.450327457036295
0.150572389763366 4.838377976335851 0.000105104467859
9.480468161270080 3.558311993125386 2991.335574296196228
4.733188364449248 4.508307095240877 1106.115845584035696
8.413383321705956 1.529056303623800 25.961647157437206
2.296443977920283 4.233202023460391 33.761549990729868
8.054663079821566 2.858193680939491 388.739698162602224
9.131809998838351 1.853018836963622 60.246242848314452
3.696764852332069 4.739207531440671 490.936674171327013
7.750610826625347 4.322514235020575 6985.013020234948272
9.585462347918396 0.591612289509750 3.808328064316793
6.427031883412520 0.193504955546584 1.433355862494459
0.351155682080132 3.411571238577960 0.028147501384008
5.605984415479170 3.622134872013305 514.894323136944422
8.002840557672670 4.825709358291070 22845.139647268340923
8.616834847383338 1.150411639776416 11.913379075324885
4.706657446516478 3.162807912571358 134.171633258957655
3.295483698142682 1.237827666892842 4.376174940931123
4.684433828697025 1.190543083989150 6.287039404705951
4.526131748740402 4.240889195730769 603.762814587457342
4.738404978437377 3.017803036212530 109.376703959600221
3.412334180973675 3.080116693368189 43.839036181047916
0.402889395567659 4.819372040777955 0.012509606796186
1.333233713564439 0.169041291617987 1.049818737946518
0.371367197658387 0.667582168153964 0.516188725844027
7.251332197966241 1.393506032240957 15.812385604541914
7.673296810603694 0.567392821584922 3.177842965797884
2.795817592730883 2.910328415323540 19.929084355043095
3.408416832429876 4.561528743954314 268.691826210423130
6.036185457019263 1.005811829355284 6.099584238375932
5.865995418734190 4.797797158927129 4856.772029521702279
8.045108884486522 1.744080194911674 37.959483853316748
8.923083728384121 3.219519498439730 1148.686384837546939
6.954980735945704 1.504523249519872 18.503496903920006
1.728903911839640 0.474206848885869 1.296440437801646
5.094719934809970 2.737480017480864 86.243769974172025
9.149543275029936 3.644743880858476 3191.939396225642213
1.506588077780104 4.662871868650457 6.760295343208539
1.865278248066091 0.510345454447460 1.374588729453809
4.882474515067500 1.635615131308242 13.376730567076944
2.174502409577875 0.989856132527374 2.157435194725635
9.946408607921622 3.743199555506787 5425.803202693113235
7.477199052236667 1.233800568583533 11.967945525495917
8.867529034444750 3.919637747598990 5188.513167395341043
8.179971161100948 2.773878424933846 340.300391857554644
7.756518794071525 0.206636305930677 1.526994494428030
7.915853609722454 2.398610836025391 142.937587910903630
9.280117256595645 2.223639837634405 141.739346754915431
0.540036230409148 3.060462616305645 0.151736575946959
8.335773006413332 3.824579266138808 3328.361707563723940
8.160874444370263 1.001507088528306 8.186735592333926
5.694547701875681 2.700730201449512 109.721458691246568
0.641974642892686 4.529435091572291 0.134327429986346
1.560618579240212 1.490011756615582 1.940950519739059
3.348160801176767 3.150880403384453 45.040365907983926
1.029359287378223 4.179944686116514 1.128572105432610
1.791246842769042 0.311735228420605 1.199271376352250
3.715602619414720 2.832517363690327 41.173499199946562
8.662296467857495 4.119272181222096 7283.929135349528224
2.137134419262867 2.054702906312192 4.761090512064314
3.717328001597242 4.127117289007400 225.636698476615351
5.829668889910165 1.941394596043911 30.649042257718762
7.989034437470744 2.116998010874937 81.391419644196830
8.179104430478233 4.328039055894712 8917.151530563600318
8.568100272275830 0.124206624944146 1.305781286204336
0.484600104612637 3.315508191756938 0.090549577607460
7.836532493099530 2.613941511111726 217.364030968872129
1.909271742491346 2.445702175619907 4.863163322270974
6.966559830129849 0.228470432580116 1.558133883597051
8.479305952651382 1.831018599641955 50.100837675048837
7.601924362550121 2.598224010591846 194.462875766376499
9.423691282917288 1.996806745601365 88.172096035308485
1.062542078367919 0.246242462873204 1.015050239157582
9.574178020082815 3.457243887769984 2465.512215486021887
6.379258678760283 4.694033918721279 5992.646739660413914
7.695293099839318 3.676710306352699 1812.980786143121804
7.590994079458717 1.895680122025419 46.640656776779679
8.191330734497331 2.699202666275788 291.963658860679459
4.306220505765356 3.998306531353651 343.013518693513333
7.592208393860157 2.033670646456046 61.713304854344429
5.080849966049511 2.962655003605585 123.437159935156657
4.082123345153279 3.760614562889510 198.292939647379228
2.649842591293302 3.667994329346356 35.675399070483458
6.015168330224607 2.652673957311861 116.705226621444524
3.358014412306756 3.124327264150108 44.020408881065237
7.917932539090788 4.888076064385364 24687.824261973753892
5.469657317238852 1.636301952766340 16.125960142773604
3.257806148286290 0.272218095648230 1.379200899293941
5.739173241830403 3.368875416494703 360.137933146220973
8.042461537128826 0.495840845207065 2.811440154188324
7.917339046347379 0.610369223149480 3.535616195882755
5.241930984704692 2.207044825156738 38.721265944401360
1.489194853390519 0.196279663558552 1.081301654390650
4.193549044987954 4.912797179201307 1144.505147504318984
6.938809845134205 3.394320689733777 717.118677591397386
9.764916039401383 1.883591496793761 73.135998773351119
5.309448467072541 2.740198547807659 97.001698808939651
5.744176055489238 1.132110963257405 7.236524731128520
0.811679486336828 3.201126013544695 0.512777062627224
0.253084719043303 3.732626358623218 0.005923994654208
7.061559502718248 0.652644024798698 3.581211077702768
9.824195596394503 2.970525385934942 886.427927809197172
4.107230167019413 0.897200691997436 3.552029993402607
3.322002493193785 2.993340719843331 36.368694668880352
0.734724452082434 1.190999092921421 0.692714683354150
3.508004661792728 3.176752048599112 53.891588589263385
9.655289304919862 1.266421235376647 17.665570881439066
5.931652957553188 1.797408637940825 24.530858238826426
5.521377565681716 0.433512262017070 2.097426095100914
4.199440062195345 4.331248540843716 500.261159962389911
1.070065689208800 3.377822324873087 1.257023038319357
7.698742768810875 0.101505098423259 1.230201153699013
5.461506879335465 3.689252284215748 524.966716584831147
8.200718420429210 3.479740215903532 1513.446971392822888
3.963048855287500 0.154166764897344 1.236506096485897
9.313794126557166 2.438565384638435 230.822777705464176
3.104839078681046 1.066990474066454 3.349662322409249
1.740984237951817 2.060183898462636 3.133874860994915
3.451232128599241 2.547577173638540 23.470952657166627
4.104163933807095 4.747341157792070 815.054886306821118
5.621866922354950 3.237949557380038 267.963369785949226
7.415870254598949 2.435643626975598 131.645139538736174
0.925476227356517 3.081623077362342 0.787681113289566
7.058530184153726 2.561863748212516 149.379271396374691
6.838558593261905 2.122369352232659 59.170224701776661
1.613114385111063 1.281116411872784 1.845199166993274
9.569387122298361 4.725401254641797 43158.969859152326535
0.817251671774984 0.613980015087329 0.883462710947342
3.802679491137063 0.965815384650067 3.632951318916014
3.948149015624144 3.284435457105944 90.952800508360468
0.588915525567801 3.749350313583526 0.137356165251843
8.735993904308323 4.224744851731839 9479.913783750023867
4.526160567346880 0.937144283744145 4.116362191335621
9.122416864090798 0.906599238419291 7.420529859558180
8.883677757063639 4.530429405657560 19839.590340532609844
2.044660471030137 3.004856203633354 8.577723497225767
7.404633874945388 2.423597049240229 128.034300728264299
0.373286972528435 2.871290612482406 0.059048736005622
9.479028492122476 3.623937513130568 3465.222137382494566
4.095345178681811 1.581716189819259 9.299718790934715
6.917041792904126 0.892990114069601 5.623939156344565
1.501029623163771 2.401714530385946 2.652385569903611
8.000205823300774 0.681088440179786 4.121845989944679
2.537860610969144 3.023143738260730 16.701835118308296
2.376920899654334 1.304601934365580 3.094208274646531
3.334981168756574 0.493252673110473 1.811411876744353
7.275832129782493 1.622812619099774 25.042291905749586
5.299383775376123 3.842915317017744 606.927441639053995
1.625019081232383 1.839552505725270 2.442784847721019
9.811857230302026 4.596402897408923 36181.634519879713480
1.388473388944335 3.046673148173717 2.718099549123293
9.830552763059897 4.889924447368896 71388.971874389564618
0.566955615237802 0.945092146249700 0.584899369357579
5.791482637126124 1.141935349093671 7.431159609268627
4.119754868086189 3.943320630977034 265.848969234764581
2.717691434103502 3.443250687795133 31.265109188419167
9.204720972660629 1.785078084417320 52.581654266301520
9.795217918365976 4.559258364481233 32982.937783905632386
8.021438623375891 1.753008350776357 38.473506627430510
1.946166545286609 2.104577801993074 4.060708499827274
7.822661926142883 3.006872778243466 485.515962246646893
8.400086525593942 2.953249658038015 536.587679706164522
9.977450855139857 3.437682148284186 2718.390447698904609
5.959140288356158 0.569462471634088 2.763363228847561
7.559171365539166 1.628060863471747 26.928331790174674
1.408654322820230 0.275198337014501 1.098881171964178
2.627219733071304 0.484212750203311 1.596340397967367
0.270546081091936 2.437407954593982 0.041318095995718
1.568803393359522 3.248114714412026 4.317466611017348
7.718979835408227 0.294281458695623 1.824703999382747
3.215560607000107 1.596315510102247 6.452703905834361
9.949507203525014 1.982448335788684 95.080194934798200
5.862489460441869 2.625443025234156 103.885689477240589
1.422455592758429 3.421562018668665 3.339115657349066
9.448695223565087 2.740636215935998 471.128514798640595
9.968802020012831 0.488390758519860 3.074170835391906
4.065085240585085 0.197096319135033 1.318394514707400
3.719468826316751 1.813635149886506 10.830393959979300
2.346348388609489 2.346816689998490 7.400197220074046
7.160025053654474 1.771331469568419 32.684137731098218
6.306232737646583 0.399824729562413 2.088179470971772
5.494070764925365 1.043288329229911 5.914568075205916
3.511833372153736 0.513640967909304 1.906375996962978
2.971138406882673 2.289824932227864 12.103489822400448
0.755535580576541 2.913303583025158 0.441895548336030
6.910589474264079 3.369956944066225 674.729536271883035
3.172954104704525 4.463879331946646 173.170475376873497
4.861848198486114 2.886363914815332 96.019350159640865
6.083851070603584 3.757030954800686 883.452445832961303
0.444889333940010 0.892390740388491 0.485403983788760
1.354415022765167 0.761458810969920 1.259863633970352
7.976103220843670 0.947426245105703 7.151221648362823
3.887540992684459 4.490313516966673 444.452691163538759
0.953816272566552 4.854276098652296 0.794906626213104
0.518332362611977 0.340516930585127 0.799501536866361
1.020379820502336 0.276126048149170 1.005586369869643
4.399032831163121 2.197802886354628 25.940140154698703
2.320302085749598 0.335405657675005 1.326189861976331
4.750032418743390 4.042286661000688 543.752833784095287
4.721212896343037 0.900632556760091 4.046453960218665
4.384767195502633 2.130108040220758 23.303195897446802
9.159283397311084 3.483144814166312 2240.283004909988449
4.531106702667876 0.182393116621356 1.317307442487090
4.396788907591183 2.869958406782838 70.108789087733868
7.219459722963016 0.911907884398846 6.065647984581924
0.192524862655539 4.051772821570711 0.001261546180053
5.556569479615733 2.760998761687276 113.870312398122635
3.383112359071089 1.003314935886399 3.396808563571486
4.947445005677963 3.200099803847666 166.758670199162310
7.705207556286291 1.285156138777413 13.792923920554282
5.549812358730480 3.985550896929680 925.462967232492019
6.516224071482320 0.995261116211780 6.458602812308009
1.051021319583331 2.365505456600402 1.124921408044611
6.595006180232831 2.363987814690137 86.420100421794345
8.323782975232938 4.744536310609480 23253.868282407664083
4.287679648424930 4.705272435408374 943.579075596130565
1.500244779031802 1.893123718761632 2.155245244026558
7.026581678330719 0.819889788804676 4.945803305182422
0.284059538899241 4.715721644511191 0.002645031033860
2.405369209597203 2.404536705782242 8.252119400643888
5.549751752470456 1.628598957439686 16.297580654856244
4.188863783680453 1.607749254745639 10.004024873698004
8.868289331868890 0.171732911863514 1.454706227618728
6.003125630331736 2.257114638946194 57.133008901165795
8.109335406971487 3.984881258722790 4189.848704375992384
9.512827525223289 4.193212217810582 12654.933368646294184
6.068304459177995 4.956586984888374 7609.243732740319501
6.081623082795582 1.881245993637440 29.849258321925070
9.479662535041019 1.088780845286595 11.574796773217820
3.937119851828151 1.752468443551435 11.041594077276134
4.733926110834753 4.491387348851430 1078.154973043002201
9.632095202884642 2.979861932147402 853.791965984623744
5.318699694754944 1.661207989846665 16.058827961499610
9.556886745437701 2.117084931902215 118.963343689849808
2.177397100434541 1.194289114341726 2.532767035243008
5.617006351084408 3.159211340105307 233.262231888754542
9.549091031238735 3.717956662917539 4400.037438540389303
8.923533682624512 1.353600214165588 19.348482415084824
9.711827622031940 2.858641823198482 664.262646954947286
2.530298456758443 3.713033105745593 31.404367963919455
2.936344435963800 3.466715379023679 41.855613523771204
2.784515787467337 1.509570370198158 4.692247871479118
9.111800328146051 0.286502391793775 1.883340721616844
2.422802203931966 3.087499704991970 15.366734517937656
2.527449401671455 1.859432332874318 5.607390539309530
3.975216813278869 0.378468037855128 1.685927573877061
8.106999839855614 1.938719583782057 57.812932586888358
0.331008644223735 3.967307757364960 0.012446718592116
3.109572535748497 0.476762270352049 1.717517221706451
9.693466170967389 4.507489728829483 27960.466078774938069
9.848270095308990 1.532287528051069 33.274616869920216
3.287036747268943 2.900713129757397 31.557440397100134
3.057765105623025 3.042182850024262 29.970092966023202
8.891270205477367 3.251565431328265 1217.917626105038380
5.117476524466692 4.882948354918709 2899.233142719258012
0.524302559170968 1.047991760412781 0.508304814246008
9.864424757697542 1.275118867210342 18.516532522478794
4.106714510683999 1.868520495818571 14.006417616043784
5.734677622382144 2.876799945565176 152.082301214617331
7.263757412701062 3.893790484899570 2255.183052179074366
3.728938104514234 2.547357623854889 28.578001353179996
1.412540683442985 0.770101937976353 1.304716137064879
9.189829937891027 2.445605960886135 226.918812483840128
2.133376264474272 3.098639049406110 10.463121730982293
7.340554272085845 0.654261383283301 3.684791828646330
7.210820323214336 0.685784395855304 3.876077941207593
8.268116424692339 1.201868063512100 12.664897340029242
8.187022694803460 1.467423994424156 21.874744743134325
3.602940463973089 0.748554850127798 2.610287606741233
2.166831464947167 2.637157022178025 7.684641447328354
7.690767482932668 2.053678015023707 65.992785003952903
9.160548580413479 0.812343002162874 6.045193193783333
5.586209910149066 2.067692800262063 35.059761766403298
5.584097497658729 1.074327017871620 6.345586678916414
3.039018588240782 3.412836500728421 44.410945473418238
6.303576213461538 2.272271157614731 65.596172063076565
9.680489881434173 4.459292262306315 24911.756999710723903
2.120489413845687 1.596255351445634 3.319520731952083
6.409745831001059 2.067618556347298 46.584241417283003
0.444188853791409 3.297985718770756 0.068815007897506
7.628422231989548 1.082327361399920 9.017439672662796
7.321429643890295 4.243264262607642 4663.466439955271198
8.887816565701792 4.820842644902736 37496.591882716515101
8.528682139610151 0.679002217899908 4.286184823539838
2.678403265636347 2.827478818943175 16.211015853704364
9.407717851554130 1.995944318049320 87.704206816532889
6.315471621525035 3.691494387340236 900.935031092073928
3.903161301608122 3.466529767131428 112.243939096567104
9.795019594231128 0.888685978574235 7.597881623817200
6.027907833928895 0.286078482257317 1.671817541730669
2.578888074100345 2.705426346203342 12.974789133585212
1.912721959076948 2.453658131334131 4.909953021642484
6.311732038586241 4.395353520808254 3288.029905348034845
9.031689484111480 4.125359141811140 8767.794709514948408
5.285722154336876 0.720369832287102 3.318199895708647
5.957044943446492 0.961895757429400 5.565432402011833
1.696529742160842 1.675240989328530 2.424213118612493
4.828103040455958 0.132943818400579 1.232831898463593
3.013872099030828 2.274574149436293 12.297162879908086
8.826751699602067 3.359905434131888 1505.919013500581514
4.342247733480634 4.447403228655639 685.762856399718316
6.899184759809875 2.929571448090837 286.627604318451347
0.487427468253710 2.240121950711690 0.199931092625751
8.198466700488877 3.412225971451665 1311.783714967580408
7.748906950835182 4.098519131226166 4411.324234208341295
1.494231531759457 0.579449637464079 1.262020434642816
1.276127515601138 3.676791153469598 2.451039953519612
7.796238731755533 3.779586586505833 2349.400579903871858
9.987252116986587 2.772242092919555 589.802090653879191
9.059527733406794 3.085279797939199 897.301606081266641
4.343518566416238 4.621489098911272 886.703415533136763
8.423730864832093 2.286559509651909 130.683596029439769
7.574600746890416 0.548047506572358 3.033408618645896
9.449660199131742 2.629987747891315 367.563716392898129
8.920113317620871 3.976261980477125 6010.651880731247729
1.392973252110501 3.918455868728839 3.664657739700889
9.359421684331004 2.693053784192544 412.691794839420425
1.438066140394470 3.017008544429041 2.992403618787100
1.763182306340992 4.163888089221284 10.606059438816256
3.667316595705993 4.244185937326580 248.427437147929965
0.260547485463868 2.384595159156278 0.040469393547429
7.867650532584598 4.874975011747943 23292.831611599420285
4.749993964645148 3.850003122108722 402.967838018030932
6.301069216084346 3.629743004730951 797.385406099981765
4.398891844303662 4.854975916324441 1328.667004936595504
8.800902309685874 2.785125669187929 427.195777031214959
8.593389435958640 4.440410377618384 14062.861900070336560
5.225573829741115 2.389802093818490 52.023325267881035
8.337150077198464 0.767833643995725 5.095517703614714
4.945113958208808 3.265566398323685 184.875266688588852
4.441556980072135 4.521735844968044 847.194829267900218
1.696739967602875 2.065625126801584 2.980568535658801
6.070910516293703 4.782423298833955 5569.950976742715284
2.389471798275530 0.258705926811734 1.252763080414039
6.939936064665067 2.042564175960757 52.302511203204801
0.452880673854481 1.067234757702999 0.429391992668200
3.756613401166697 1.718550374852127 9.723368530191149
1.449995015267774 0.933981706765418 1.414859671101556
2.655502042557340 4.026950514126869 51.052560567217739
0.402153053618467 3.304122211430529 0.049301569029239
3.187208616884988 1.505339077391489 5.725369022736463
5.181678178489009 1.118665528107222 6.298736610580251
4.901943015480409 1.958632698456164 22.499757881806794
1.538573267900051 2.230135095228942 2.613959326874385
6.674158231650440 1.535810509453692 18.455117165005994
6.675009612404660 1.180185261374753 9.397362408707572
9.789106840394266 4.761994740950589 52229.188953963115637
8.313970673476788 4.308504415321443 9183.303400258071633
5.224095845782068 1.290988345320248 8.451698749344878
7.643544066106347 4.232086543767610 5472.426356697371375
3.387560139769008 1.715349256530047 8.108514460745921
1.635967226775223 4.192850147094580 7.876347338739905
1.222276303564235 3.699660927910575 2.101344192709806
2.186281446559520 0.928456641122008 2.067294532436144
5.152189201784902 0.771294131561077 3.541237865984203
3.233545629612349 4.973178797844549 342.550626112111047
6.615275137640275 0.712161419993480 3.840277130488153
8.143592995954442 3.335236458298293 1090.904996031554901
6.774021676040800 4.265838990157601 3501.529135188589407
8.062252108401426 2.013924745533063 66.916762836291838
3.626294811499720 4.311293286908265 258.231694056404820
2.831657365185827 2.090951793128494 8.814451981921122
2.199419421028648 2.644661365017639 8.040607997523821
3.772953949065962 1.154445251796467 4.631772550216045
5.257307441099472 1.971805686819626 26.375780579990217
6.490930299852504 0.526563563118997 2.677510851663047
4.606676577877569 3.310792973354757 157.159055793969685
9.304925711732732 3.844332391745642 5297.298170803082940
8.064624655832194 2.769061146648996 323.882118650385564
9.801084301155234 2.109241964318320 123.264205807993633
2.042551175655146 1.618032520197345 3.175922633327492
1.521192300650754 4.953260641095118 7.987399819614038
5.572051602309384 1.469861730743800 12.489328528380918
4.579443138426394 4.497867986086841 938.097885749365105
7.805405556940922 3.298135169860201 877.487413577551706
0.422180497349648 3.136843868326324 0.066872294070872
0.606781353159885 3.214695916664611 0.200684847737977
9.783748318041038 4.502603736523340 28830.537520156794926
3.312816388030884 0.186483144352920 1.250282177577169
2.744784524408946 0.145028373356167 1.157700282141749
9.249062428292708 0.395118318421449 2.408368304033047
4.575525220935915 0.849192917105790 3.637824805226297
1.708410778589112 3.369827424374866 6.078492996116208
5.267287730189495 0.873356853213702 4.267789483862343
9.154498137950959 2.569263705093472 295.592031941988637
4.688685539898042 4.262054991682831 724.530576479484125
5.662776427217771 3.284207982591549 297.238607192535142
4.487762866553861 4.245088388196261 586.036357500993176
8.658126640641004 4.505553365803347 16734.531578319609253
5.975430536538851 4.486969947591364 3044.705405843655626
2.166297398201177 1.206292868018092 2.540822480550618
6.032710492447077 3.493857171505508 533.333839756008956
9.796129016414191 3.090250305102886 1155.065092908176666
6.864677210341958 4.103707028569985 2711.713915133008868
3.512792097013141 1.899484396760148 10.875727293032785
7.816720075538091 4.145410165526124 5034.462240809328250
2.736790299361962 2.007430553461250 7.546263922625178
1.630592790241829 1.476256378970787 2.058147164675920
2.573743900517078 1.730932006171942 5.136421687324706
8.044884664169281 4.984519344660768 32627.295081088803272
2.949914651219768 4.838128026902957 187.498704602265661
3.725353431690634 0.455456156760220 1.820294873368304
5.613877446426833 2.837334779587195 133.631783096617170
8.099141734670702 1.332991073896102 16.253282242926179
3.335577009401341 0.358080998970067 1.539350737890106
8.646317920237161 0.522912833667418 3.089449193699252
9.608677909748119 1.227362570288195 16.072541866108619
1.342872734696160 4.006852850964537 3.258493269508745
0.460467420057712 4.772269154215050 0.024699862478795
0.122656741348860 0.503199901663442 0.347880121766560
7.920324030946175 4.407910960895016 9153.325324648056267
1.898905987522446 4.129764371130800 14.130374832323458
4.365114459512538 3.881414829311719 304.851651639177192
6.279885393392131 2.310756003081369 69.802619787919497
1.804833495293664 1.840740734125058 2.965065513365091
4.999832020883509 1.691074310972107 15.204969190207496
1.795995403898237 4.694196812922870 15.622795848167554
9.115646338340737 2.863940514546229 560.756366874497758
5.424996289031476 4.335866755956879 1528.474300891524308
3.419352608702750 1.478487278893492 6.157851994831077
7.364516502555693 1.543655359361687 21.805791386607169
9.058631893069219 0.428425939093336 2.570575999148045
6.370908670290855 4.938706306224730 9369.457025180105120
5.158477605347559 3.218002895213121 196.289201844618304
6.948378498486220 2.201318448095819 71.326942608145714
1.588395152723693 2.555595202752729 3.262636678181451
8.675379700286870 2.812673121592712 435.610983419330069
3.066359108231007 1.481206208084094 5.257618021369265
4.619295446739334 3.533659527272670 223.040842179083626
0.808434106341949 2.596801580013740 0.575667116592599
3.181959832726101 0.974392594868802 3.089029006319314
3.740131783742565 3.366781704360327 84.876048041210836
8.698116487561954 0.595505877382442 3.626045418529840
1.319835376289446 1.285935750775493 1.428830375339330
6.470779565195765 0.976399500772102 6.191810047441648
5.407785608768543 3.863613188517944 679.365792022708206
5.162416839224883 4.422290581535624 1420.507110019528909
1.436147307669975 3.686835518647056 3.798103662877169
2.523207843431464 4.304045205174756 53.706146755716539
3.648893381334052 4.533548087483318 353.658999437253442
6.746658341966475 1.456086929901101 16.114812078347111
4.598698486110030 2.073918620153813 23.672871030084487
3.437297152328958 1.921602587336009 10.724970961157650
7.342015605249815 0.391367470481090 2.181985926566267
6.368871258080192 4.338169492858728 3077.225182821946419
9.253422016862865 2.189417139250128 130.508551361012394
0.218688385573533 4.675777595086815 0.000818788785410
6.621105896189305 1.627306123986492 21.672314043197623
6.475443263352759 0.724001458806732 3.866876513165035
3.241522427438904 3.953204049337462 104.494910067055429
4.452150200503940 3.567173296722753 205.854752807944095
8.933888554805439 1.721429660559628 43.366001226512545
6.444410096480641 2.549025287574753 115.512334509861276
4.708626811597965 3.726544661219298 321.788525694420684
0.862526718840153 0.890630832516091 0.876591104537493
8.152835262389344 1.580534150055422 27.564776113669129
9.942282177930208 1.989928708725490 96.588672448851852
8.075026879928153 0.711336103671021 4.418595661868425
1.539391834047910 4.980126326283593 8.570823974886279
2.355788454124690 4.422542206770919 44.237282924118219
9.547219007306298 4.768449398515925 47042.819534378868411
9.785378966362163 4.053992010732586 10370.361064677619652
0.959019823155479 2.891487099636677 0.886042786500808
8.583814105612998 3.403400773714136 1505.526028904764871
1.139886630965810 2.301678045176297 1.351690416635216
1.943830205776740 3.765822124121744 12.219006959437069
0.816535017970235 3.366670287930599 0.505415112743576
1.268632426034554 0.248204483556823 1.060836394420999
0.820848129521795 1.083764477181252 0.807385754090590
3.720881038911700 4.978448410589710 693.315010534607836
2.696921963257159 0.621774518050278 1.853117594008270
1.432106193121294 0.138748086288689 1.051093290105319
3.991671236367770 2.631694304384424 38.199314544653468
8.366565527811927 4.947838464028086 36695.651647745951777
1.113178785462761 3.757458584755400 1.496117705777823
0.148314541769441 2.170301722262405 0.015893466510249
7.054775869995958 3.424052304112006 803.990518530069494
4.794539609919648 1.470282763349206 10.020524386140213
6.456916175046559 2.797081115325531 184.376703282492571
7.576897048714176 1.822295526780259 40.058364972616275
5.366295541452698 3.515248224429078 367.271557723715773
1.095141229550245 0.730746706263785 1.068667660294192
3.311643860992286 1.461263208447249 5.753347650587811
3.542563855228645 3.382411722341435 72.113833777878995
5.458799545693597 4.331936943493322 1559.762090961531158
8.469097024717232 3.735761596294954 2925.352712424846231
9.042210693378310 2.610646961930870 313.686217636236904
5.061412932125397 0.330862828734811 1.710083631901460
1.761747765274459 0.108019541262817 1.063081911956678
0.539771978419252 3.491402563128748 0.116155151898832
8.127536977839169 2.743653371860527 313.770386458087899
2.166599177274070 0.302150205140185 1.263151857301432
5.025303711185718 4.640010485529337 1792.257842201537869
8.670264729304691 4.727734743581731 27212.482922914237861
9.193866203927600 1.610514333100390 35.622765143406156
0.834762543136235 0.605868827036134 0.896349619848021
4.408616559467634 0.128016098340142 1.209152477697244
2.053390500862193 2.018426600957004 4.272685095900260
0.706107496779455 1.545134332929744 0.584097192867180
4.048213679753907 4.286463151292021 400.878078190641475
1.687346934762111 4.065743006939418 8.389858710684567
3.551577785460711 2.904153653822626 39.674194603757662
4.704493874057043 1.272341516313970 7.172426265629213
3.547978022306431 0.866228460127157 2.995084821803525
7.911385622648161 4.402928207514553 9014.497161375855285
8.528261157383461 1.612226068038948 31.677985046729663
0.589690836195401 2.644884503352066 0.247359146808916
9.575938723464455 3.737684184925220 4648.855482912779735
4.371836239460245 1.377710161044122 7.632189504628346
9.353181413207992 1.857468495637154 63.610149743086843
9.129762231558349 3.971343352124920 6521.001802627233701
4.137803667147532 4.860127109582724 994.443274594183777
5.388816954363720 0.830582226899944 4.051029852902395
6.263354488968575 2.443277717556005 88.475040367964738
7.882822530658268 3.883492055380194 3035.683214762454554
7.933735830363942 2.813964206415787 339.702038219126621
9.146243811376305 3.264362669655786 1373.551756203062723
5.586860563810827 4.663641167099023 3051.565259523690202
3.471920349732659 2.946588484102070 39.159452401321211
9.495794743551430 2.604855740299423 351.826109938761363
9.476393160546380 4.070859666361370 9457.511642539537206
0.265664489669406 1.636753067151593 0.114228928581136
5.327485622276807 0.789070743393897 3.743496923585900
2.530335459153968 2.083481480180198 6.918534450669633
4.736429861929490 1.721984542651724 14.558491314760433
9.204233901606326 3.802087406097773 4625.570352853560507
6.476526695959471 3.958810056198033 1629.106595942223066
9.526484479255755 2.190534242242726 139.439405295497124
1.921245117721971 0.766455704885598 1.649505003126356
6.768897868945519 3.671863051792467 1120.851858519421512
4.322426334878774 4.847002084997091 1206.071361802566571
8.405205670494819 2.599458419565258 253.119135937476727
6.003315869273637 1.074129435595675 6.856348665765394
1.331247467399486 2.215644319748323 1.885008410908549
0.613223693998285 2.545937534588792 0.287932742956196
4.476359516097313 4.027129163046746 418.175790716130109
4.783500425149056 4.708292198893762 1586.506759967242942
6.871585534857305 0.596037293949898 3.154402900558301
9.076844863107006 0.990149399830359 8.881752746380567
6.229786156721763 1.049887030909537 6.825068985026216
3.115041499651120 2.335437948786656 14.205423017902449
4.635136609583861 4.841666455827194 1678.234520008891650
8.213478379645506 3.521882850821729 1662.866463111180565
5.750094693966405 3.924534201216371 958.011024451989897
1.087853547582150 4.068010220071972 1.408539052542900
7.250709822738097 4.933848785567974 17578.726423906307900
9.358612788056156 2.474935357937634 253.329419986581570
6.451521983904255 3.262756654805370 438.258825794561972
3.042250984183811 2.122237984096259 10.603637398313511
4.126184566767809 3.873489282905862 242.281972174636138
3.337619989434868 4.425197504522279 207.162722429730138
9.122029507653430 2.416108183355840 208.778063051223853
3.786702433875825 3.930000743943224 187.312544234665012
5.291406723549714 4.591863383404297 2101.550571139855037
4.086785309861725 1.478769567275787 8.018494483460557
2.933246125811605 4.371140069468034 110.368662557545065
5.049783057485254 4.736657152859574 2143.688923057106422
4.433341946653705 1.477972581029736 9.033395507022748
3.752745888254921 2.486116683940873 26.785454723993475
7.053591796361699 2.692061557551364 192.297135401455478
5.113681880192424 1.754113974033332 17.506514982311806
2.962387211476024 2.690788792596503 18.581832232920803
7.260453670730000 2.981371805078465 368.852791719662946
6.591279642158391 1.082155451375212 7.695778615993105
2.179593282776592 3.321386484622131 13.300736268644107
2.598939834752689 0.379687241939259 1.437119343256722
5.705815566081808 0.484307142335330 2.324288739905291
8.569943153333243 1.018397520543205 8.915432617680501
2.652951661875948 4.497132930466939 80.457615058389834
2.822794094212204 2.111556884652807 8.946120998753011
8.159663315488684 2.160724917390157 93.298126705849967
9.181854646491789 1.361499457230331 20.465824007596591
8.937583231398508 2.111407471813618 101.956102396546171
9.426395842539755 2.771176697668859 501.284209893928733
6.334394252813365 2.728179445143904 153.884666839433322
8.511369333062863 0.907289774340080 6.978771496884812
2.550823390791072 2.244993859255552 8.184553274938430
2.393897015738030 4.954540002616522 75.560214708649880
4.953764992459364 2.640264671830687 68.361783584697918
8.121474346650345 0.985330936296853 7.875740261958389
8.259759421588969 3.430373363557258 1398.107409536929708
8.502212573955116 4.283542892583125 9587.160913547548262
3.932945084976790 3.194623685242737 79.414505028354483
0.653853250297255 1.946602339790211 0.437334254256361
7.609012326790135 4.802445094260583 17081.685105570712039
0.950235696564296 4.697102403671307 0.786813021968901
2.953639801953461 1.621397059125183 5.789436818211465
1.185444897150194 2.891474200561324 1.635407856276160
6.394998420724520 4.826066298581861 7745.320563632828453
0.392466006734920 3.090131861356654 0.055564161103559
3.867763604571566 0.217695946739140 1.342417620285301
5.399646978206090 3.676618366272401 492.751505317227270
5.888900505036565 2.707886241662810 121.664832167535636
9.471594761475455 0.422285857582904 2.584221109845458
2.835886368742567 2.077155187558975 8.715753548502713
8.511321354416051 2.536239466118497 228.399455687980691
4.346935766243982 0.964607452962957 4.126637239698946
7.436361540370497 1.499044329696293 20.239883612486267
0.886322804934331 1.427227175174424 0.841786137267884
6.145631537440388 4.931072441989242 7735.326116354674014
0.318832378304098 1.943525057258378 0.108432912113191
4.390420629678511 2.490189195626224 39.807217702249545
2.049729965177113 1.992159910585573 4.177818519311482
6.131707676968377 4.736163241357208 5371.731239422932958
6.359864893833326 4.169829695612234 2239.963129176406255
8.532275219238501 2.302057599640688 139.112106470214826
7.962984025971939 3.349045727723943 1041.703701706725269
1.808980245999866 4.853572679539809 17.761260210243851
3.847915665586072 4.557947705848520 464.972674025206743
3.920082930012788 3.932591498227834 215.371322332863969
5.499409440457051 2.090697734170231 35.300194511885046
4.406923697125211 1.469982629890285 8.848467130661430
8.285928594505032 1.919099563821856 57.861297768921702
0.668557051879772 2.006059835352921 0.445879305574388
4.502410572052766 4.563614970365928 959.559302785418936
1.706066568488198 3.499983017892398 6.486074980338195
1.735013518125282 1.650498295517821 2.482955678331002
8.654776622985128 1.711033091938893 40.149098467863162
3.033747939826484 0.614366758199137 1.977480362966942
3.436612708386985 4.317642290075027 206.452485604322590
3.909944996792274 4.467628780459921 442.179526122819652
5.057135970216104 4.022764130914370 678.644446446109441
2.115986509661531 4.515900171687753 29.510987109478059
0.177507125466317 2.034594500575520 0.029679636491514
3.382984772669056 1.735337045461363 8.289225850908634
3.384118803566120 2.002528458037124 11.487615292897749
6.616650735285282 2.397668419716261 92.815032655089624
4.571811425361023 0.383743804784463 1.791862988428839
7.433032332745305 4.673054272670185 11776.225167253664040
9.399930254942143 2.318175312605801 180.249262424282165
6.953130399858840 3.352728345256166 666.195987561558582
0.151942084027332 4.167712600737286 0.000388570134629
9.770817856665619 3.668343517509392 4279.634340782400614
4.653749369237516 0.354392833329432 1.724505539909990
0.908339322600769 1.727798581238414 0.846956593209961
1.007279503179513 3.057267404075223 1.022422462419254
7.011472855621057 2.350633682234820 97.316779483923398
5.195052374718986 2.674595652183164 82.018857687581075
8.088141829433145 4.365188921169931 9181.874267614217388
9.712504477465110 2.491566435151952 288.404052174904166
5.333567593464960 3.150181246028929 195.091276203986212
7.769812880824321 2.460299923033759 155.123298876915385
9.698779786339545 4.062732521407029 10203.934123571178134
7.260983734754479 1.848899840140803 39.074585123170863
4.838760783542577 4.632038272853293 1484.960151567079265
7.771720124877766 1.974794473457840 57.357253991059125
7.611218124310089 2.846759266679048 323.063446286999238
1.358367527448339 0.477165802147004 1.157367552110592
7.658868413490143 0.280616324286442 1.770561524046977
3.215652570285091 0.277505748198674 1.382834151570506
3.893906617920219 0.784153990441162 2.903709537105792
8.401995350322926 2.702990582005795 315.207847316012590
7.907524605678105 0.329840156918104 1.977925076582733
4.540953318327581 1.462252695196389 9.139344046400591
5.302685613704107 4.202465901743019 1108.330357948563005
8.001057063639058 1.880896690904712 49.972018895688947
2.330928569206905 3.953610848846918 28.383536273183601
8.564898813042817 2.590914178878655 260.977620781992016
8.701519586388486 2.011163811516427 77.567477215146212
2.544945850675762 0.891686739611548 2.300054782836109
1.114627091925979 0.377803986827193 1.041851325956370
2.760424870943196 2.931541325370270 19.621814567820589
0.744572080181665 1.652562673732761 0.614211398080400
9.686860314328905 4.963493149762024 78507.789541599413496
9.056954996227194 3.964854432847685 6227.233584556131973
9.938306375848303 1.277145235342969 18.780742383080312
6.557992119647026 4.411941015294601 4013.700769807510824
8.356447521788885 2.767163082572637 355.946217618873675
2.419700945570916 1.313198148320499 3.191208251201866
2.131004551683579 1.255745579340014 2.585939614721370
4.325087948507946 3.891614508375038 298.570673395943572
0.163656368427407 3.695671519440414 0.001244383496155
2.529034594595951 2.961693837200061 15.610925790792638
2.808973956676237 1.160490639221886 3.315396096455188
4.772902779670350 4.113033025129857 619.234582126995178
6.465041712110704 0.684203861895852 3.585882338444018
2.818233970673822 4.188880798733176 76.718518193616021
7.680364640044056 1.905236995699713 48.625293520583725
1.777581440041783 3.606584892918591 7.962167802597563
7.602771575665070 3.667565629014176 1702.246366831110890
9.954346375983162 1.382971758509659 24.000674438893054
2.767247352182657 1.268487798286058 3.636909293147924
1.075318793243209 0.307418222572690 1.022574882699309
8.846485826997194 3.345527626491898 1470.441735297133164
4.913695816595002 3.876745196120144 479.086221856768702
7.783155866316238 2.631221397228630 221.221849643009506
8.422380335855781 1.458704494413398 22.383911184858960
9.644612243445151 0.686303987135928 4.737165561142565
0.847469198990207 4.494014870942840 0.475321917530110
5.957840132225271 0.534377655924473 2.595315499574949
0.382536666365036 3.332018030679821 0.040687325262451
6.116033338363455 1.033068418828480 6.493474782393579
1.043172482475780 1.266652325671080 1.054996029481175
6.894928214194378 2.565459331834027 141.649148899180261
6.358570906053033 1.919096719104473 34.811650636313473
5.375818410050999 2.135537698965122 36.298774216798073
2.276842899904342 1.350641076941909 3.038286449470521
7.969178422784494 0.527853275043791 2.990984033945919
9.191041327347634 3.470976866198580 2207.072771992791786
2.607398216104554 4.477620460589848 73.049729006433580
0.952749179779308 1.051230522188475 0.950389534762992
2.885691876229356 2.718349078951298 17.828715148091622
3.633059042145296 2.617717260543200 29.284302080423796
0.990943263180445 0.663395239811175 0.993982608639909
9.624867776064852 2.755737529568365 512.835262489446109
4.243762597899254 4.886653719108329 1168.428533168154672
5.980532255931328 0.174918511409548 1.367307437168332
4.265161334668042 4.251902614324663 476.896619725881635
0.947821309028549 0.896116437184676 0.953112588655734
0.527559467008181 3.387567683085142 0.114597631171800
4.339984365412729 4.786602192896003 1125.647078410185941
4.844435572434091 2.433978094211029 46.544342554337504
2.504596785847159 0.489236104224612 1.567028651377233
8.883450876245403 3.818483256344205 4189.318294546710604
8.161597636783968 1.400876215067980 18.935822055148176
1.661887600940415 1.233546590690070 1.871209485607924
7.765037434232039 1.884971894497942 47.631645041161974
0.669473868278808 3.797501977181130 0.217882883657723
0.233251170283210 4.011504048981437 0.002910869529299
5.549119198836824 2.037673887859301 32.846259619131757
9.268208919201623 3.673861861592075 3569.513629558360208
3.597218306148366 0.125063173144017 1.173629376391233
8.239395695820669 1.338319584417831 16.817471406375745
9.665213731671424 0.379978780791605 2.367878696461676
4.763340050876778 1.880558484998194 18.830089582755186
5.906648316551160 3.842390298144145 920.012253145367254
5.497858835708516 4.917139827415263 4361.494758185383944
4.491600722254689 1.144009218615412 5.576387202218753
1.968062488281557 4.909822050709419 27.776568664301177
8.703709710514389 3.503257702575028 1958.964969161370618
4.811590222792201 4.617260812104899 1413.528505651760042
6.332484209353566 0.762286516001151 4.083467842311341
7.148873393431849 1.784821596082222 33.470463535064390
8.727005716647804 1.782773877065251 47.571846422969060
7.816158974851997 1.367937440321577 16.655554043030531
7.138649155120215 2.508780315767979 138.527218359949757
8.139218067841828 3.157958919876251 750.901047819153632
8.324811255027150 3.236630247646279 952.602261762680769
0.257575782444793 4.142552810216027 0.003627796916192
4.726295504916857 1.273803713083384 7.231147012705751
3.057739644321665 0.782847274340990 2.398802327399800
5.665543311890143 0.866775093278793 4.496670103491111
8.289742723670974 2.100258735011139 84.952050972205924
7.618444136391264 1.744913983731494 34.576483026258650
6.163083259497214 1.868005438650944 29.877690523986892
7.139726742319307 4.771034319919612 11828.894709968559255
3.939593414266317 3.997186003403695 239.955115490058233
6.426083317242388 1.337141041736484 12.032011183009532
3.601608137170567 1.286238161778857 5.197410055057612
0.728937882625625 4.750606214826023 0.222687959278495
0.739721106437524 2.860264236824798 0.422182194701306
4.491888291254158 1.171628289504939 5.813052048075536
0.648134341711189 2.112212807889289 0.400125722454719
7.946878563623059 3.299017170385804 932.747219191160980
7.730312429890840 1.572657899053019 24.936190184441546
4.482671235477336 3.566644976914283 210.766105176095863
4.100421925708696 1.337590933113428 6.602583589904637
2.607148253184068 4.332018543546708 63.509347288098319
7.585146070466557 3.652451760343695 1636.914037733314672
6.782284861409306 2.097341047595769 55.421600882318884
8.798527845871964 0.395847701601940 2.365062014809618
7.929823245655305 3.718859381777455 2209.197433365920006
0.163605329442165 4.000317591161116 0.000716044636190
9.479241184404303 3.682153849067878 3950.304493469034696
7.333596554378363 3.370338620950928 824.919087379370239
2.697011973458577 3.048695982731577 20.588793063784486
5.473798012802374 4.152970940362374 1164.372118182112445
1.421691803083163 2.010189883258889 2.028467195703070
2.049721526270799 3.839468847670288 15.730506738063985
8.331007409514354 1.804545109758505 45.860650289426815
4.390242400922488 0.292188685098674 1.540734722081896
9.963214845080863 1.305356091415393 20.103277291887718
7.571797725660494 3.370122222421289 918.349724525536089
1.934511146749203 4.621194702513683 21.100924325019818
3.966220213531588 3.248089280749468 87.817556018769665
0.727058826637810 0.734109496957143 0.791365098840528
1.043083473301245 2.757210430002000 1.123335582221554
2.710627636142300 0.124920450876391 1.132659266552325
3.334203890206805 3.691960084733056 85.283724151233088
6.644174061992911 3.816875773479353 1377.701507156369644
5.874675478397125 4.678979382538421 3963.325339736728438
3.241639345993896 0.764960390971225 2.458752196008724
4.804133155334185 4.283820216199297 831.603429318534836
5.127696282324013 0.128419968242305 1.233582496297927
0.263724309314413 4.686962382913241 0.001936210591286
5.440420846964548 2.887024366097243 132.980799830292455
3.423151604828204 4.162339956720905 167.673044459207603
4.889309769923599 4.033602857591690 602.768990044332554
9.012099689463820 3.470707118511460 2060.256772671649287
2.526248763857973 0.109818754254450 1.107132055765002
0.377497511728425 4.945860910284101 0.008081201810982
3.119200781283584 4.340344121366528 139.417749248215529
3.697873782585188 0.614648348553752 2.234039307683736
4.681057959927079 1.109895812780790 5.546410626481869
0.108542264357677 4.349973154596056 0.000063808863044
6.862914988261434 4.635615822358370 7546.274363659103074
8.529442610979212 3.190812141544311 934.099022271059766
8.253688085509401 4.528494167016889 14159.090537731428412
9.525974458949065 4.539105202123483 27757.018048990670650
2.982476587635282 2.880372383399880 23.278693859384038
0.618847895744075 0.664128165094702 0.727084707279582
9.819208303444050 0.978817148599740 9.355380692977507
7.582166566135146 2.830434243845524 309.169855378063573
6.414754883126303 2.825455530483278 190.832078971817708
3.689705340838802 2.949698130984344 47.038591952470703
0.598377386402528 1.872165176907686 0.382349638923040
2.121049782710775 4.475261242376707 28.933462934695243
6.628093880455708 4.601178799170487 6016.667996824953661
8.430659057073811 3.423789990335512 1478.956589096701464
9.900588828777316 3.312410213447068 1986.267548426550320
2.518130698151683 3.938914398260363 38.002569557965302
9.534031010734697 4.034043515594123 8921.631017197527399
6.886052862586500 3.598913592591725 1037.009873272676032
9.441353344850411 3.923434288340503 6690.873432899946238
6.120418348598164 3.034661077755521 244.125983865635533
1.114205586375216 4.613115929613947 1.646859385749121
4.578212275549770 1.326268699549115 7.520735688153184
2.886246980523627 0.354787685440970 1.456534091069238
7.183139203829284 1.954653612526954 47.184331494419595
7.617238224817232 0.120674883583569 1.277646810876212
2.786514428876136 0.257242438600577 1.301633307298311
0.499953257164855 1.496351942007516 0.354398949744198
6.693172871620745 3.941744160830296 1796.512656020345958
6.376658962800684 2.871632842338022 204.407219613858359
7.872609323508965 0.602798895306956 3.468800814917937
9.637487536812936 2.980913383857348 857.256819017957241
7.571036250723062 1.338477986108664 15.022079281819540
8.756184992514470 0.243111098265139 1.694678099834946
9.746537182161486 1.537651918821257 33.151839317066781
9.809911171107556 4.968367824396051 84519.486629006496514
3.691861654729105 4.297234094617980 273.896417386965879
8.815844850902909 2.571454476607114 269.589632168909191
3.275196384077216 4.935108986649701 348.941365085983023
7.993360116899303 1.085541515330470 9.548831247019940
7.141343577143573 4.134255152538037 3386.445308761015895
7.652885641510427 1.912091115268449 48.972734847618483
9.148484594749366 4.248266524694860 12135.773427010271917
1.524404715612302 2.434223373567207 2.790660401487604
7.420859697515046 3.131304208229147 531.688129427463650
0.342914944403928 2.464183207138237 0.071550745437639
2.114420932783058 4.545205439524897 30.065051070090551
5.154706049218151 4.109334714627263 844.664473402404155
9.457871824012527 1.885876313038334 69.219061202423177
8.177169390808967 1.271861943018550 14.477881495939894
6.789838190844836 2.341819982923946 88.728884937670486
3.671977992826218 2.025978135268073 13.946819805501553
5.717277264012316 3.014963471649296 191.821791404018143
2.407482370402680 4.991538414295640 80.276226323733397
5.489976727669716 4.847953616931766 3849.492671709580463
1.408109690750428 0.776627311008849 1.304473183217147
7.913670475121618 3.096877414666162 605.572885336429636
9.645668281907364 2.822741088141325 600.503150895345925
8.289410575101998 3.089789792074296 688.723655725553613
3.060095168495523 3.552522352527240 53.159906392884430
9.763137996440035 4.029966958214087 9727.756621907887165
6.280390317299023 0.349984495870114 1.902317268523042
7.938570603145942 3.637532299377020 1874.311283223226610
4.405490614403921 0.836869004204565 3.458906736028114
3.983462743524405 0.836752943806489 3.178849431240830
4.358192058880285 3.055752456401765 89.859085682481563
4.475310174102814 0.527298313825741 2.203829259225632
6.066487562201590 0.782024846938543 4.095212396714592
1.035435960130867 1.479104623909254 1.052855717059255
9.970707446688797 2.727819750930253 530.083683954301250
2.530466852496737 1.472994247586299 3.925656015969657
6.183909824039996 3.870919958225463 1155.889480936648397
6.190673863639936 4.545666964509506 3971.704518466899572
1.935327644380154 0.914947573541777 1.829638684624561
0.878722880485123 4.742936611468823 0.541618245697147
2.708025114501444 1.697897595985302 5.427501577847762
5.084404788125898 0.995956978509308 5.051086141497427
2.264294221472973 2.736441282675795 9.359505974312361
5.600721277663721 2.066495804467563 35.175720741954279
9.827806168950202 1.494607963357307 30.432211347200194
3.354313053182425 0.361099317881875 1.548086055198325
7.092320011727447 2.302816424097536 91.035194390897416
5.855769448757906 2.350540988125058 63.714397717188184
7.602792255012385 3.026703772649141 463.921689005567600
4.151996816144711 1.471973388812426 8.129388313531058
5.985079373225744 3.407610996270134 444.582112302219457
1.996188538111017 1.819735858928129 3.517932800000034
0.367596295295399 1.795066773009012 0.165886922162049
5.230195999307354 4.524105928244369 1780.948582701662417
9.295305152830352 0.959442389859879 8.491671633298090
6.967057233996164 2.188391892710072 69.971699850031527
5.856625831568802 3.021640135045209 208.715369545649025
6.046252038628559 2.327874272977389 65.948015095756190
5.696688577352978 3.895722112783262 878.405806654114713
5.560326400821740 4.836627687656065 4015.805536833791393
1.713395236271002 2.426665728047444 3.693976380550468
4.303968761412878 0.841414409496529 3.414653207964090
9.004073215967894 1.486362618338594 26.220591075236367
3.860767178107044 4.431932441006698 398.196845647474561
7.466983535528692 1.989854915091184 54.630132684164394
4.389372962603036 3.152951940626768 106.038642465633941
5.391518156113115 1.249931189465308 8.214639149767770
7.947530103064343 4.049633897004209 4421.918742545938585
3.526703561149767 4.809056907836305 428.872757988464400
1.610772141724588 2.406030830984077 3.148693962785627
6.612324155051784 2.352439975783270 85.081250283071896
6.190548828419533 1.038270729368300 6.637877076137466
9.483828306300120 4.213475966203990 13076.673116251764441
4.965311787048977 4.543283797672369 1451.719024376937568
1.763391117090234 1.233420483093672 2.013035664922798
2.239905104709138 4.360346878484369 33.660660080075466
2.512072881815462 3.251848859667357 19.991453360882694
1.697946712723206 4.792566462643264 12.645218037291089
9.149484343068664 1.401409186957551 22.248977313694688
6.825404671921455 2.443263373083370 109.142872921532330
4.066682728066905 0.517887396701034 2.067844458453038
9.866475016941747 4.662148134590170 43145.013532041899452
8.201036327280963 1.452680146884979 21.259789941443845
7.911542909927530 1.211473298211444 12.252351400181050
9.990384071649993 1.804882331371975 63.698356009712249
0.122463897851117 3.847426598383681 0.000309868923164
6.886563278488261 4.473905714053649 5612.345039198466111
1.602677085514762 0.448725342864131 1.235718657623523
9.871360766245557 2.034072040338079 105.349990938613644
9.246807942389848 0.149992290634441 1.396018997711571
3.523358623449768 3.799033743627520 119.648574581288884
2.905334060889707 3.110311258373634 27.585697456009015
9.776308020858544 4.209054185254780 14712.948253668208054
6.497352228106242 4.062462783030190 2003.140546982750493
1.920528969975647 4.144622488438175 14.951077093034383
7.955599450176734 4.234994555484150 6521.460470916008489
6.678045170880873 3.958533977303318 1838.241136402801885
1.203214638630641 0.425036386838694 1.081804401020900
5.989404916907145 0.540140046005514 2.629638526194558
9.883504557061807 2.201087731886209 154.841126930738795
7.293780711786702 1.959748688030934 49.110055587970756
8.159405201961983 0.485754379989920 2.772312032668183
1.579786761387740 4.223729562857041 6.899636791929832
5.915466891247500 2.791370761686787 142.858998429861117
9.017676680458470 4.197757724206037 10215.414345049557596
9.892053737333738 1.625693381626829 41.498330210635892
0.971099026341531 0.292703584903648 0.991452669058473
3.148149800705078 0.546859311377158 1.872260295107819
1.537550079773999 1.502076873130216 1.908235301819917
6.768797353461258 0.843830711311370 5.021241622097458
3.911593393700772 2.553202776065273 32.538619350964609
1.848129389335711 1.081078614231312 1.942489431113624
1.712322945923465 1.714832728404727 2.515129568300610
8.803315047895598 0.899960035373998 7.081803424823315
4.814907542324489 3.805339014880645 395.802529193283021
5.529430460245951 4.472924480034442 2098.714411512080915
5.255663715890472 0.640257163874400 2.893256673868338
5.071881869697262 3.940322782167705 600.611975416813834
9.873800731868895 0.255451766289495 1.794910449276212
4.355325512717390 4.415431385778613 663.058273713377162
7.855460293387281 0.393876225439660 2.252095619236814
8.225142150390433 2.389110939632129 153.595728375159950
2.948912765434697 2.864209447114796 22.141657260921864
8.698827177287402 4.892562962736820 39479.408634306550084
2.264446971737921 4.382050283852150 35.930396667860393
8.211638461482346 3.882094544895977 3547.341638355513169
8.258968189817887 2.622242860489306 253.747700511945055
3.856871256726670 1.157141821574646 4.768230049910176
3.310162358504098 4.898926369260513 352.130321469805324
0.367816842408165 0.399820315447251 0.670394888032473
0.396032624972292 0.443886368001400 0.662885102349641
7.497779345927409 1.767096286867199 35.163350243013412
6.867565001432864 1.001539523396598 6.887966974617196
4.518466889122794 4.380795678977678 740.256447798361705
6.956945082577962 3.315271660988649 620.649526932268827
1.030125253478193 4.651275091903851 1.148034909048426
2.546295677332587 3.189678440649715 19.711453632914861
2.361738937556170 2.521510513398605 8.731887546820369
8.117739321345715 3.655007126455704 2108.588217274844283
2.736305236114458 1.444294139350324 4.279511376440265
6.565419542564793 4.555216445721184 5282.110782553449098
9.969346575652510 1.396093700242861 24.787474493295164
8.325473150164800 3.513377169227138 1712.946116861133760
3.784057034655192 4.228253471829664 277.812344815067661
0.366141488914867 2.270712265020896 0.102134461541952
3.662783651569393 1.358308869977104 5.832165574924956
2.438840921649205 3.339317192202572 19.630367476884619
7.319327999039604 1.667207925019822 27.621881097740602
1.184975501882581 2.997976404553340 1.663332056898389
5.953338512576906 0.165601387848177 1.343697245570893
3.824134228618040 2.645942083265806 34.781548858920267
0.677397635348789 3.689263946697999 0.237649920610107
1.430897951730320 3.754944391988649 3.839740483841730
6.825988592186754 2.363206141188563 93.606319536603110
4.723887146498698 1.061507098039925 5.197251342377498
8.015378049688541 2.468840270879192 170.468445148457334
3.681781819815114 3.003446416734156 50.133152917785146
7.478473197042777 1.771420544173555 35.309388494107019
3.820608490665736 2.309656969945924 22.106829938427722
2.167582662399622 0.912504530888787 2.025719552009676
1.606702482130999 1.433686797078762 1.973544651018889
7.447412048854187 0.678744124436450 3.907225982133054
9.219308701435384 2.307267810278589 168.196698272501266
1.443950808359449 3.864588809181762 4.136227450989457
7.902818911059683 0.822425923928395 5.474686006833761
7.825477878690656 1.824269073000331 42.658368651536783
3.900381240523620 2.667496808922035 37.737766546961794
6.216226847670133 2.926640540279767 210.071851321337761
1.900947843004825 0.797353903369122 1.668929451885594
3.539624661579453 1.460656700711295 6.336333546023523
0.467503225544234 1.430308583918602 0.337046712522513
3.514943425797731 2.456852467493996 21.940211962911739
5.985577441084466 1.618879491156411 18.115113246233069
1.223105850150582 4.883967645553536 2.674062527968377
7.354524146725105 2.153888945032383 73.529620796332480
6.403668664197514 1.605857746559438 19.724682452998412
2.740977273860100 2.549083659567693 13.069458319215743
8.641918902470785 3.912707941258657 4620.427015842650690
8.671720830762400 4.451871434598704 15008.045405762084556
1.928632134361253 2.882153338349641 6.639456141252549
1.203088773819008 2.679971126049827 1.641328266104708
3.003691933171221 1.485006611593703 5.120606575019327
4.438622833631242 0.508490018212982 2.133630794476559
8.511545150087743 1.817719998519297 49.033724275732133
5.947086577631673 1.948331310413382 32.255311137603336
7.879561415945329 4.233151881660688 6237.769439473344391
8.348521342270946 0.805767894766171 5.528450130192669
0.841396909020395 2.368108260488983 0.664345565997190
8.116469935712175 2.315914714753609 127.648831399000187
5.314537402873276 4.205025164204390 1123.571069781189408
1.336279080122367 0.499621566898470 1.155848572740071
5.863656527424262 4.650511893863598 3735.741804198114096
4.023943813496945 4.840547251975573 844.979420368716774
5.050435770519188 1.569905317390835 12.710414251223190
8.340292310257114 4.818127409433741 27439.028822516676883
4.181928926577049 2.735238842118918 50.074144927795459
7.729795484598212 3.825835984043184 2500.259623726026348
0.989902792351980 1.604817988719697 0.983845364819654
3.963819940672149 2.285572033552548 23.282651851846573
9.704864138435561 4.501488458674134 27728.199032415723195
8.299484762988985 4.984665650580489 38120.852878973979387
4.867671695772906 3.520575270552291 262.885297877172036
4.721834112196493 0.827239958684237 3.611198227644953
1.160749771789981 3.420480164449755 1.665087731697234
8.057957839229685 4.575069231787460 13997.229140488134362
5.820834888750571 2.246027670152125 52.261047120794458
4.284356778083576 4.806151436375576 1088.774711623187841
0.718476375967262 1.566384803195084 0.595781084660560
3.896866118222346 3.391445630825929 100.781182951392623
7.640255997355417 3.711857098183603 1896.576503799122065
4.494945173305450 4.119933990814478 488.856548742695168
4.667243469454918 1.305228084287266 7.469241442107086
0.910969299299364 1.977181543041001 0.831632674315786
8.077036214068388 1.134261230932905 10.692045652095045
3.151567332836695 3.987721324194188 97.271388319296534
6.108821332741554 1.312429447225268 10.752604367951346
6.521664637235960 0.254552877555607 1.611748556627028
8.109796300508002 4.403378020115778 10062.697462035408535
4.648564091936836 1.133630806149945 5.708121063066433
5.581837852676278 1.629084956689158 16.465068026142454
1.067307299180342 3.899660671331790 1.289197250772435
7.588465386295001 2.861535770786628 330.059344767848415
7.253730294206443 3.912760048583692 2329.004244148466114
4.582296755730050 2.015459208423050 21.497415258954121
5.680360621197536 4.308478412642891 1779.148975196908168
2.212129669151228 4.379653258445058 32.370602492915765
7.388305341177438 2.501358599321867 148.779156850708830
5.883473485657144 0.944639478232344 5.333674051939463
2.093327979763032 3.505941111647358 13.330198123131352
1.730778453922884 4.901786705665839 14.716648599113563
1.022478773969190 0.676038546675326 1.015141727070649
6.448135971485581 1.857739047691267 31.894624640900417
6.287060337541229 1.541114897615057 17.001981332206260
1.051133942960164 1.774340800934747 1.092518451073376
2.594162357143743 4.547678403762067 76.335387174495736
4.902948920706898 0.990213099574889 4.827251556384792
4.713575148305947 1.864863674385422 18.018007656330706
6.276681780546983 3.789955786831393 1055.265769275392131
3.268700111697794 1.687377592322216 7.378107530371694
1.377262251938363 3.623552978403835 3.189584970062216
9.407382176888348 2.287754393369680 168.677632135527858
7.264791224972749 1.448305068775215 17.673144820442221
3.496351399476231 4.537395132680010 292.817072428045321
3.467383024764423 4.352680570566138 224.107001179207742
3.994135213571655 2.252752478933735 22.638967716316881
5.896909563730009 2.835886524485054 153.251079554926406
4.672035245515711 2.318157111001272 35.646783683374629
2.763924951127458 4.737836793092840 123.560397164779999
8.457679841248060 4.585193313961911 17849.505613165496470
3.039260684311540 4.407124076497333 134.158521999938216
8.505303568588852 3.813367363633000 3509.528825130990299
7.660078872949184 2.971574924911113 424.194787866690092
3.885064934509443 2.947554704325144 54.611446344731299
5.095922762734813 0.829922362470123 3.863136445166491
5.306610399532529 1.884840270503236 23.236175845847612
1.794367605380493 2.319663443347731 3.881405697967517
3.210566147869408 4.758966893586901 257.516563947511315
2.945822613596635 0.950050714293441 2.791065686914218
8.612510981459373 3.936085206116742 4794.579531064475304
7.860191904728460 1.177331561587783 11.329786030495333
8.129948026863261 2.859105992433415 399.979188267345819
9.909969592383701 2.439828912591238 269.306012795758079
9.247476364087635 0.481645120776425 2.919311077715520
4.684003122537391 2.489311933340392 46.706286470198584
3.433603399552159 2.733108514119817 29.124819498213011
6.175573239003641 3.388681735744261 477.918284146152132
1.368185644803208 4.835091402209033 4.552748513758587
7.084292502747650 4.001344641718101 2525.394799917830369
6.195291927736356 2.912826014800253 202.832780955147683
7.209131195857981 4.352991024317308 5424.462240426007156
8.751489360749407 0.502793513171608 2.976272577873026
3.572488350781324 2.781967821982696 34.541964331862125
6.526878564632375 4.242385827855116 2859.533607653509989
9.250530399227886 0.365008074546179 2.252467964635397
7.487216250111412 1.092036127537837 9.011341297538166
8.841150904568877 2.479772798811362 222.395904042679462
9.101036576459013 0.738370214288351 5.106979607010965
2.610978298347980 0.478288175652750 1.582530437856284
7.068851955754287 1.421403571019481 16.116381525471017
9.118704341973020 0.160585459246424 1.426104345676683
6.917122800212318 4.422885535817654 5186.737659840739980
4.959281305834439 3.173475992262671 161.025511411457074
2.624217390303342 3.239848967231632 22.776977826768839
1.708398131473035 4.448769548700018 10.832663457413460
4.990375762833331 0.409326216617746 1.930919823368051
2.900663205087948 2.911542212530924 22.211629952871288
7.416004046789325 2.829138964889607 289.622124271701864
1.784490847706086 2.121001377029571 3.415562442652706
0.259263705516813 2.063933009764360 0.061659811350865
2.414607159941719 2.752681248361335 11.320206202007441
5.532598080048063 4.911004676176097 4451.725638019348480
3.887100976763571 2.745356744696188 41.565521044615004
5.882981879294153 3.865449105563118 943.713155675664439
9.430542138237819 2.241983199300487 153.071669429178542
3.278198422945394 0.575733502758777 1.980927044244120
6.101922278269132 0.771371587306806 4.035400776847150
0.845251891336414 0.600917842022844 0.903908927097831
8.938901104549785 4.390968176555793 15033.439446686026713
4.013000156739929 4.511249619641230 527.715795787652041
4.656709848298110 1.810444813955663 16.200204031587838
3.090320373578632 3.230389435514802 38.273849619514067
3.325928950954308 0.588215773340858 2.027670766215536
2.696827997717075 0.340616132301866 1.402024384222085
9.978370015587558 0.615165506557663 4.117058211418521
3.900773080441521 4.130162587469458 276.406626424166291
3.170843643405113 4.371429876146960 155.185311643126084
2.819773247532322 1.601828193399314 5.262180925236667
0.549954325115722 4.418328096549367 0.071232439457339
9.841484994163817 3.488711530547322 2914.084135246767801
9.434683564619553 3.001268577634126 842.206392295464980
5.941684565822469 0.535955085791889 2.598847415755035
7.582602333299782 3.796236543265278 2187.753093610481301
9.613040697610602 1.906862728348070 74.848067248020854
1.597264939713789 2.600047385156953 3.379011969836346
1.350825170848252 1.709522219312471 1.672099586283752
2.082312349705203 1.550877284125079 3.119073157638885
8.846232782350880 4.337251886119192 12774.076040900432417
8.438828962337176 2.436116335703374 180.522426164546971
9.302651300599479 1.348845384027748 20.253530260673731
5.107495286098363 2.917314318746595 116.430098425220720
4.338205800783624 0.719084117592641 2.872629442386351
2.977793685295938 1.293036874227446 4.099804976484827
4.072452640699041 1.213627190179388 5.497153640770013
2.602090987534139 3.065791302639541 18.762557767245763
8.406920218575941 2.834161202558118 417.416970833670121
1.135652376410166 3.461611765770608 1.553238601429377
8.164351981047515 4.142909107968612 5998.032275891527206
2.266799799426509 4.777722586666966 49.895974444436817
9.922682928888605 0.364705767177984 2.309278890573982
8.409162388301842 2.883044326644976 463.556994267049618
2.710952717317781 3.314653135407672 27.267731331882306
6.158437375807209 2.114719450132967 46.720629323639614
0.746618078164269 1.002227713398356 0.746132231846921
9.707546874575955 0.749294885800639 5.490805971117988
8.038797129638281 1.566879071627121 26.201426799099355
6.765117489908940 4.881265638825618 11292.614545967779122
8.353894966031852 0.391852943861950 2.297443938655007
8.622622554582167 2.213153185399260 117.682873696043728
8.155077959779019 2.181233122218612 97.283054365184654
8.090682984324852 4.037848880150288 4637.746015232733043
6.325308118470019 1.674014042134751 21.929159723106885
5.702088958708130 2.777774227921840 125.919134131898176
6.522400914224198 1.537462921724366 17.869866964845173
0.419978303209156 2.236869643647292 0.143617574718583
1.459869289177878 1.596228870026105 1.829290616883708
7.143669125159828 3.367123123011607 750.340276473355857
7.325502782106398 2.177570596993115 76.426606309746418
7.851155663596903 0.395670002535286 2.259947628812663
6.951417339963795 4.071856411599783 2684.119342454479465
5.674340853527093 3.905788094156508 880.306424630874176
5.592402608499878 1.263345583644346 8.799848076049566
6.895618596353982 4.414856175112655 5037.095820691666631
2.741852031745967 3.847841296222319 48.475672813882696
7.450307095175539 0.434247440949840 2.391880087328083
2.624785439237626 4.273159164899692 61.780945054058542
6.500191712747106 0.898747965404254 5.377937334865978
3.913687720454459 4.152785753530990 288.990391271790998
4.018859127171384 3.387186839602556 111.226685815894584
7.995737035717188 1.582410700221458 26.834465871547135
6.848648346416709 4.791252341814039 10083.093104287463575
5.850014903970218 4.287711440205808 1946.918301179427999
4.062196820827183 0.204742142700442 1.332413498252935
3.797343015929904 0.141841943263370 1.208355004323320
8.239268386485783 3.812574004780109 3103.796632495369067
5.089921533710084 3.390089599726994 248.779108427834132
9.420042004127129 0.413134560790402 2.525892666223039
1.629883911060429 2.064442674970047 2.741481307403142
2.824225464251984 4.991343653059025 178.071198207791639
9.664805772276544 4.885386122893005 65020.282051790905825
3.168987094300225 0.970395211100924 3.062603861332284
3.963443815433472 1.948041723046567 14.624148384238680
2.910245790263431 0.287430299839849 1.359400558657688
5.003029046581021 4.946189052624147 2874.343914382900039
8.126791054400792 2.836098661462683 380.732827555732626
1.598147902307510 0.374938225956053 1.192185362087010
7.492387252790909 1.786576641085344 36.523807761895554
9.206430075086791 1.335581136039147 19.391977512443344
2.339236623825213 1.075009826284036 2.493207031338536
0.857453731669793 1.407629457934525 0.805351378626222
1.931270173187751 4.767851522127915 23.059885211785545
3.932355537266834 3.062877736645439 66.274849701393379
5.139283240180852 3.407855765082819 264.638706678031269
6.606214194612998 1.435606884874443 15.035908381625214
4.518811693661997 3.503899967401694 197.305606932234753
9.673925949286406 1.974317258287279 88.286141432200949
6.525486343239987 0.657552758747687 3.432819352856412
8.607222635363588 2.246054140724100 125.820959979395212
9.407351200316247 0.536643090295105 3.329695591468266
8.782088199706909 0.790694529649724 5.573109989607711
5.246588105006087 3.396864160122580 278.820229330251721
5.898039861088115 2.104954806801879 41.908767113277570
1.534400704450215 0.391758541552954 1.182614253053642
3.707867691250009 3.856588775460650 156.631141244996286
3.262640062382315 3.616622312815351 72.008820956807511
5.984847494325981 1.353914672590862 11.273624816381181
9.819846603462365 3.817202655931571 6124.416387677470084
1.171212485418851 1.240294171796926 1.216545763096722
2.256919362895548 4.048096086394203 26.981550830894829
5.169480075949150 4.555032958901996 1777.354214085383092
3.801853477097518 0.106335971769442 1.152588738239438
6.535669573660016 4.197280506574574 2642.416001235679232
1.330197741322389 0.455944881333556 1.138935054137168
6.887555022746298 4.820555759749889 10963.253463864033620
2.630209390817479 1.805049669277331 5.729324167189945
4.037371042185249 0.856374369644529 3.304055707839189
7.615557036045426 4.536509766186430 9996.506664841597740
3.368366270697215 2.037921066918259 11.880615005829469
5.667859699913496 2.810477728329988 131.059219216076741
1.458288415045922 1.047497264841967 1.484654983005773
3.956977857150362 0.711408881014318 2.660539949384584
6.753371886906235 4.045184239124169 2267.586812091208230
2.203995536010310 1.721262648980564 3.897227665225440
6.489337134815666 3.481495273065081 672.468018729051892
9.003942084443850 2.172215280867731 118.367719361718898
0.568268662529579 1.063943033214861 0.548099147856840
7.175282347556879 3.827865192802172 1888.149163559373847
4.823458266288694 4.643874117866514 1490.839766857600353
0.750527259709244 3.568527034175231 0.359121892926576
7.852937396886990 2.483395024994317 167.000723252824145
7.588113999385073 3.012106783544998 447.772203798286398
7.688508937828552 4.494615422101628 9583.401205857979221
0.341558530743200 1.205278797096532 0.273965212887767
6.211808575263324 0.621460669844654 3.111385542312602
7.766846330839011 0.152037305391171 1.365684584539000
8.815861718178143 0.732981363198349 4.930165056948195
4.330745293781971 0.107545239927125 1.170736832999856
2.468879299776542 3.500439684354098 23.654952502234959
8.098438068226018 0.250150221015349 1.687472784572007
4.341240412126417 4.739242932092885 1051.494174986315556
7.392047271381651 2.808187200230040 275.203536320638364
6.000473184467364 2.669095307489114 119.412905204324673
7.160311152584784 1.377788829355588 15.063143549506428
6.068209238224980 1.255442903505760 9.618067200602184
0.386974416671664 3.750552604102234 0.028417155579462
7.640898736933099 0.979894347012629 7.334799528316919
7.533133100240017 1.788009442704458 36.986286287536899
0.247027422074936 0.895567345757712 0.285865931198848
8.014332875602982 3.143653879430230 694.138584613311878
0.775884699883176 1.419323832433508 0.697567956008504
5.104237076536221 0.484942804990803 2.204479000938863
0.568524192610901 1.533709455757856 0.420587291372464
2.195025463529127 1.361088689996108 2.915610644191514
0.618967250470242 0.559133719168416 0.764740992118754
3.647395022198916 0.396700624233833 1.670855636223324
2.323309539618880 4.804451803425722 57.404217318257174
9.492251913979555 2.104364368465148 113.957007423393890
6.722144344062952 2.389585936845125 94.929475707879860
2.744963824008019 0.567509743138213 1.773674031559587
5.523219955742329 0.848087726975349 4.260339547777125
9.389897301789908 3.111324781632612 1062.340608685586176
5.502774669401460 2.080102030621994 34.712473344752723
8.606149862913831 4.474990397018383 15249.684903598057645
7.764421852864266 1.151415277609746 10.589738678999316
4.624190749439620 2.117026052462556 25.579849715439291
7.723312512751402 0.288003459712281 1.801733322385105
3.497045256605778 4.999781386439025 522.862389266426931
2.120385818856350 2.028666112049018 4.593955963520089
4.476345350480899 2.628090762237221 51.367243465860085
3.564610188856845 0.171080199783940 1.242906132382450
6.510681264208002 4.137537725042979 2324.930994876024670
7.697066365983257 1.225299879287944 12.190294530451897
3.273525285115871 0.206360785570980 1.277259214234195
0.697806382668028 3.250471517531407 0.310502331258018
2.824242233711294 2.265068541253044 10.503252513461552
6.669640734086918 4.289684628284418 3428.779624155946749
8.613747079552576 4.419404495933775 13582.891782120534117
3.718235060484746 4.321802402967475 291.664204965815884
0.159328510606386 3.945254205809724 0.000712598758963
2.481700318232654 1.106183497451682 2.733160914927740
0.296863563353680 2.666274203461665 0.039236662454058
4.023084757202127 4.907184451603195 926.154453172767830
1.153270750557422 3.021351181193657 1.538566026695551
5.652291316796600 1.256051699248323 8.807099604590301
7.494370797626217 0.943698189271076 6.690922544665076
9.952510974552196 3.428849981071022 2640.957425158968363
0.669920785123388 4.757421208432485 0.148703189352969
4.072613415542619 4.957679037960844 1055.736453696628132
5.724482436366256 2.570044612841679 88.596366029406425
4.913104600536994 4.883942544893043 2379.814097771386969
2.724819341497768 2.264539676925414 9.679201360961004
1.016689092462959 3.103334961754957 1.052706444089608
4.548432953153948 1.330257006258592 7.501105350485620
3.717557875622938 1.021621080761154 3.824611504270938
6.845772044349586 1.978443804340452 44.961038894282318
4.697817119382417 4.899923651727097 1959.925765281640452
5.414402223863630 2.076733198683845 33.372497426761960
5.843903692343271 2.241904621969371 52.344988868433276
8.629341682493587 3.228097671348442 1050.575629500738387
5.514910501230719 1.202286814723342 7.790080109002361
2.702159688338567 2.902587483383758 17.909315044990674
1.324574348513148 3.456978649626655 2.642501862628915
3.410282212290702 4.145673419124100 161.724071633482993
3.678375142624068 0.425843869717260 1.741330264233880
7.822029306612695 2.957733636630998 438.733657201936467
2.219421493034995 4.016778860836028 24.590573590175907
9.902384610070726 3.817259709055660 6324.080398864183735
1.378188174405906 3.341909489565308 2.921167512352290
1.250273836035136 0.539310767996578 1.128017709959697
9.785689848205532 4.076517267941818 10918.504033732480821
7.117865756987140 2.789629727899402 238.638395838673574
1.970584741646454 3.804826540536964 13.209406797079223
4.722767825202239 4.413283375804417 944.975673322747411
8.990886447882451 0.224498372558446 1.637295664550423
8.851161184456105 2.872019470375836 524.569644150326894
9.800468032521501 4.970721462422469 84569.122616048683994
1.491396398099011 3.153392375886777 3.527013533833879
7.243852059836088 0.512667829303029 2.759807139708780
0.984664723612407 0.164609244309817 0.997459348851015
9.761567192498854 1.058333322062211 11.149143634625037
3.974115658721527 2.561841980885011 34.289367583287230
8.103174725175304 0.444375698901345 2.533869775048721
4.264545295216862 4.468508486958431 652.516723362309335
6.974997173162001 2.250525189319641 79.143836917485288
6.381780190957437 0.526159649998675 2.651721547546530
4.916434322377029 0.424434111717208 1.965893361036043
8.909657511287278 3.682331094733474 3145.594471177063951
5.194041714139711 4.287123494763697 1168.046556105436593
3.898660946658099 2.717203836846358 40.330887235048806
0.572243521265957 2.859895872772881 0.202631319251133
1.706630801665777 4.062652837231632 8.772078748340498
3.555668442000521 4.833437616246180 460.090777780935525
6.202582328134205 2.642712580095137 124.320118490600549
4.582741712524604 4.712857228706103 1305.538036907805463
3.343107257938697 2.226279255159802 14.686048654231948
5.444081264114709 4.242297826095079 1324.376078919688780
8.580030841440248 0.837874352344510 6.055449194553328
6.279052644738175 4.993376149911570 9642.407699261768357
1.939256268684010 0.200772520112801 1.142218644176076
4.200048103792124 2.686688057504745 47.259572538570772
5.335207635756269 3.599571112605986 414.412558045328126
7.212473111195226 0.194549208601035 1.468722010749514
3.001844484917276 3.757153398678358 62.175696297449313
6.628713890199625 3.880966536715012 1541.485791172947756
5.779779239317499 4.770728496185669 4313.916307866320494
2.890502560874450 3.670500009570784 49.204261362398746
7.311359880897110 3.177073988186761 555.886445146579149
3.274848525222036 0.967900882445746 3.152492292970003
1.835479450394367 2.067314882676600 3.509565253275196
8.059743574003592 3.610450096406365 1871.662559903724059
1.458061349818423 0.626452540331542 1.266478334079092
1.617382214791823 3.892390897256683 6.498012004963766
4.611168048626725 1.946980431194907 19.607712454371374
6.094441750870918 2.229322651209717 56.217430417626943
1.917693918391857 3.537440927212693 10.007256632107230
0.466215203733251 2.422773257190759 0.157420058996889
3.570802849063349 0.893285647795762 3.117294408870900
3.007220889992853 3.061441359893145 29.098802499914886
4.608533126749591 2.443573983284061 41.827757668025107
8.163298601385623 4.418370386979859 10689.572301444844925
7.324153640167769 2.176776534426895 76.275263465462146
4.350773041588140 0.445152455742140 1.924240778472646
8.533811138977134 2.678047882144351 311.634558332445238
0.511030223610670 4.450403233903556 0.050404550275817
6.351764192156036 3.391382512863554 528.350246856103922
4.794422715789256 0.758912636583618 3.285635613263990
3.353236325093104 3.565486935759389 74.736990436940332
8.544943720547394 3.407817039146836 1496.561298478380422
0.586906127827767 4.510504534571527 0.090391546997780
1.546463471668682 1.236620925467693 1.714515411305858
3.955768250738098 2.943796140783833 57.296203124586604
7.685879343725327 2.081104215254005 69.698046559454781
9.870231192917220 0.488661082151083 3.061181406883877
2.906457090701131 2.615498915252261 16.290252605850114
4.326076834574801 4.592432500270897 834.103240817012647
4.091835596035223 4.187582847650124 365.138862504106669
1.723582028952583 4.494146866226234 11.549413743756521
5.017874274730428 0.536870988807376 2.377326024728598
7.538095139266610 2.419465835323085 132.588087052704225
5.848655222574962 3.190137992516732 279.907511657718089
2.257427692788785 2.355307561089448 6.805646244783191
6.015350449089476 4.559582809148828 3573.590283695208200
6.102706883689081 0.972676313134007 5.808435083528406
6.029057802539887 4.228529929846928 1992.086268851039222
1.247297325259474 3.723390265906766 2.276846384683239
0.106844049186065 1.871013396648159 0.015232769554958
5.541171284372258 3.191254399631759 236.059671051941194
2.790776141083231 1.455766659837770 4.455245052239010
7.046846947314688 2.736436134841087 209.162449716448123
3.317512768070285 2.121278869178560 12.728838301893150
6.803826554877897 3.554449241774586 911.966952654614147
2.239495965759486 2.103777986002788 5.453037197424520
8.951512775531183 1.692377276312596 40.828920489254351
5.798124624245604 1.655327758008646 18.343874136838107
6.072838434236035 3.840076701172646 1019.258445869183902
3.168082050205749 1.673645787678575 6.888994218260992
1.232716071274030 2.928227403701369 1.845303037138019
1.406104689879985 0.816237666816354 1.320740777640175
9.277476995229561 2.162458570193406 123.602441196286364
1.549784877606487 2.767972978235282 3.362529830883056
8.846857422926261 1.137565290764760 11.940825071394702
3.123021758121111 3.882588703048616 83.220696560996430
7.214159784250665 0.402719573294362 2.216196179827713
2.719085948158984 4.882250175427141 132.117836448051861
1.272519732522119 1.919348668069317 1.588136099307522
5.928778731940958 3.642318964071655 653.711252609285339
9.887738157252052 1.423547061517392 26.095603751556258
7.970364320134273 3.989507347533926 3948.696869991281801
0.632582827861585 4.637999006328301 0.119559114870317
4.096752130480882 2.337974760654882 27.031399652604669
6.340868273066181 2.376666887383717 80.619542266233495
6.000875423060738 2.091030818119041 42.390714304070727
2.994666287854097 1.478673393760000 5.062485064080670
7.979262610086632 0.416220928314864 2.373645053986882
5.477459944442280 2.352687177360519 54.657005922867533
4.128835762492213 4.564552238366607 647.108769802399820
9.134095958941494 2.469260689610020 235.577455925761569
4.574397878754143 3.587787159038806 233.957848283150071
3.038749781129999 4.292565135404447 118.031920318809711
7.494725368632261 3.957336098671816 2895.358879204286040
3.774615404011782 0.573319474226429 2.141570410013530
3.989841903737605 2.182873540873166 20.502662792917121
4.200860785995667 3.275579131860582 110.101666684474068
1.771156667777970 2.334957750214263 3.799002294376275
2.414011128838332 2.625028370294125 10.108842653085695
1.407738042039256 1.603797952516427 1.730609303226627
0.681377024268224 1.497197078903523 0.563051642391249
6.052759193376025 4.340071867683306 2475.904766516298878
1.413502103813476 3.099977876312966 2.923584821414715
2.518282991981299 1.728853048036470 4.936859791974063
0.722945279711207 0.863376134825846 0.755709684307105
3.921212967649618 0.277802787446275 1.461685200048701
8.132458528150941 2.617509969942147 241.276367744275234
6.076541174260217 1.294043921200416 10.329656003647466
7.418955246167666 0.481099811559088 2.622537661133268
5.405565915360977 0.245686638803389 1.513733015302351
8.910481501235592 3.934938169657221 5467.671104804874631
3.359090380514264 4.520950800530655 239.343902101787222
8.046850010476584 1.164985781812317 11.351187685423607
5.803759633062979 4.997265210822050 6553.276665326667171
3.520326607516292 2.473562083464058 22.490902390909941
5.012837637404640 1.513466394252435 11.469726438142358
1.971510578390156 1.736984586060512 3.251333456354836
7.132655533720420 4.257684593446361 4294.125213747704038
3.972036047472604 3.581994713113124 139.849863927254631
7.222394922575163 4.275030220427036 4686.927297199820714
0.623038742515782 3.621997691763791 0.180191374197068
5.430794003031378 0.157055098625448 1.304409739152499
8.428299711300768 0.372484985751383 2.212199245268965
7.509617933503250 4.717438597276069 13510.561672181898757
1.879648847302778 2.970691623954659 6.519246829667103
4.134861775340382 3.777561612345769 213.166715818614023
6.286480949902614 1.810546064054305 27.896758618372040
8.416989238608169 2.434156381005383 178.638992123217008
5.871764656327358 1.988281967504888 33.769826166118747
0.261459116361272 3.839371201641527 0.005796914376111
3.772521070905985 2.885353207522045 46.109036852055794
3.015017989942856 0.782849345837699 2.372530426849348
3.424690584606452 3.230245463478126 53.328351332437315
6.725222822131101 2.817294266730622 214.730274220778227
5.697474416377198 4.685222155899293 3471.681275276479937
1.599076424339804 3.976154172131671 6.465698528793998
2.310530622898693 0.952181140822870 2.219828632874691
6.682492917802159 4.520654122887808 5361.195736076541834
5.573426219952093 3.935797837172613 864.144485691609361
3.709173114455444 4.844706940595936 572.770619979279445
7.316737061266867 4.351126076458906 5764.401033680627734
4.624436734250470 3.497457794904196 211.843543498307497
7.939943979473577 1.442554425324629 19.862578542406823
6.068755800190763 0.818669885569807 4.376229717431531
2.008030135142833 1.821903462821436 3.561378425043022
2.687797137563307 4.586278151849990 93.181935542785013
1.288392527542954 1.991036347965345 1.656189248090380
6.305618069193703 4.383828453752333 3205.301450228595968
9.903796965975763 0.356474187226574 2.264527566476831
0.235131898798788 2.571460843797405 0.024174208884822
8.904680251160814 1.910283438757744 65.168866595682672
1.571177851816627 2.248742971904766 2.762233405681489
9.233349377745094 3.081532481636614 943.595679910328613
3.374805568152173 0.367789108284188 1.564170674239425
9.215065630853317 0.787969829794606 5.754341945863121
7.463134043193447 1.170581361993419 10.515388829055217
6.578787301219756 2.519155584856230 115.089757713433784
6.570225709816090 4.163915344192725 2537.085550190018694
7.025427612842884 1.039823507132824 7.592595132441729
2.900943293617478 4.441165644091782 113.295687579092075
1.505613265284173 3.084892057868698 3.533676240378319
6.403247729398797 4.831944451776249 7879.188229336047698
7.248394162525789 1.362867247608092 14.872890375895171
5.233852281081909 4.177706177510791 1006.989305832542755
8.226196076352245 0.250567602694261 1.695583702888046
3.153279656304653 0.607843056595582 2.009876238264122
3.112001964867354 2.992309209095791 29.876362557934179
9.866799425901744 2.919639315475636 799.164551427058996
3.929131917370076 2.853702988551996 49.653059341481516
2.816633248471022 1.481715091368901 4.638442473862490
2.217740559708953 2.436300229542041 6.962134570092385
9.378797565290743 4.999965312971332 72560.804499963007402
2.299499891926670 4.363674295424703 37.848645646513098
0.234685519820534 2.777184732504047 0.017853532055046
1.495865494793310 3.336499605972687 3.832912503924640
4.800276179881092 4.712773455418414 1624.251889354363129
5.178433512425202 3.485727358636687 308.674617256735871
6.305408876614075 4.371725467537313 3134.200664946168217
5.366829542552841 2.344623985559700 51.394170467061393
9.044688879121333 3.369685228210239 1670.111612823939140
2.246112777009918 0.856167066450277 1.999328359833506
0.784951994970002 1.629927718263270 0.673909921070739
6.416562202723131 0.351669519240863 1.922665130293979
7.604424582703598 4.751853285403227 15370.856345158172189
9.904748326514525 4.854490683719129 68283.020757848527865
3.146303620484159 2.603029687725218 19.760130959586505
6.438687442131004 1.050631743861538 7.075353829471551
6.810187832380429 0.554562634763826 2.897603118314375
5.071609329310569 0.122557149658483 1.220170886315763
2.411179133771894 1.889738443636705 5.276108722260557
4.809151460944586 0.393964560385505 1.856567736788164
9.390669855145564 4.149680066169314 10873.755841692309332
8.633764234845481 1.471617295591737 23.863183699167784
6.056281687387456 3.207904173371835 323.029440944583655
6.804432347754620 1.222137423005192 10.418043037471175
9.284858296330437 0.545311045619112 3.370843190353842
1.807423731592663 3.990000032505341 10.608874936834102
9.458704385095823 1.067945748206971 11.018824458236928
2.886836826435975 3.029821856871025 24.831179907360664
6.852747528727061 3.850389448643327 1653.502071669797033
7.539818264835218 4.988473115910092 23806.258934264202253
9.831376532155907 4.533457435783101 31620.942672958666662
8.743879417023503 1.610486908155440 32.855056679509211
4.873840020854283 3.326391402928921 194.146282053380418
1.479168149924001 2.113166785729660 2.287048807839142
4.151727133442089 1.070381680746886 4.589240151217949
3.744542402080337 3.319226758833307 80.027727318460293
7.704668690174733 0.784028330337762 4.957243285190168
0.516311181866432 4.645119023651625 0.046391657566617
9.649054290031181 1.224528332729842 16.052011768149175
0.835255024513551 3.675260261180667 0.516017978905768
9.040775208755079 0.379579759251893 2.306515186358468
0.431074267426346 2.958435760953495 0.082955628952298
8.449266613517789 4.552126344776712 16557.594865271621529
7.744107370451082 0.669508436948874 3.937076283076042
5.411726153410684 2.257474420285035 45.236275184369966
6.523438509696004 2.153233591545745 56.722885667337756
2.358634985964175 3.139371403262700 14.788375121875831
9.826361268231304 2.994773732545736 937.544026854477124
9.853338419495703 4.734196849041982 50561.435740655928385
1.804819168881460 0.522274657043011 1.361221562936348
3.029918462634924 2.542186115455726 16.745073376928435
4.536486583794600 1.937149060338257 18.713878943122122
8.476811136277457 0.865594326696653 6.360229576394216
4.272426360933343 0.459839064143716 1.949884160589599
7.794561734861381 4.240417717585481 6047.408831442179689
8.960820858977010 3.162695164324629 1027.982606762392379
3.280070523105985 2.016874664393139 10.976698064648215
5.434068286981299 1.354949797316527 9.909633527446099
3.389914327249080 3.674348157914862 88.735613407795014
0.548229114923212 0.216421841415157 0.878022603020086
4.879937742342224 1.609461291521319 12.822601289806510
8.362294641885200 1.626583053723961 31.640181963275520
3.007481407216050 0.878178129834194 2.629949282076918
3.135816090216533 1.012158354313903 3.179694461910010
3.359129043965569 2.257178663968424 15.409468255964660
7.450075198907795 3.790793136120426 2023.860759271819461
1.109600859643993 3.207594640725330 1.395972091823801
1.566389634910556 3.021222805286928 3.880035708688431
7.256170878171288 3.135987094666142 500.227561844902993
4.824714933687038 3.957061497351960 506.453274802718965
0.870761543406547 1.444909384422054 0.818766091724021
1.002351778685393 1.569176947941530 1.003692825981982
4.117021347716149 3.746562629500588 200.712373227238317
0.882965550207789 0.314711158378421 0.961585482414837
0.341900507720850 0.191242387562144 0.814445212066786
3.746617415909086 4.163765703059996 244.624438257538856
4.664526406117426 3.326264564668800 167.737773506536627
9.921757280797689 0.769693566224659 5.848814296618029
5.856726432614689 0.937537864302279 5.244517895752286
2.701135344734779 1.020816707245117 2.757590153674571
9.505123272077997 0.639591683140955 4.221761019862772
7.743608267643397 4.850856985080019 20518.101750666504813
7.959671418602648 4.251700053973829 6766.061107178429666
1.688375146353313 3.728636554523422 7.049349514838028
3.648159877014299 0.852926401101276 3.015835414661712
1.030564264206350 4.858006362146712 1.157494180108600
2.958337963794365 0.377242639831859 1.505564308226284
9.518355369839062 4.719482755860256 41524.659938371667522
5.786551260824068 0.917629534883834 5.007476626375936
3.139836847353119 0.954275565203973 2.979794308671440
8.201937379624102 1.975821505425334 63.934573808790340
0.401663161471693 4.554295843206643 0.015698941224697
3.845099678461851 2.833808033706541 45.448113782851294
9.490275583048009 2.847353957354092 606.259736683936580
7.367176879848642 0.749242485321905 4.464972922270810
3.082536288521219 0.994898113907735 3.064882603070019
0.581164935591616 1.947004651396252 0.347608063339825
7.787108218010378 4.192196667439101 5455.372092171861368
7.718185780134196 1.507590876617699 21.777592176506982
1.862635536452490 0.869437115712509 1.717351559118958
8.233323217885150 4.152930627099522 6343.371461630183148
9.187816040966149 3.284990906257270 1459.296756488799247
9.641364130587020 2.959666294780557 817.940108266489119
9.798609081036007 0.731426426891459 5.308402667383803
1.546098711963798 2.210650388039582 2.620217423416921
8.543518889027098 2.422561092639641 180.695370256196867
8.965031853629547 0.583406380320846 3.595214604625409
6.150587816397915 1.435222123397696 13.560340404208002
3.420054058959461 0.428297809506713 1.693265857902582
5.755363967310787 4.347015580621590 2013.948105392495791
9.611425960023016 0.180455783840751 1.504352968219373
7.201887953375743 1.373896577830261 15.067549266720174
6.952449965131318 2.566048488447969 144.866048357596469
1.376802549431522 2.263415018653125 2.062168764349946
9.761635985930821 1.201121664708216 15.436080791763500
2.012368806457046 1.946516844210817 3.900963743143469
8.544872510986322 3.373305074864369 1389.719612114618485
9.062071913364580 0.204185865356878 1.568383722439247
6.801224966844005 2.330058021542325 87.091615222901211
7.453001065736293 3.388007032454462 902.535272366853633
2.143070643933616 4.926144835644777 42.730077684449931
5.696096890908159 0.860218688703825 4.466442761438620
2.549833600468830 3.506868850671725 26.643035793444728
8.427479788527434 1.253462651619444 14.465302438615169
0.802527060002264 3.356168809080381 0.477914904707708
7.999161797406135 4.526758194743028 12242.327850914307419
6.496172827291994 4.326000357494083 3277.607470284132887
7.126526399257837 2.261768351511460 84.920440445232870
3.602279426260738 0.944109289779649 3.353280563475684
1.083738030894307 0.297915931460692 1.024246549451698
4.055596019437901 3.838856492482855 215.891074225695604
3.053639091011693 1.716150596733904 6.792352190645257
9.489204609042291 4.892320153743404 60383.891731521252950
0.843606346661085 0.323594293504112 0.946453481666840
0.458808443907811 3.349685646231842 0.073548118025716
8.563241756295866 4.558572348365673 17844.267825838633144
7.429568253307512 0.346771297406428 2.004588199825930
2.006051120254722 0.501568921916625 1.417899172213798
4.052106500404382 4.119335149055930 318.596565745059991
3.026360420847184 3.409809010375149 43.636264015749951
0.197891740161190 4.274839512090191 0.000982519533536
5.063623277014513 1.481130634578655 11.050943081699231
4.894427707564818 3.888092955767529 480.424525374183077
8.904934900970371 3.680650342940646 3127.942361274603627
8.685242411346396 2.524681495547205 234.490581402106756
3.574943096586718 1.069639076930748 3.906594057846755
2.755735949840595 1.691906322237680 5.557004926837311
7.434373587941534 4.514938366991526 8582.517227266209375
5.249347099913495 1.515010846947509 12.330120639960072
5.414193521412313 4.576346773213183 2274.599417459672168
0.574763440340454 4.289796669727654 0.092951691028960
6.124797820804045 1.591931444342809 17.905898482547684
6.981751862885043 1.099501686374081 8.471109421477230
5.728050165591561 3.867571201594006 854.368681049347856
3.352415951237700 3.609718282240780 78.776015550569610
7.323011272450989 3.173717281095658 554.984241984317237
9.104195817169771 3.823377390565665 4650.960036977534401
3.503635837262510 4.149978169637486 181.861930375026844
9.519526578621075 2.429183415610430 238.361538728131137
2.044810756761488 2.837590850977238 7.612134516727573
1.156738928824586 2.264177718874020 1.390516267591290
6.339425210121391 4.939679083491721 9159.442252754695801
4.476781933995454 4.564719496562978 936.433450785596165
3.281511715880989 3.760580846177468 87.244457397557866
1.923851804074612 0.688335620860268 1.568936783101765
4.096817454891292 4.849138183548687 932.906797203028873
9.146800897977128 0.991644213789716 8.979188020194698
3.035549150921906 3.420299546836002 44.606270483209371
2.934411763235063 1.192809204975720 3.611298752591237
6.683212549865450 0.497668563156913 2.573767044249816
8.119513416860494 2.164338664999383 93.010280510416607
9.862412867161806 4.020066360619615 9905.544244947706829
4.296597526493758 2.184025129410106 24.141274723211279
9.933060702404347 1.695979890679655 49.094503144750504
1.552065638780890 3.807470343498058 5.331930547083488
8.242498107897051 4.424461755799854 11299.712009646569641
1.962204486235689 1.094509506972897 2.091276129975061
9.651636258150047 4.952933891513278 75277.189528238202911
4.932238631805944 2.395564623686000 45.733230684564475
5.507880275792775 2.711417010571073 102.121680940567543
3.116932185145536 0.345720782591367 1.481466403407930
2.184558843469069 4.610160325564189 36.687767418064567
8.356364928073809 1.049971055773969 9.291623002453836
1.683649970902277 3.213229157383835 5.333335491972885
3.838785961589367 4.502644264932882 426.989606744687762
7.263390960552097 0.899302846438891 5.948741985051734
1.454863378243330 1.701368600046625 1.892433375746136
0.548297680501932 4.732677406183774 0.058190066552511
7.941873512062455 2.567939768523138 204.619949308807890
4.892921174556697 4.437154922314008 1147.416308949481163
3.944201982475778 3.550303153232496 130.567665438882898
7.005595238477419 3.055312635216539 382.911947904794090
8.736906677782958 3.321239774808927 1338.057033282872226
0.394880758011895 3.261581677170308 0.048288176682200
9.272354861904006 1.114527242615620 11.966293563481972
2.317059443212253 4.276643431637824 36.366891002784683
8.242708412255643 3.223957462112251 898.194742666702041
6.050259178949730 4.748253578654257 5153.011295993270323
8.320978441621479 2.108343760006484 87.105173002267975
0.743621678165239 2.574948333233519 0.466378106351394
3.393245065910118 3.277476779434485 54.837681254635704
3.031976851208729 2.133702888679037 10.662521115616707
0.612715092925507 2.249174581862231 0.332282448482381
3.085154200589150 0.991771682657604 3.056686861146737
8.735031198537207 3.869910799024356 4391.465753816160941
9.650413050713899 1.767732551123515 55.006478101111362
1.809354640366730 4.921681419835027 18.511840615555009
0.303318818636058 1.831241040041031 0.112520806807846
5.461635856911568 3.462940774702771 357.523821910490256
3.488578416748213 4.410427454006440 247.349932517037217
7.180373514348873 3.654673824356288 1345.668738609127104
4.923300332675352 1.035571511494012 5.210518395939942
6.383042470580448 4.551833280494239 4616.916623495524618
3.869448125393116 3.743872695398993 158.519667743008910
2.512963343122965 2.643557329863941 11.426547767410781
3.744207933380406 4.984691472828128 721.144838052972887
8.243324167046596 2.079493652662978 80.357993065464342
1.242541781205078 2.257644176664168 1.632753721605859
9.729543563268857 2.118981907334438 124.093793274658310
9.278656365068906 3.921375197901738 6221.169582483179511
9.110973873576103 1.151191975522952 12.724575391721396
3.629495532815040 2.898871425168573 41.968393340306086
1.232774515236878 3.908381559254640 2.265729049923979
3.483639972883057 1.970655946877187 11.699332324715064
1.785089792282805 1.292439933042203 2.114732888755574
2.346560614657658 2.786750163889550 10.772110890156172
9.672161386988455 3.861269626572788 6388.105644704896804
6.628113567230828 2.348770123695566 84.968148240723991
3.605358175339381 1.663043810115624 8.437807560683448
3.762007000857603 1.819878503736383 11.147917847331790
2.382537416761321 4.760126778947806 62.338581308111252
4.564774069090690 4.609277660219591 1095.081871245655748
5.927219148380945 0.520634660136523 2.525649087902649
6.025127215806062 1.563336987315561 16.571050558258815
5.102157882572926 0.913330060974572 4.430093645212933
8.089093777438089 2.954590097009321 481.362180438967300
1.653790476702975 3.456037538887314 5.689534872441988
7.731601330526913 3.430215804633328 1114.181423977793429
0.249087576578524 2.290896981076382 0.041409956416118
8.400966805709990 4.763302584428372 25284.827464740912546
1.323178910608031 2.882059260507365 2.241361598062827
0.423999164124836 3.970866776297914 0.033137219191024
8.054643968479775 2.113445897129778 82.201536959812060
7.621864802859133 2.434306831014136 140.348477006233935
3.126844335894043 4.277253083679187 131.127802342897468
2.954871949334338 3.427250717241703 40.987740512290493
3.089498463291900 4.194815245005296 113.498358812683307
2.928965560052471 2.942279064146404 23.615851603842412
4.630721977786292 3.823049075511922 350.596579880002366
9.388979318167690 4.750855005932797 41760.809729855158366
8.148558905281400 0.573942360712545 3.333556885402130
6.023559491311179 1.107377856469578 7.304528188587853
5.266896770994983 1.819404473417121 20.549442432336559
2.305782946400688 0.180270968688421 1.162533906889105
1.690502423377540 4.093778505419417 8.579187734779326
9.033447569703888 0.858026928382609 6.609187409010219
2.924319024033397 1.259739602938213 3.864291084411317
5.007616425196650 2.157210831417982 32.303657009543542
1.844441421496770 2.713200516456115 5.264349252571280
1.434229979981112 0.970263293782465 1.418931628066330
3.430824917531785 3.151088400478801 48.650597485364031
6.496829731890140 2.681186824023936 151.009584769644107
3.460141737562313 3.805691603964920 112.622480297366891
0.678114608302945 1.627798168913716 0.531368120782583
6.934266981904429 0.673459044199816 3.684507394742177
8.316880955276998 4.235307506721820 7876.178477118771298
4.180898733902320 3.281925600298622 109.385753895825729
0.958516788849467 4.285094936461117 0.833975075026755
1.791714240452328 2.723571509066034 4.895482915182029
4.203089180708583 0.772465592493279 3.031693494748586
6.598440844773179 2.539561206516199 120.509533855602200
0.473755843303657 1.660972881864936 0.289137855151506
0.863112233239422 1.414923579890799 0.811970172313705
9.266456771246375 1.183402412675114 13.939526127886614
8.462910681115776 0.506665219474778 2.950815128647658
7.570755550619853 2.861788514927609 328.027710842775605
8.703711762605982 2.474808716868175 211.635680250997126
5.094409967300369 4.987895462702802 3364.421601682059190
0.788004217728779 0.764299714489424 0.833521476264232
9.512270415688064 4.068644033034871 9556.307676280182932
3.792503379802217 2.521501953888792 28.824579530928489
8.201193853696818 2.206772124349779 103.924623500024737
4.054160708491185 2.630354029399389 39.718673923776045
9.282936304226352 0.500672280692369 3.051358543082948
9.874847834643676 3.976760901864898 9015.911887651602228
4.914659961538602 2.299059671457532 38.885237997183729
2.609198599551736 2.884968551985283 15.907795201463603
8.263493320589712 1.379221793748130 18.406539045408376
4.110926619366764 1.536044341030935 8.770788525340718
9.422044263304411 4.521757693099282 25400.851862162129692
0.268336344256430 2.251931190357998 0.051692262799704
5.478012148558840 4.934977135195401 4416.594958466065691
8.894968820601944 1.289852291783448 16.759309387700227
5.793518372536944 4.566139550428057 3045.800229368891905
4.815130986996471 4.393572392805067 997.902541828507310
4.251145434266626 3.978997417607123 316.828034066002374
4.756274879265674 2.509092477557231 50.040933081280969
2.875017876203607 0.592948381463730 1.870467520844033
5.896807233380735 3.070837533663703 232.508800444542459
1.118055811378711 0.141563288182889 1.015922666431440
8.059501906430960 4.615900666807704 15255.576905307560082
7.539801798244820 4.773972791598987 15434.495273685382926
3.698804426756191 0.824729659720449 2.941013779641549
1.469340293227368 0.470641971267024 1.198546285409354
8.693595129809944 1.193069745850926 13.198677043295634
4.270420114634505 2.434593764281839 34.272027400350801
4.307167503974926 0.595296299585705 2.385239588942301
5.842381868544028 3.516201631488825 496.003564022866215
1.656665762928435 0.809107480050058 1.504473682593948
2.014748181552112 0.563373656433467 1.483849890364971
2.564334404504450 3.156496307750905 19.540109877804397
1.165610599728379 2.406415203241895 1.445956825541320
2.624475548012169 4.395444628238786 69.482948787986871
0.516343372714446 0.919657339646891 0.544505013921779
8.708398472945653 3.269298720019163 1182.875558399080774
5.245246196712283 1.519217001739338 12.401681066618780
9.618195549472075 0.944590224972965 8.484389683326793
9.167614961362647 3.412188793150981 1920.438410869751579
9.816704853006389 2.453151442066332 271.295237739065215
9.715460642063928 3.345455663103743 2011.476730207916717
9.763597889775165 3.259529240976562 1681.366370970956496
5.477926224814924 1.507859422203333 12.993596162939728
3.340874391450468 0.772314938645209 2.538545884411828
5.308759404802290 0.249322035690981 1.516200869770434
4.171552819139856 3.152205361895365 90.220635876988069
3.476910098191455 3.308669461614517 61.749049714743727
1.520098437823452 2.445559967665205 2.784698493155335
7.476261201773020 4.056798505960890 3502.368489035944549
0.340400526824816 4.502746639580137 0.007810351002695
2.546949140285796 3.056136843169958 17.412194687483780
2.336296861876368 3.796871074867142 25.075719366172908
1.180501811337392 0.899268520801867 1.160933321785436
6.892617040404840 1.082754058345945 8.086560502266529
5.398078329458468 1.187667305887726 7.407242053320484
1.974929978756446 1.751569631574796 3.293664708022265
9.396636728972707 1.639178710083083 39.343745764422913
1.392514388093679 0.913937320190756 1.353392933048905
7.137920554872293 3.294455433805231 648.715026723188998
0.998119496174102 4.528703875657670 0.991511966078503
7.460007887591779 1.408042576503411 16.937685859028520
9.080171638118950 2.491957095102934 244.078364891498637
8.349014936383599 3.010726684631727 595.376658854914012
7.643089248083402 0.546253029478967 3.037304470207769
7.307235442188794 0.711605919077654 4.117672662580413
7.785037693808476 2.184620413668033 88.525086977217072
4.668518250549131 2.009167895367258 22.105130617566015
7.935042005980789 2.286008156837974 113.861493891651548
2.046716468201813 4.687213214280039 28.707388503928762
0.718214866046993 2.135100588844700 0.493274498615162
9.584864606254625 3.700463627121458 4288.675878223897598
4.770814149180381 2.371486079800259 40.669858771980458
6.998330608766778 2.492866326174244 127.778628720977494
5.741800284906617 1.252121176583853 8.921136370643811
7.915479382305575 1.408199454791008 18.417688955780093
9.708060047318632 2.355036531490370 211.219004000687477
7.550907674175809 3.582287422484422 1397.157441727587866
9.738363584636227 2.847144148319042 652.171908170445136
1.190601309702356 2.703610656189329 1.602664906646229
8.276831555937804 2.281317479510642 124.147921680259913
2.757854602117482 4.102434289775080 64.182270761696429
7.247528009969059 3.743472491165298 1659.958525039077813
5.602820353311492 3.742354302469937 632.125084805695224
7.685017234273364 2.555906284890034 183.495419434535648
9.468643005350760 4.581190161736241 29686.554968862055830
6.865300732689493 0.800923735309889 4.678433975861706
6.095986501137161 1.343359867259262 11.339570334923593
8.456030695287998 1.085781083720317 10.155467070932612
4.651741067443527 3.793460454948502 340.857709314177384
0.648102809311105 3.728163361053196 0.198507858391020
9.923604887932303 4.194145846648640 15141.785665053639605
0.488441576141167 4.501023655931316 0.039750103073900
0.374593839607904 4.175037391507816 0.016580578869497
2.926253236617821 3.542554883186236 44.867877290586641
7.378931415120836 3.264905320984761 682.207533544225157
8.898808686065912 2.421264980211048 198.876748781236699
2.105586029713121 1.732672105409680 3.633284116023554
1.071798313611060 0.115689737686385 1.008053943910836
5.258026989716677 4.056791919691501 839.901110202152836
3.095448800994204 2.062654469250071 10.284739086539306
6.278528113422976 1.488916828938292 15.415015647108817
6.599444738459917 1.766375996009757 28.025811320910353
3.174688948088210 4.180877031217626 125.184609927640295
7.237655961022538 0.704460316525742 4.032298122087093
8.720070616060342 1.513476040302247 26.512732395272181
2.428876678742933 4.461598318103249 52.423302206773535
1.820239001764907 2.027345748865090 3.367985690154636
6.245523554135715 2.876739881218141 194.376895153688452
7.004528357628397 4.279661878353919 4148.927462300953266
0.813638875933374 4.318858427762677 0.410362015728613
2.100753657304075 3.936190754039000 18.575050337336759
3.647323244167884 0.820664011700752 2.891958430708711
9.158800332413623 2.553184654793175 285.595612674907841
4.199206729170295 4.065515765096840 341.583042412414443
6.881663804803533 3.267187013939786 545.633677163894845
9.141401654401422 3.229848065977382 1270.355597634997139
2.535655398222050 3.507022898638471 26.130859516548554
4.131347323664628 1.656480064001553 10.484401201812650
0.321592805468131 2.018311517299293 0.101295623019909
3.174907386748759 2.685761743450276 22.260252685270387
1.710526763510149 0.703347491200845 1.458717898502607
4.678630423022818 3.955426234122450 447.306538188615093
2.578072851908098 3.657039873820273 31.924411023797578
0.859658136829429 1.413377391534681 0.807565095643297
5.411808469095353 1.562115586027054 13.981881626461652
3.934166444994470 3.359167412896906 99.588663891354500
2.746263534093593 2.961643800448432 19.924991595733115
9.642340069678125 1.838676547645305 64.504970194756325
1.859268612508282 2.581310559601078 4.957419883533986
5.387525512585896 1.715822489087927 17.985987094576451
9.692415698047723 3.819706470521768 5859.773327224637796
2.188094634396125 4.908427267321274 46.686328726591221
1.211734269146425 0.853119585161704 1.178030346759884
4.700213847175539 3.185080642387702 138.276638495720533
6.924831896192746 3.553095643409612 968.399133284261438
3.673206856018967 0.148911795123021 1.213785437763985
8.363023880151498 4.828238927738735 28404.723670745759591
8.149852653561895 2.359159602864346 141.106720586542281
7.153393379401943 1.044992356544348 7.815533372568368
7.677116584312386 2.322466680226952 113.721656173649023
4.156258383933658 2.741590617697791 49.685432573275243
9.277860905270030 3.101203065550505 1000.581020300118666
8.084333989743691 4.597148721243836 14879.063281964829002
0.976673043223840 2.949651413450629 0.932746689897885
1.646942129884127 1.091564682205638 1.723925217333012
9.274932489429332 4.352074033012281 16210.933641588402679
9.270493466990587 1.087409980735288 11.262564569970001
4.224462406820525 0.924260618686990 3.787702907043383
5.480449479387440 1.869446712690205 24.053455546561789
5.767524296060976 0.284535352591195 1.646373611720658
8.102663349714625 4.526234646220585 12961.719148247695557
2.144145234959078 4.588188798104598 33.102196024730780
4.602163003733692 4.230455536530902 637.721780706956565
2.813318400028148 2.545509949487361 13.915254236444980
7.676457219838866 1.674104334875889 30.328545944655030
7.325663719966066 4.224461029540844 4503.107951897134626
1.142341331103647 3.499660411094045 1.593184194419841
9.518496391507938 1.279888340297459 17.883734791554897
6.323748420505257 4.077755186310538 1845.772893505184129
7.545836706047417 0.124093632226250 1.285043708363820
5.717229679139233 3.931153969427033 947.574429073267424
8.001322592597896 4.096129696459409 5005.734247599209993
2.080822878829445 4.682568645417887 30.914182625064893
3.719211309940906 1.193275128883115 4.794074913403366
5.467115326079054 2.730439162273834 103.372252020992178
9.425438440816123 3.308831686543850 1674.171244909754478
6.382854073929161 0.311473765581435 1.781316239160251
5.395167791516629 4.192960951884625 1172.919473640324668
3.214442523183404 3.600127326768716 66.933719720101266
2.059497202117782 3.189402312926017 10.016378262699607
9.396997398020170 1.180316740940164 14.074576349351009
5.408042440650475 1.797963361798451 20.795972124822992
5.892930057245415 1.158390219630220 7.804484603300953
4.151942034264799 1.816539234783534 13.276319950420515
5.697363839267886 4.633607379156940 3173.192457129518516
2.318171361818366 1.524634360740014 3.603407941833857
3.722474334886311 1.467729636580124 6.883774281387395
7.652981791689309 0.152774819819837 1.364668204135835
8.875239586333024 4.321238851925940 12511.593467207763752
7.885297045139835 4.150365618225336 5273.790025182731370
0.208627335324726 3.313150894153298 0.005558711307572
2.259278954775454 4.302186678216702 33.330697551278242
8.018782747303449 2.636542492892477 241.947054607500547
2.239214620020265 0.847554078124120 1.980272954162602
8.036631107720805 1.385132721193548 17.932781615738154
1.415946340748342 4.777673947562668 5.268079734934221
5.484290519223107 1.509628783690962 13.055620268930898
0.247319390131181 3.132173545716475 0.012577064300660
3.396052152891741 1.983392269394835 11.301352549960257
2.776032927692994 1.449826836544165 4.394291917084432
0.635601696990360 2.285602025957746 0.354943597793408
8.942755569790000 1.593785427061367 32.842876600126054
1.379791707404561 2.522575822970732 2.252631909285260
7.379925534922713 3.668950842342478 1530.523640769919894
2.216719012706793 2.443753099840550 6.995704610222719
0.120075100704047 2.713117852894712 0.003180148425777
9.261139238013836 0.529242708244734 3.247880877751273
1.604622998071846 4.327962769817595 7.741885635081220
8.798145271099386 3.766339769096648 3604.938542043310008
1.041188913958880 3.427492562505141 1.148371357698778
4.017883414593933 0.319134486495241 1.558677901060007
9.901498266219614 0.390212363835211 2.446441346576870
8.272379561020790 4.618907165085712 17316.091573635003442
4.567102133928980 1.260222960345465 6.781010014215928
9.936183038279200 3.189306200479905 1515.090586917718838
7.345614353692987 3.343928649667268 786.930277750412984
0.212389690278139 4.010218343188382 0.002002894827042
0.628507372993626 4.144568438388267 0.145909494579574
6.087161158048620 0.823546210584869 4.425902434001824
5.737033989951992 4.556924595709407 2866.034263088835814
7.015606480296807 1.119413753971746 8.853134142091674
3.967714364343603 2.650799660908054 38.602078425145343
1.197184679696414 4.525407262410598 2.257932935014318
7.233049964493905 3.378945553182328 800.940848176104964
4.030785442884598 1.288722576100887 6.028084754183448
2.894215889865599 1.737332216011706 6.336253471773168
1.231136979402780 1.252200840910997 1.297423381702036
5.728216787138800 1.276433826356723 9.280292432030883
4.644601947461059 2.696406297110690 62.858517643200607
5.021304347903929 1.245565147311641 7.462986629146108
1.733253987925176 1.594253168248057 2.403293611778077
6.998070036709123 3.838416746317945 1751.373595667520476
7.098970778348333 1.959265006638178 46.528316436338073
1.009394210730732 4.916314470177192 1.047042274600705
9.083881299853836 4.151678817181132 9515.580389119391839
4.065273824065215 1.364516177134009 6.778176764337417
3.533652368287126 4.792410638675224 423.949062541336502
6.283680824987933 4.673550538852050 5376.430273133914852
3.708260313215253 1.406580679407984 6.318061154050270
4.942212373223800 0.705377427571832 3.086572586386828
1.539210414267115 4.650352414395777 7.430220028662168
4.653773620983640 0.745066099139407 3.144553986873254
4.133271811495019 2.591778001756580 39.563722244963344
2.706211005486904 0.233325384262868 1.261481684897371
9.939625709406005 4.858092428608742 70035.106731049163500
3.736683342842421 2.785723542912782 39.335851245342091
6.473570113711064 3.949921810944882 1599.391593615022430
5.544552216545707 3.833719496791379 710.845828492587884
7.276388136556130 1.220317534798409 11.267071075302331
6.093442500049702 1.592189762387370 17.768484321253588
4.237728165566855 2.118436450299744 21.307946977717968
6.162365497486376 0.458841217814206 2.303396397308342
4.969130939539257 1.019806674857808 5.129457562405361
7.674269072544096 4.071175401529463 4009.968437222486500
0.383295337801441 0.430656712292649 0.661676822355750
8.866292083048279 3.647068704110076 2860.752673655354556
1.222747198105479 4.392126936999279 2.418765517940622
5.204152936984662 3.447021659469906 294.628083805833228
3.201203319659729 3.948730996014886 98.934127226356409
6.762161051498553 3.896380065890580 1715.254763075390201
6.621737291558700 3.693959034877688 1078.044628390104890
9.879345854913181 3.624417893140007 4030.051987547182307
8.309232553286446 0.314020424122580 1.944289398744192
8.871328985637104 4.252952949627637 10758.488847845885175
4.640040095793062 4.783521058872188 1542.839495796507663
4.858038370568349 4.550260588990178 1329.156637387120099
9.198672529884627 1.930349295763927 72.498025859236563
8.321065633188571 1.993072673779416 68.231279492878002
2.059286062736758 1.807786434883613 3.690904080437639
8.941124094806034 2.496636742564590 237.290597405564597
4.511513628679578 0.782244740528902 3.249676704665007
3.358694841238837 4.096887445772736 143.107208153299439
4.892972521351658 2.124278109187401 29.163816329671555
1.808012431159453 1.593618604113000 2.569691307652116
6.600566920694621 3.220034700814753 435.592133728865633
3.057905727202298 1.390381701862869 4.730693112741715
3.491589724335628 3.865925816849372 125.686153112742758
2.970857032818440 2.062077796712457 9.443195103596283
7.048632739172390 2.473391738759182 125.226317791859131
8.283970853665956 2.841188910049066 406.339666395499250
1.942828397900050 2.740151989255204 6.170981043332174
4.326848416653291 1.596783514954994 10.371186701737020
5.493287561587239 4.333332092823227 1606.716287300239856
1.736827210047793 2.260372508001666 3.482886001415899
4.963663910563916 2.837646258346654 94.284648306432302
4.802742750315339 2.177494769196196 30.474700117880900
4.702221573746188 3.241285117867342 151.051832846909633
4.802627235493497 4.437867185613050 1057.578849045118886
8.876105576474236 4.250567102132487 10727.121285076462300
0.472785115569724 1.572852376704495 0.307818117185372
5.727720000623717 0.967843910205400 5.415119552131089
7.219034238232870 0.578682975937336 3.138970550993461
9.529123415749684 4.938272265981373 68364.405010079528438
1.051517763464266 1.326670908296940 1.068915726493994
2.260359265229288 2.051020368737085 5.326294914511005
5.485043146259784 2.371361409388647 56.606074783502230
9.989994737817229 3.183183614418837 1519.846597164350214
9.508038665893698 1.717781518361500 47.879161779608609
3.542944242644000 1.124621079698269 4.147884856505799
6.404197262193282 3.584707843629590 777.929673913900388
7.778934486160145 0.127738868409419 1.299586308222468
6.875071609323154 0.539612639390059 2.830123410792790
2.165663056993638 3.951827404471529 21.193235721100496
4.363858357979590 0.555638620129972 2.267445424247094
7.533404710396972 2.186127096640421 82.644592548027077
3.980168265328925 2.463307320357972 30.042881901622899
9.134322362950114 2.529812839958665 269.358897506976291
8.395123116316574 1.352215837896064 17.761679863910157
2.347371902436747 3.123386540419563 14.370455176458982
0.805729869978647 1.888530614811767 0.665021874792551
5.569623814066817 3.911447748947247 826.530515566233134
2.568353792635373 3.555932364979780 28.622326542527205
1.969587845856070 0.401432401693628 1.312719105279813
1.378282058145185 1.931845095845561 1.858573028658498
9.458948185086321 1.945059235148438 79.080997837616906
2.518106936383659 2.628480209864117 11.329624515511304
5.807428380266122 1.965516913120173 31.741189893941250
5.418024396647200 0.828029721171452 4.051745163719626
1.517194153116567 3.357531657845933 4.053698342065788
4.058226646190967 0.569610970377570 2.220828535521310
4.213136978836288 1.332766251794775 6.799128305071369
0.918946963511342 4.302000974484709 0.695145102637003
2.422937655580211 0.517726434745959 1.581190285153828
1.552133931054687 0.324211772099300 1.153191657798543
9.819842841178881 4.171749137257998 13766.110381668899208
2.096070470487731 3.155193860139956 10.329941406501934
8.483360656600514 4.010890763549180 5301.326306823412779
7.358670578497527 3.947567663544815 2640.882814405800218
7.311703660765821 2.043181555267251 58.256827280643989
8.607259900843664 4.212967327287171 8680.712050699097745
3.209729273282288 4.083503724010828 116.994544294992508
7.030808920001983 1.744613474633521 30.039787130495956
1.254436337099209 1.516027111185340 1.410102834504076
5.138958102720641 4.733636248110515 2317.522888949860317
0.560912559069934 2.056375952275558 0.304532784906000
3.716679438528678 1.519631476846408 7.352341050871938
5.585590427480112 2.757179257184759 114.763395934529086
9.461049457787288 3.052665158003403 953.270023486998411
2.198899426476471 4.261792282996500 28.734800617034697
6.509276904802582 4.653261796665042 6103.526734163607216
0.515149834095301 1.999008828060858 0.265553880425295
7.793329699657660 3.166781101598583 666.640510480060243
5.383783888512249 2.332039284577036 50.690321619183472
7.766926962963757 0.145376461804052 1.347166522404784
8.994942774475705 4.890035566529318 46247.273013988771709
2.514300062944173 2.347358651256972 8.708082972915522
5.972763061551151 4.485732580772969 3031.899294418461068
1.500410296857090 1.214240993681546 1.636671233071836
1.275800366482789 2.929057371342825 2.041003095069771
5.705118435890713 2.291702247693514 54.092048874106055
0.268193560690038 0.157023531197998 0.813304061444306
4.646210682714586 3.854847335741649 372.875984958471008
9.683070000652071 2.128846809503766 125.623468810176334
2.973600459075324 1.893040641605031 7.869429072550909
3.847344690447534 3.869097344947914 183.672969653716962
7.602368280378956 1.741121788255192 34.185294963676583
3.390844660462205 2.549451899135804 22.490259626473751
9.078367732317229 0.280818582790856 1.857917324505552
3.056148765928484 1.015896060143920 3.110905750473357
0.318532639494110 0.739996529298502 0.428879847975313
7.268208191514146 3.699340515874971 1537.138958798788053
6.424165075950719 0.678840621076274 3.534913450970576
1.817645347709893 3.529826667468183 8.241804627261672
2.084495041764030 4.383534731629292 25.023691509363054
9.978747165580845 4.491203219620508 30693.996044737355987
1.570091644761303 0.991886512053863 1.564355190008718
4.882090760140269 0.792272000436146 3.512069757728507
5.598207717608698 2.032948621838251 33.169979350064892
6.839727112634677 1.824465693309661 33.381019562766653
8.465767641048588 1.919219800984676 60.310873236327524
0.918803451533589 2.732455847642417 0.793427826089868
8.364696254344899 0.158689154207051 1.400821626929987
9.160406378704792 3.107561240993335 975.458875627916427
9.967295328429429 2.283869457331687 190.818402965881461
1.564493512525785 3.114700703316294 4.031030716880059
2.251021684609878 4.623127723646004 42.569275784988278
4.928703735110967 4.422409748579662 1157.571711752041892
9.424980050425157 3.057390161425564 952.259755600012909
1.401483053383678 3.910698580401103 3.743354002562299
0.800366292784852 2.613938003434700 0.558731161184179
5.808246676179204 0.454564660769176 2.224886598763476
3.657039501732892 1.622175194202081 8.193980982425208
8.988386243621120 3.319954177977330 1466.154143258781460
5.941662969407331 0.425048759036419 2.132792676319093
9.617121104819219 0.374838734685350 2.336056679424284
8.414977872653743 2.488123732647064 200.284005970419258
1.437898073152761 0.431106845128733 1.169493101372435
9.670762020087615 2.963133361463795 831.862343802705936
1.808548741858321 2.422009262077577 4.200066542158496
7.041373518556468 4.194725078342668 3594.923729526306488
4.422964285483624 1.149773872181152 5.526172453204160
6.881037337355279 3.318245700994976 601.923778822418058
5.202458739582015 2.548893966677569 66.917528556464504
1.707880938827183 2.072007264827064 3.031473794896645
1.316022885272851 2.696200489038230 2.096805511909077
4.202114421291208 2.767937683298537 53.176557916480839
9.883531639740424 1.152851518228315 14.027684534917052
1.912136288363152 3.504375159492215 9.694996181325990
5.803877124813902 4.833947125843663 4917.829218118396057
5.715918237027881 3.136931090892949 237.097315315672432
6.975451010842473 3.299334008315063 607.053202669473308
5.812408608826252 1.057698723023596 6.433665990991905
4.799711878394702 4.494803138597441 1153.262245845183543
7.656691157617821 0.528271413159028 2.930985411664724
3.064126584344020 4.986571014500854 266.074287744315598
9.789302125547822 0.940184410133470 8.540618699573992
6.662461077997918 3.004153990822507 298.074912831228573
2.696681168367764 3.897058330119090 47.749418908504332
9.811399506646428 1.439140384104722 26.744844343732918
1.867593842192596 0.962274763010591 1.824098302632876
4.582147872684207 0.897771721413979 3.921833430765062
3.486782836444362 0.329772020743195 1.509650986778654
3.187791191247066 1.074503792054759 3.475375782666239
5.550162836758544 0.831479280134903 4.157907165542521
8.311239152704863 3.598079725973478 2037.186523838728135
7.857919925970154 0.662499093874621 3.918686069492445
8.505027950680262 2.075249123230508 84.978444089437190
0.498294108201723 0.737754919784476 0.598161732238174
4.048483813282616 1.106897814430108 4.701220684102317
2.482659620550416 3.611873117156736 26.692592006590569
4.938423927773804 2.236180441810771 35.562210120834443
6.223147083315619 0.322423684653081 1.803049505057670
9.169925894720922 1.960954897651253 77.118039404441731
5.905317148758090 3.248016941148025 319.897661877481482
4.090730658235488 4.430683001796335 513.683699267012912
9.301605547283343 3.074496012411490 950.227200603283677
4.704892414111678 0.847153560227726 3.713238717983335
6.121867909201473 4.756837572787214 5534.509801005858208
7.327495541670447 2.125375501392781 68.921601931381701
5.400536988726179 0.908550571748942 4.628667720698343
3.168483888644024 0.471301426278360 1.722074864425899
3.206202958729480 3.282102481178642 45.784065181067696
5.598587716324627 1.274833478518407 8.988257373887357
9.482567555417175 1.645751100281183 40.530032266673167
6.739792683237233 4.347415477508590 4003.785328386758920
5.435953472709744 1.653813637947140 16.444059190956690
8.199880653418283 3.622644777543776 2043.619703945272477
5.459052524173917 0.507209009546325 2.365225332937515
7.050927719946944 3.454583052930877 851.799074343499569
3.960184392150173 1.977582531559427 15.206579938835032
7.118740864163276 3.751348229687232 1576.380941343907125
1.064888484725565 3.543633557602430 1.249556316127394
3.559461042552869 0.871317119742283 3.022946989187239
6.854807577466069 4.375545955259877 4549.207161130258100
8.092101969906393 4.444309745447577 10856.901378601558463
0.433133321274663 2.023611576418258 0.183934524641509
6.208942256903301 2.969725797607525 226.487838371805481
8.419645754687007 1.715273390083602 38.648430907955770
2.438987727335546 2.994590681136018 14.438906521244732
9.055302299918109 4.377844539526018 15458.678633041854482
3.622322766852522 3.944830071770086 160.364893892556552
8.585941367110653 4.892480399947021 37028.753138799584121
2.476204342105813 1.570304560644053 4.153026542406929
4.876235327215060 2.080666231388654 27.019325865856636
6.464564617492765 0.543770469593905 2.758972205872694
7.485665808965929 3.710791508372433 1754.231368973108829
4.971528662680070 2.296952996630710 39.792815868634477
8.606123829254768 4.082007040009896 6544.721431628076971
6.836467013305645 1.089345654343763 8.117462839100437
0.723405062390606 1.928484931997443 0.535573926202901
0.922157766255425 1.873119641370615 0.859163822578778
7.290102065709502 4.755009442241813 12656.291113590505120
7.341823504128318 1.132436645696124 9.560224913311375
9.500538619675961 1.592100813117887 36.030787006203674
7.177841462203340 0.641343739007692 3.539861774362616
1.116323484804243 1.012656127941472 1.117879259302476
6.906341557358170 0.410157973531046 2.209145296939580
8.715487980969920 0.484397590275515 2.854138459176582
6.700167996157222 2.813596105123551 210.994670564909569
6.293928884988860 4.656265725744372 5247.982058699622939
4.728263064832951 0.795407722081204 3.440827397305478
3.027107215548807 2.794077976410120 22.081531494786208
3.960101987425297 4.053967348991125 264.900093390406028
8.342621317617830 3.943542380328615 4297.299031156710043
6.903614440310637 3.748794827775556 1398.059806368145246
5.803797226512560 4.427488695387606 2406.175318039259764
3.737101283699563 1.436495158373786 6.644213302613584
5.687830025262870 0.660436031578521 3.152056131970866
6.949098606082248 0.315137931180760 1.842144091987789
9.740163629867720 1.713090944008146 49.374634681780307
4.461697538273730 4.883507835071773 1485.384724089940164
3.761413021265583 2.318736496254000 21.581787732968088
3.027526306450429 2.947848734711688 26.192348003395892
9.237864379022344 1.691180301659309 42.949255447638315
4.977127032498214 2.744380086868811 81.803999091241607
8.987271051047797 1.358477308077998 19.746120408713654
4.707285512323803 1.382376776823303 8.511818830161454
7.844158449940958 1.273299980349259 13.772914761316128
7.975313830675749 0.386965086431812 2.233288904590127
5.106106252581819 1.069035255673058 5.714431241223047
0.342279169954686 3.741153413045915 0.018115315685759
3.293606265884705 0.813400441384352 2.636782897716715
9.155337122696221 4.382611579821849 16392.496582955503982
9.689624718055827 3.531151413756530 3039.479409747348200
4.368906659486539 1.538557256283430 9.666075125797667
6.304061170460925 4.912184740755219 8469.996262477639902
9.279502392472837 1.861470882420670 63.243957022104865
2.129165931405199 0.535526428224186 1.498873101037527
4.654048746781561 3.951198078556756 435.243484682502867
6.787464717552917 1.560036407656863 19.837827668635921
6.581897302176761 1.893234800251544 35.426706923855662
8.724156376228539 2.690527324000321 339.658215569817798
0.167400389257803 3.896863681196044 0.000944245132940
6.633574881702970 4.020693161770326 2013.701532308154583
2.717563257951928 2.215207278929289 9.157943249717052
8.101339588631388 0.558148729754301 3.214473461140507
6.610771369076797 3.963793869296221 1783.653104079165132
6.119884982821040 4.560942373021842 3875.169217270569789
0.969359296891206 3.997272981230814 0.883031051666672
7.455425310363496 2.420968615206244 129.487651885972269
6.992064152637341 4.157175649094734 3244.688577770115444
0.229364354563819 0.198110246120540 0.746988014659178
9.664131521325359 3.657641788207116 4012.109168146353113
8.664924908854141 1.288988911767660 16.172175046506609
9.090087119550860 3.973754715065664 6443.388099153153235
8.456888287949825 0.392709725594986 2.312728316649059
4.705423847086289 4.961190882640357 2172.154848526777641
8.294235571237442 4.670637979365869 19555.628995586706878
7.539528225233980 0.879291867650544 5.908015078231092
2.427797874429383 4.305534882051894 45.556040604775326
2.738007079967156 4.705694483448672 114.401950192829261
6.111381235987948 0.236475727467847 1.534273842568079
1.951857821856336 3.150156175238608 8.221614811670213
7.596122599008312 4.781128258576084 16226.435601559131101
9.408349406450274 1.830436158936487 60.527703677457566
4.453941914189745 2.495616402778398 41.592740593751863
1.734524642674652 0.956042554491646 1.693038022420256
4.899905393942498 4.089999460072370 665.069910037292289
2.331214237173650 2.780987103297770 10.525465710681640
1.525650685576824 3.874584348278462 5.138215230342594
5.029672655008754 4.459231511815412 1343.779558026554014
8.091918321139918 2.932527307205202 460.135554104736627
5.232149926066203 1.505635670747706 12.080099599483095
5.659587695016431 4.235173448002452 1542.318863303260059
2.784637420374216 2.378087430972383 11.420858426739166
4.784431972852474 2.060449700401695 25.162646184901998
2.385255723003492 4.630047639949081 55.976377299804675
8.735113174018464 0.143482925671358 1.364758988808692
0.863655882086790 2.286907428374497 0.715182953556364
1.083633617573027 4.622280359566184 1.449561195646379
0.366930559127004 4.573335518710826 0.010202251027401
4.195115408018944 1.011050018295360 4.262115793063654
7.266483472978620 2.314448827141587 98.512421186225168
0.609628553678227 1.946208496374728 0.381673722921484
0.707238524233916 4.498792624315776 0.210488426759371
3.010972675090617 1.283705837653476 4.116411018246573
2.560527780942548 3.668506478515011 31.474539690754565
0.206831593567077 0.793991610652833 0.286157769977845
8.846530299324098 4.232696436811282 10171.911515835496175
7.225304965580644 0.244547643259228 1.621926820087152
3.278903982007823 3.488412883930434 62.961438043860468
1.846967913741801 0.303138637725883 1.204409367356401
1.226409894442476 4.643700580918398 2.579867486705389
3.785181839368501 4.029200459338567 213.416203353895042
4.450617932986461 1.518140561371003 9.647019996918656
0.250185808255946 1.379822272085171 0.147811910779336
4.376566561568736 3.122711383620301 100.478928966168340
3.052619118039238 1.467098255945455 5.141174623473650
6.648756517985337 1.785635967772864 29.452007493908432
3.188905630942978 1.853673433414982 8.581973690537422
9.456140609655632 4.126844690435738 10632.118684372620919
3.933898176311598 4.071902983241739 264.278610550070198
9.257183059388607 3.584706809659270 2914.360834478478864
1.532831993055889 2.498291531558416 2.906828966715302
9.175443974086347 2.345973686301182 181.258264545946588
0.598255992147414 1.568715642075750 0.446682807075838
1.510306333293083 1.411970813845763 1.789924098996637
5.300284363302342 4.115269427601062 956.502770465096091
4.103334127799769 3.656251199445519 174.494788729383345
5.776119519211079 4.632102707467897 3372.694233264213381
2.678345475624132 1.897157651743158 6.482318789974067
5.422839475547269 4.196500513112070 1205.543617841596870
8.668473760114546 1.700853026810147 39.382436038553415
0.861241468865693 1.137136876235712 0.843777944044322
1.071597465344520 3.514586140029041 1.275113718519653
3.630679407874607 0.376821767059204 1.625607262233220
8.978408936219902 4.311134769477233 12863.850929590711530
6.572774613015175 0.669622427254337 3.528441295595581
4.604081773804416 1.328136721277052 7.598792890763260
8.211479221411663 3.641732968211662 2138.348827861027075
8.060055962250708 1.553180805073511 25.568595543625111
8.075967461398664 2.833987293402640 372.372719946287305
8.108864532170376 2.501481373980413 187.822069943396372
1.422083595650144 2.047280970286316 2.056272662389722
2.615411714515528 2.102942484237133 7.552013206721013
3.342945663609326 0.960166195958987 3.186040213563590
5.101400402784375 2.661206652999195 76.437728349922239
7.117020957031815 3.227016716805757 562.834464711416331
6.864176316755682 3.855743013608356 1681.395946726510147
3.110655905097647 1.420530698788164 5.013157595844915
3.982212335145196 4.409851722256722 443.057076484538698
1.411505476219238 1.833514705698855 1.881244263104437
2.871613205543598 1.806875341168460 6.726303624962295
0.631308989215591 3.839570933976211 0.171007393235329
7.804252118171286 2.734354154065224 275.391018456337122
7.174126678981420 3.606070599402293 1218.887375460338262
2.979329020915650 0.216682274737158 1.266872963538022
4.402592205736979 0.545937070624394 2.246075296090878
4.469323882985869 0.168048856063183 1.286093062075442
9.051545686073126 0.359999747685339 2.210140830147604
4.444719328579390 4.408800019393805 718.151622964740454
0.276022907367446 0.126239129983871 0.850012669777916
8.998132008643974 1.675848270288022 39.720488641432397
2.659800799264606 2.518710316706671 11.750919250508792
7.423836460000824 4.095446124471918 3677.999714372820108
7.970525833935980 4.408712261327125 9427.502898214426750
5.304360268723811 3.657591371828651 447.106987877944732
6.952934022560644 4.922921703136451 13993.542081085142854
2.339589013571518 4.169947728793765 34.617262818132616
5.417167503289794 2.317172345957828 50.150676947324776
3.582190318181122 2.354587765648159 20.173982752360452
0.127181052826410 2.303418000187498 0.008651879697709
3.481189388438873 3.405938979950360 69.998917368930535
8.591510620850284 1.503527269142845 25.374588708963017
4.563281252933389 4.236708804870356 621.105928021042246
9.017715868328425 4.917926904862192 49784.598272908311628
6.058745862160625 2.076160330367078 42.106776965063595
4.285993886922718 2.221924556108238 25.372943571891977
5.692664997537817 2.472597122818245 73.721004905756317
3.240451151559009 2.584038841040612 20.865288321126286
3.609271614997884 1.382836784948312 5.899568940981688
1.559185524640354 0.147332518242693 1.067628399594876
0.591160970928398 4.739491664184022 0.082794468576078
1.150749009851622 2.502756677339800 1.421083603488920
1.912011327765405 1.535986726266794 2.706235654634409
5.201216201230245 1.130899453317766 6.454203395073157
5.052522827304013 4.121941340892655 793.998863618929249
3.176647701657570 4.529455258509015 187.778716956316089
6.130556435887721 2.561822908111070 104.096294561132837
9.895673945936002 3.082055593298383 1169.547844032035982
7.842771983775238 0.378987556209767 2.182693944387510
0.216983812298466 0.333895141582198 0.600393955293493
5.797272896907853 3.978857124990433 1088.324068818207024
2.680195286948932 0.181222046344216 1.195620074592833
8.926571181430907 3.376755697594567 1622.668794340574323
8.944625773478892 4.300851593463040 12374.501069329893653
6.997444575306856 0.347363193530974 1.965625925811834
2.428566281661599 0.549925267627921 1.628972228868014
6.507914096206941 3.004603879642202 278.016404971216787
7.204439336624690 1.236200770434712 11.485926005752747
2.254201403014504 1.197270381690283 2.646230821640538
0.508699691359280 2.787476570579059 0.151973629844837
0.761647640215964 2.597976708486873 0.492946637082966
7.727280155552766 3.138329412256260 612.237856491386424
9.418751216390067 3.737056818158309 4363.835779786426428
1.596478716730872 2.109280276761900 2.682427481258994
5.402814747821916 2.835906480210331 119.575449730388328
4.622221504480698 1.828967021169770 16.443342490906488
7.832223017862369 1.614895073739346 27.767102027971273
0.863312955472775 2.326182441649827 0.710420889620628
7.670923137050769 3.070210478967901 520.796994601741517
7.460730571658170 1.084669883654098 8.844629652192761
5.192344061107099 4.229699565092680 1061.139609992190344
0.693644407507163 0.564008527352682 0.813579226087227
4.853459263694983 2.845266073369003 89.536217041180564
4.119916441009065 0.646468833393129 2.497503995670720
0.314814746970042 1.984788671657324 0.100866136229307
0.708505894770104 2.674762863530174 0.397836170435287
1.961415233005644 2.979707980710800 7.443407654526391
1.086816403141153 3.629686792809271 1.352806326075045
2.950669477621621 2.306003116110118 12.123786658831422
8.396436574069662 4.883499445761906 32569.978922355894611
9.360098102354815 1.998327038887288 87.284250451842667
7.577184311894302 1.746988435881052 34.394582782549605
4.977382346647430 0.621887555084943 2.713040330215898
6.181889084578112 4.350760466838796 2766.807085796600404
1.136096714118700 3.998385956437583 1.665604065789243
8.247208426298569 1.311446029613755 15.910621272579293
0.401877257672364 4.784349528174862 0.012759821204095
1.549397205224438 2.339533069917883 2.785428949631647
1.095513468267116 0.933920865495352 1.088929633060079
6.158175918810863 3.155340526439733 309.734923992490849
0.295066857128122 4.886488354593328 0.002569048826608
8.843196589843407 3.078635098491616 820.851418907783000
2.351561547227794 1.025193330644757 2.402769183448693
2.712044987117032 1.683550993841803 5.363859686388808
1.770546432699541 4.963894740998546 17.044278589749595
2.682929191790695 3.003955296323545 19.387549026010653
2.401876587444966 1.634336692677815 4.187433799512190
5.100333234211476 4.125667085275455 830.454906868283501
1.978559345914815 3.086954155105060 8.218944119915106
2.797157996217814 3.948028199499113 58.029830933547082
7.043289539313184 3.506802986998752 939.683936594664601
1.763320746727848 4.162100499514144 10.598775639922097
2.812123875924978 0.240080931771460 1.281753785085256
7.688081638409893 1.724288491340795 33.682611750916770
7.589846329489290 0.192227593939194 1.476403507927434
6.269751704880119 0.842594338132169 4.696330197507442
1.161747311561337 4.825565107343428 2.061582089147628
5.610122067056245 1.173733202647142 7.569961472620712
6.781454780324744 4.459513765527878 5096.778770202809028
2.018982634687692 4.770022842384614 28.542328067951036
8.717680863743482 1.864710907410654 56.699070497053086
5.435109850270890 2.519833581385988 71.220108262859895
7.353517370056261 3.350461390330223 800.126129463858319
4.646296924682607 0.373397569268047 1.774582185248448
4.633934821698959 2.879693367961011 82.743058639435802
9.432980021949676 3.871441719893397 5933.302222788255676
3.466812116803581 0.609698284374396 2.134000815843513
3.476997496330935 3.049232490546676 44.694900348001944
5.072970344117067 4.324698789292760 1122.140188592144568
4.214983782428232 4.202332522271309 422.279660627866519
6.207971953411668 0.250828510637515 1.580863614827687
7.779724086332102 3.993829526335354 3617.088273408146051
9.954739427136726 2.335977781362255 214.474499693091474
0.966037740627570 2.125717957756284 0.929183897799316
8.182365647361840 3.449757186196040 1409.971995257968047
7.732853332307168 1.091187527426746 9.318484356849140
1.258285302979852 0.389535465212270 1.093622678109426
3.207457914691132 4.372307712793309 163.339604054077427
1.449439657697933 0.203716936209771 1.078547306510810
3.969210441719284 1.233886799398777 5.479401405610217
0.590891630838002 1.095979620154244 0.561794195864285
2.745451822197182 1.265773015998828 3.590753121447028
4.282118667396769 4.753497336929707 1005.976743854393362
7.231412078964401 4.789269963467828 13033.211237630986943
4.510670279762088 4.185423830090824 547.363982093768186
4.454740297143868 3.901784420916166 340.067473972653772
8.225061090120079 0.669442829305109 4.098579183092173
9.777244550965984 3.276539109638213 1755.832232177035166
9.486170485740580 2.763513322828731 501.422468220531641
2.494297221652143 2.697183615980542 11.766361561414929
6.937726493263972 0.723073863003436 4.057533854197011
2.968313949757865 4.984138832420830 226.492907947804355
1.001077733625245 1.030030686159383 1.001110116663469
2.655279307044168 2.908471480040661 17.120342669683826
8.190888724676459 0.712973012107450 4.478992885832874
0.332664921720607 1.879201355723216 0.126402284296449
0.388192636830225 0.571146104261652 0.582486631794738
6.996317554452116 2.141022837271847 64.399859907475587
0.629978526813373 2.319054908023696 0.342472250412910
5.195487959781111 2.795872342952839 100.184353381541428
4.398304859601550 0.312673044144111 1.589051533857879
1.606143902385579 2.519855172317554 3.300251362132128
9.916684961493770 1.559882441599578 35.827345724570627
1.742145145422181 3.517421549261100 7.046853378632271
5.336517716873448 2.571337230307346 74.135369632034312
5.533649908987744 4.798397846953327 3675.070240036911400
7.822014019230267 4.310672299940736 7092.571145743441775
3.092204697526935 3.920990579888699 83.625193053112397
7.575583018770560 2.199337026727763 85.927525778869381
0.182240861510094 1.933814636947226 0.037172857630887
3.229862241808112 0.283550870126201 1.394374930877986
3.064988808324793 1.352579001059535 4.549184033877553
1.974812281055581 3.748738510471374 12.818848649240577
7.389396252053684 1.379453531654596 15.783586399641116
9.602442859214589 4.459455192990382 24037.390235252467392
7.077926927049583 1.544289899377596 20.535314877962673
1.241712583092722 0.691972706793454 1.161609145698672
9.315300383938729 4.565597700086968 26604.982188540285279
3.524763229221517 4.221381906913914 204.006717644530994
0.890348143755150 2.268087617360096 0.768417660372541
3.491942302260635 2.533884274125835 23.772183890497740
2.721188056079448 3.845641140885154 46.981338922772899
5.520641400171788 3.724178481717903 579.831053625744062
0.581607805442965 4.186089061672614 0.103447777583667
7.392620189341475 1.075123249084840 8.591427946911972
3.118237549974254 1.850801014797078 8.205926885267610
6.923758799388948 3.635967661826479 1136.203395241270755
9.691389982564814 2.910420994210106 742.674865867423591
6.557473590062913 3.694233142848963 1040.435669004498777
1.398898428551244 0.108835428722694 1.037210015272619
3.585575875265183 3.657484916960460 106.731072875813595
0.243056357655007 2.658342548388475 0.023280845153583
9.412635853018791 3.602104994008918 3216.697215887742459
7.285226634322735 0.710796056708470 4.102240622655153
8.517226975565963 3.131873049602215 819.550889841394223
0.689803663037092 2.835735082409004 0.348873700507680
3.608779804832720 4.156474758848324 207.326285363820915
9.617014434116731 2.807946017757290 575.869404591263788
3.916970517333508 4.601191327436569 534.906395193049889
0.427442666202871 3.044033618231365 0.075228053964672
3.118025571061986 2.538614404507259 17.937836070716646
8.400841792472514 1.108621249526301 10.585805353948960
7.294066884148870 2.777222518120874 249.263677502795247
8.215656468666054 0.374648777024240 2.201251213285728
6.924173286207590 3.586003137417131 1031.720421236281481
9.568319981002615 4.648052550069745 36222.284067920089001
3.755915615998341 0.745247496508940 2.681053811765621
0.390683945175808 1.994437283034385 0.153434028595309
0.879771005210387 2.493692154219922 0.726565913977159
4.070196543220457 1.715150261451664 11.106621714809009
0.934418969954883 3.932241027278461 0.765883395839184
6.405568884989123 0.950715325326295 5.845299546288317
2.579155216729748 2.366868356376957 9.417009859403333
0.630160896146661 3.377177639634310 0.210238341316280
3.569577721390274 4.751618124188245 422.497558991054859
7.362549837010057 4.764574800332660 13521.377546120615079
6.967472064119598 4.583533364232493 7315.827778313335330
7.174047091779560 4.287068534801587 4663.584758028639953
0.668161904124964 4.838838246675995 0.142112055832942
1.497606377222178 0.229741770798160 1.097226211259823
1.440763962257114 0.700495541627257 1.291497516053092
2.554339579826883 2.675883578830128 12.297878718804810
3.054183384258154 3.363866283342440 42.768331915906373
0.648708355487791 0.413477870829095 0.836154678377948
9.047247956153146 4.600618663984243 25151.716580302745569
1.729426999975750 4.624249140015888 12.592710095701827
3.446473157519254 2.690982447163364 27.929709880143403
1.692110939355440 4.712858601188748 11.927592440525226
5.660550934830830 4.671565942174902 3288.736470343881592
4.885722590198911 1.896131344794010 20.244147830700499
8.299398178484683 2.263246323838087 120.234427958030338
6.236050721879459 1.526185345293129 16.337268316249116
8.777145026215024 1.830000838455210 53.252166717880854
4.645423163455840 1.064537631293619 5.129482030956789
8.731565268325781 3.334146351364020 1373.215848917247058
4.461400782172181 3.169615975949320 114.439095165939676
5.201741321967424 3.982371332367659 711.164807206003275
7.047597141366960 1.093357272275216 8.456913176011067
4.296532288687415 0.655953687346204 2.601933178414444
3.917461494263798 3.627448758825604 141.610121342139536
4.072197072632988 0.657805196159644 2.518538215574311
5.963107995414474 4.625738982368707 3864.863689647974297
3.886800418252617 3.209519786150364 78.038329200108691
1.782296161381468 4.139735558047462 10.939319313852348
3.512721887861667 2.639564276771202 27.558894659193072
5.810753560480145 3.864665084677723 898.467750308664222
4.024147500873966 1.474096536316584 7.786596823157146
3.268614606391311 3.699953976234895 80.005912025532027
0.260921974745644 4.619991794703280 0.002015041625171
2.259503904116744 0.476080318420582 1.474139785481917
3.466749326029070 2.224618664454767 15.889913641963215
2.846929923764995 2.340230462754246 11.570346783778131
3.898008402057450 1.633276895490562 9.225923444476940
5.184840319698246 1.075794650161550 5.873655952206009
2.849688747963606 2.625279082533198 15.630402920769424
5.685318097116961 0.333412372946562 1.785026132275098
7.609471152128339 2.831505877440658 313.011559212241934
6.526525283910324 4.869935010939290 9277.874966593897625
1.095680877326692 3.857701315948090 1.422621394346803
9.554059381964478 2.912266587916725 715.432354452375421
3.723105537983269 0.962052959779328 3.541939829028942
4.281181210732793 0.322078782152742 1.597398376090112
8.897680775880806 4.782613564419543 34675.617020283512829
1.139334213165154 4.725876999225625 1.852363927168664
2.502630696862381 0.931178309783415 2.349516116164117
9.236067274828294 3.575358731379509 2831.148754937940339
1.546553606444364 3.529417274748067 4.659593435970798
6.393140213280179 3.391980723657906 540.713403131863288
9.225581759941525 2.484265873847447 249.632468653843233
5.847028131657893 1.103737802361568 7.022558308162303
6.033919119760593 0.549870202291619 2.686757045724705
6.972581304920702 0.778818995410217 4.537858465742152
8.368578916657079 1.820020699433460 47.779898338449946
6.887640150574589 3.801389837914984 1534.025180246001582
7.257371763919501 4.478439675534064 7160.584689312066075
5.891853034437316 2.198729570096909 49.382792030342216
3.985774031770877 1.209428541768735 5.324479592088660
7.457079790876308 2.909968728568744 346.057202486457584
2.011782253869357 0.937141649247539 1.925299834961697
4.031936974154275 3.856782441398307 216.438612012776474
9.938238114021118 0.348570045461173 2.226548615639039
3.686030282655337 0.632407756159139 2.281898074835045
2.792834645770108 2.559860106654741 13.861600340487270
8.663605875922867 4.865700901348270 36522.571451089097536
8.862921490439941 0.859888297582608 6.528453111890501
7.410424972652518 3.040070495316608 440.944965317408048
8.135047423547107 0.355421037624131 2.106498370202531
2.674572024479205 4.976578217166369 133.740958348826297
7.251288186901282 3.658325464354990 1405.007718699915131
4.984807042807059 0.806995309374668 3.655939056307291
5.775567256485347 0.281359854415754 1.637880297147943
4.017053668114436 2.414558474903065 28.719064940319925
5.882191206071891 2.487454028747868 82.071661949145792
8.777935537014001 3.051580276531753 756.549940963211611
3.735329218605757 2.988292235980305 51.319919147714302
2.394853113333003 0.847941285073216 2.097037622445447
6.105493784363307 3.652642779577906 741.237500563370077
6.362501875242160 1.784570577513429 27.172571942449661
6.646637151378097 1.351330703932523 12.930261263559334
1.370486441402239 0.299636200492658 1.099037795806112
2.051739601807000 2.476616446668420 5.929349848123360
5.303672222714336 3.610439707372993 413.085929186848830
5.531834068670713 3.696849032399132 557.538777691347605
9.380707323874661 0.198677783065083 1.560132955934976
3.112429634254310 1.429045046617439 5.065956514534183
6.892813750694515 0.464950132408003 2.453649835917193
7.695023474183658 0.956022737908559 7.034558762393668
4.540659744844904 1.308806845296816 7.245056755643935
6.776685804147569 3.107002147045424 381.920255190411353
9.306458996924986 3.481347190018170 2358.712921697937873
7.088125946537044 0.741096916512147 4.269000611791929
2.689358018664353 1.719900097401662 5.482172609224317
8.158387010979718 1.980941812256851 63.949194779918130
9.827750027124409 4.165490704728389 13616.275645878342402
2.324455373455934 1.244512390257846 2.856875324915544
1.796914705392377 1.508674173374082 2.421023525568552
8.390177428554908 3.679077370987205 2503.949211295203440
6.114140123770891 1.823628218258502 27.163354527946723
5.103250225868927 3.943622715361702 618.701216230556042
4.976102546006551 2.313962699269210 40.980371930626106
5.430660486605395 4.972886471708458 4511.685457207352556
0.639604112568603 0.922158921326827 0.662245971899904
9.424197612502880 3.216215476563982 1359.502047789342214
9.385258353154356 1.640673453056305 39.397323419213571
0.239259150866281 4.441077853537664 0.001743841082121
6.333363488717954 4.576869404913811 4666.336179121120949
9.612190608570334 1.630995188874944 40.084693193771756
7.102719523931166 4.689370927882764 9832.095154732525771
7.267712286268906 2.390958233364763 114.700678134651184
7.842190641759460 0.102415448987262 1.234821570823915
8.040391198243841 3.543263836704491 1613.005663471893513
1.115235917525127 3.440994284253502 1.455421241313561
3.380942532304050 4.117944304568904 150.850984781186725
1.808283796607331 4.505185155247458 14.422270128519086
3.061903483961602 1.021686753337893 3.137119589372451
7.753229898410805 0.697279781368854 4.170789542729072
1.947282349218066 4.063408445854850 14.999194872800070
6.666436647357024 2.061661156922845 49.956241305639963
5.667331543599047 3.753672949202511 672.878956241358651
2.710681845384620 4.586105477666359 96.859873436728151
1.797055624878621 1.469928641643842 2.366940111835093
2.955194873442725 4.187470601469512 93.447042858799591
2.352091430051362 4.613567927299622 51.728416190864110
1.096378888115857 0.736974635527024 1.070163158655023
0.117208556864965 4.420939214675449 0.000076546571162
7.231296977087403 4.715896170136072 11271.309512289100894
3.033577759269478 1.934022612791304 8.552874961623804
1.949859352302308 4.331040975515611 18.030846414745419
0.221484291809367 4.665662038966825 0.000882249380536
0.903195466666666 1.039671207362669 0.899554660023056
1.655387039810827 2.643301572645172 3.789810779466208
2.627625221962171 1.841830584209510 5.926042236438668
7.176654552979272 1.603402631371677 23.571523567683737
2.797390623813817 1.288352342494841 3.763357032287017
8.465942803482241 0.459367197925915 2.667740714434458
5.615035120441388 4.339881772226546 1786.903732035214034
0.594917838454839 4.114343486890029 0.118042552317062
0.539931342675473 4.025619892039191 0.083655923363837
5.362020428417852 3.373770964101908 288.793354899363067
5.504929990022644 4.253729225165683 1415.655500632713938
1.789282051483356 3.753054848028077 8.878046511607097
2.442470876246465 2.257385036085865 7.507239487126451
1.280473001291294 2.627726297203834 1.914873511041096
2.800694756953177 3.980860092261293 60.325716353593130
5.007017057846657 4.270108516282938 971.132634569099309
7.167194193543571 0.304169484554672 1.820417981529653
7.076354257809299 3.444943765361597 846.342534933521165
0.357421007711015 4.931269457950693 0.006260522061628
5.893103952424240 2.950094237979091 187.321530066545250
5.815966698135877 0.812498877614491 4.180752369514938
5.233037492980444 4.473549869307532 1642.030332170182874
0.312433931951226 3.286792961224244 0.021846143882394
7.684268233424008 2.275401463793385 103.538355290337165
1.465735590727787 2.291739763618673 2.401907609936447
5.869015037601553 3.736799316344354 744.687385286005224
6.027491513068976 0.971766919759578 5.729423804254917
5.867281619915107 4.679811326770116 3945.843609267965803
6.167110594149888 0.731795766672853 3.785981349473785
5.423728906333601 3.306251212739137 267.777182325027127
4.591321428694404 0.920653322168071 4.068320327043278
6.380579191626742 2.330371926975521 75.097138624325623
7.151968586473968 3.430190754171486 852.791351255438826
9.020996714231437 1.593012646100858 33.245474663563165
1.078973486838212 1.142325413307276 1.090709372355769
8.356276691225036 4.249399988064638 8279.445114678617756
7.689715136334844 4.779475950309626 17146.944510881636234
8.947687982467496 4.521826040466602 20112.720567418793507
4.320946274545076 1.593634570821381 10.301025305329384
4.991557685921767 2.911474011806165 107.868898310392382
8.797917654213292 2.016758101580145 80.276013952060325
3.192606238193526 0.447865256528869 1.681857476053376
7.980795539427951 1.779461866134378 40.286244782943626
3.049374957625136 3.164220192141545 34.052553483006776
3.108988637839298 4.875047707400711 252.081969940192579
6.069708351546201 1.443482751706286 13.504833847423281
6.470477346393864 1.031356661056224 6.860639136201915
5.522030704923240 1.456213534363903 12.040772238234133
5.751671466386190 2.474431668900536 75.867978407326589
3.013639163532018 2.669188843185639 19.001374703139010
8.753962909957204 1.348442257051109 18.642692458427820
4.231801173686214 1.847349132457283 14.368481915251294
0.384374719849629 4.118340387093022 0.019493013815715
5.046839168172653 2.375389253132205 46.767578268783751
4.945289989428758 4.447014346820985 1222.026803659379084
2.767249252471597 4.804290209356047 132.962207820247841
0.832007163154953 4.797475963239584 0.413820037710728
6.789140623744967 4.286211825943084 3675.652544821838546
1.590054031291430 0.133167429792346 1.063705739724440
4.386309353883203 3.946081097735480 341.802901272224801
0.530219781117816 1.729523738492098 0.333764377798848
8.052195333896876 3.873294721656107 3227.550772755208527
4.059170814100861 3.637719811059280 163.427267423171543
7.635448239801238 3.962697236119873 3150.692226758057586
6.481347961357613 2.768262603571761 176.564261150516558
6.246706572272587 1.263414013259122 10.121310709573907
1.149408127434015 1.942808119999293 1.310659532662464
0.376156767548015 0.815921891591023 0.450333415076548
4.776479114545751 1.330172808592221 8.004437910691092
9.231046261880003 2.422151844606326 217.763112080321179
7.750150378560669 0.639656320777224 3.705551430581428
3.667050874422241 0.320308933193446 1.516197427609191
3.517683564057865 1.042305409470388 3.709935728505271
6.121069345263201 4.002133837780820 1409.250379102566058
8.507117818371745 2.268125694593092 128.488263488394608
5.541345199742754 3.280049659647865 274.849405377789935
1.301357730676040 2.916924692207900 2.156187620410449
3.869051136873440 2.473338362387962 28.401722317871222
4.708679622255654 3.573062199819457 253.694171144763516
7.621243286470251 1.885133782070632 45.997759716420767
4.277894073620303 4.544299321080643 738.751169786791252
8.725928483574467 4.535329475631108 18488.037095595285791
8.941850422268406 3.363169711479878 1584.206595351421129
4.372127774591874 2.049034916930004 20.549535602596563
6.451055345617110 0.560181880356624 2.841453059444506
5.740227054551473 0.463714828959130 2.248674859592736
7.806254264558569 0.880047625521304 6.100874241170944
2.887889360231310 3.950618123088101 66.005157344327685
9.418421528918724 4.884990015625406 57262.909414505716995
4.694913675426177 2.680070642734139 63.097106533200012
3.818209405169767 3.146273563466279 67.715786538756632
6.311947176423586 2.072547282445448 45.538255382853620
7.774148885936247 4.496561881319077 10112.899039678848567
1.737931465454174 3.528433511743514 7.029739519142621
3.880637625054490 2.258490348480860 21.381193563169859
6.355671283591482 4.062768408248074 1832.562830807257342
7.376143051964751 2.426950287448861 127.696397037758445
7.062128989506702 3.552177851218682 1036.502604371806910
4.037119808308938 4.903915854508231 937.830417836268111
5.045917753716878 1.976975214794733 24.529872365864890
0.876254801214598 1.100215185029094 0.864731155628922
1.512218596853609 0.869004206271789 1.432470941552605
0.675827624982599 0.178025014532945 0.932623899938160
7.414176461904628 4.380607264326995 6477.448075456632978
2.151313202405928 4.858246007822685 41.338636008657637
4.641068916609909 1.181501649962916 6.132114951934488
9.279994866889028 3.685833393775761 3683.152960674711267
4.711692258305368 4.042471967263637 526.379316655489788
2.815428935047787 0.635176405983933 1.929923543081401
5.308838263074492 3.844928900887766 613.156744266806982
9.835396355266301 2.247488739742398 170.328977826061248
1.594226332353960 4.752862163901365 9.176818195434006
7.525363298504759 3.319701905517299 812.474830136129867
0.950161104228239 1.416084548670172 0.930162927273058
7.284806865069851 1.652865213669513 26.635495578371923
7.072780078594626 2.519804533399492 138.293294380253315
1.150014381467234 1.759938370239492 1.278892429724060
7.888458514943863 4.357069066906348 8095.743360320330794
0.970766638630003 0.142657388409681 0.995776418130109
4.353267095703524 0.869551984034201 3.593214337401884
7.124982944881839 4.771525097757995 11724.098096303121565
6.532744079643170 0.170359679087704 1.376763781564535
7.376910578523176 1.773548801460532 34.611292141689333
5.530812956405551 0.685998712755861 3.232602305455867
8.041015301382842 0.687441191662101 4.191292749078092
2.451680782875125 4.595342254794078 61.619762728696337
6.591300021629321 4.765302983663396 7991.813346841006933
8.955048533634152 2.370618613968651 180.713247172409325
8.811942789061574 1.083545783118804 10.568866727974504
2.142708879926322 1.467735925408467 3.060317838459587
3.249149951421260 1.677149351171944 7.216295559721443
7.462897984132441 3.797379955616371 2064.246051154632369
1.422762830449830 3.304211876070247 3.206138362804488
5.182165229455483 3.070505337084640 156.282599015929804
3.260489397824290 1.590337777443919 6.550780011377680
6.359910589622979 0.990934281182637 6.254133526563549
8.442422145287473 2.798802429738097 391.740317264929104
2.090723403501522 4.477003206590499 27.162442443225224
2.634312146039000 4.258859283291411 61.881745577275808
2.903555213402464 4.329801319639986 101.017196111032234
3.137813888655858 2.557014643368011 18.615854419395760
9.324023002796231 4.219789534339096 12345.878848495776765
4.538920571756636 3.358416918819255 160.812820600151070
3.772731662519411 1.192886324832318 4.873993631427381
8.866140600798056 2.783831454413087 434.843947164759697
8.829851880493543 3.960841681473651 5581.767316432706139
2.662799706673775 4.422702130706266 76.058103506149479
1.297049029538826 4.340584171462554 3.092407599806516
7.408795973869015 3.454766758143187 1011.056016799916392
4.525235258247044 3.479270844547252 191.052700317044128
1.669665965233854 4.166988876176224 8.466327105279889
5.956657932794346 0.991238520556916 5.864250197189903
9.150499382542220 0.335383166851974 2.101127468638703
7.927394274736295 4.123591306695795 5100.896869574799894
0.500199928156970 3.391167766800032 0.095443324581092
8.043843851251307 0.783413225358560 5.120969437366900
6.011256318485836 0.227137652912777 1.502907797885328
9.033600880391310 1.009131972155388 9.217004380717270
9.033689155434095 1.622747928606029 35.573629718638770
8.887337279341967 4.108851408093267 7913.375611422997281
0.483907161104550 1.281090007132285 0.394595211956285
3.845316877448298 3.432409217723328 101.795000507717049
4.307331979431972 0.285299786088662 1.516839065866176
2.909448284461446 0.319654182288639 1.406886335399026
4.240136163319524 1.120053500943831 5.043115852993496
2.060174529144280 2.211142536784110 4.944091694480180
0.411833058709971 4.837246370417766 0.013687103435764
6.429851365055151 2.796726028202518 182.102784831381001
9.311499215908217 3.865295324451809 5566.048315042552531
1.577133740614452 1.057805196314776 1.619221835680885
9.927720830330577 0.848780957358047 7.016280137069414
0.691273772291673 0.535831702218941 0.820501594162784
4.021116351515439 2.629122793545144 38.806236446586105
1.509683475781593 2.993707556462027 3.431879852297088
4.906407833431111 2.317489276855540 39.887548041218494
4.963704964348088 0.417755916703637 1.952886739856750
2.075713518557863 2.316719225218316 5.429850159604464
3.283761094845294 1.028571689433547 3.397231644522659
3.146464773041973 4.516177841584504 177.115525492817454
5.633571733788450 4.035206351388927 1070.453173430317065
6.709703805268322 0.188416979820753 1.431412970650280
7.788615961083381 1.590929425510183 26.196930474814305
1.462110391795892 4.761409892481963 6.102927125211652
7.597378257619356 3.357389107081584 905.171517422618990
7.844826972379933 3.569596269207923 1560.635410981834411
9.393315078456494 2.410256525960926 221.178586531723568
1.310584162693560 3.937606280413267 2.900885513626855
6.156419454365150 2.019416973318980 39.262935665356487
9.164285233738282 2.267948180831727 152.051169526981369
2.849157466419771 4.237025251902717 84.458835880706474
2.109899777328082 2.340844055335880 5.741777623644190
9.958636655393578 2.852372776343222 703.458017506692386
1.471504731438061 4.099403197287723 4.872172959290107
2.150144636294942 0.707354865649580 1.718591374035784
0.249653604399393 0.982171892069286 0.255907000604383
5.056062174001855 1.755179141908455 17.191622035826420
3.967842989132703 3.954330726155304 232.746074726441577
2.803067549711857 3.809905299164668 50.750635696339231
4.278369642844274 0.794724463198837 3.174624118044275
8.702351773954275 3.152441016096779 916.535028325350368
3.340547574357992 0.897024147614736 2.950374127630101
4.783358655442751 1.034181376632628 5.046231302297515
2.648339818680949 0.613973803536987 1.818422421705742
6.888128652645018 3.068467049957656 372.980451426655293
3.130468978091512 4.395183175760302 150.762772723630093
5.996913045123432 2.871503308767570 171.325541370313488
9.476110531837447 3.652078218622063 3687.479213770281149
6.391403995845639 2.610235056028482 126.705545955447974
8.168657640415166 4.722815576858176 20319.803729177659989
0.796608067441485 3.929918898196019 0.409166134675364
5.022338933795703 2.996463733634013 125.961975484031086
3.509110764924906 3.308420166445796 63.641587448019109
6.832416746194020 3.404195263356149 693.512101876987117
0.201929885822807 4.469004957414737 0.000785123606713
4.253101089845996 2.982761219661023 75.037610610974568
1.429174223667330 2.337379567116839 2.304055406949284
6.916611063698662 1.302401716403696 12.413051213167190
4.610322851404785 4.832005675366569 1611.215376719584583
2.685572737276346 3.735304856220397 40.048263423239710
8.373477490866208 4.323954065431652 9785.939653658788302
2.990145773706660 3.212204067210158 33.730356994084055
4.270571981738266 2.515113706303687 38.525128590500763
3.868942414887850 1.004409572705940 3.892093784705557
1.994824659068456 4.283918289001876 19.264926204150779
0.732761983174815 2.510604008266346 0.458115925279388
9.630687276955189 2.406757852701170 233.037002347044563
6.797200070160510 2.933184430727542 276.297880443193662
1.405058942924382 1.190091198885356 1.498890739151327
2.951894916801536 0.438061864527912 1.606694377018784
3.496391932147767 0.722410175075501 2.470112300969569
1.523470614338917 3.311943855493104 4.032145668984451
4.975532599204033 2.375160343121064 45.196595953044614
7.317038845966490 2.140817980418359 70.857313323984528
6.302705098655817 1.780206666344535 26.504723158496066
1.415036737929951 2.415164017729471 2.312750381369949
1.940851342986653 2.838013273299548 6.566378182585324
5.209640682817954 1.791452539444504 19.236546227221403
1.186628931202156 1.752891892073913 1.349789492176754
6.343595972455043 3.775189922377480 1068.978448325449790
7.563886329855364 4.946138732533622 22202.130399850357207
3.940950129628917 3.133300669910312 73.484682430214903
9.284744950117579 0.969512700412445 8.674916136568521
2.221418883734249 2.655158591756922 8.324513124991268
4.733775842921253 1.422311864145007 9.127585440053375
9.836926568513837 3.595551770753904 3714.304287641669816
5.415042919241956 1.488842844317805 12.365678305787243
5.065777339369559 1.958725251834836 23.999826586905236
3.837109715714829 1.027600721144647 3.982200796094463
5.280889104759861 4.778833777808957 2842.476290906169197
9.939721290015557 0.895021036542159 7.810357201795926
6.992413504541817 1.702626341646329 27.421067274517995
6.284759330659615 0.441368684777097 2.250814022583342
6.636546352556618 2.441772417726450 101.623846008763209
9.094152002310386 1.325182190737484 18.643807250818611
7.769531641348440 3.324139689557419 911.584277249941351
0.690525323236348 4.056415811490123 0.222661754342857
1.463939452849216 3.552643925378240 3.872974961526796
8.680348919037574 2.012915594240380 77.481162957320905
3.583264292790695 2.080125511717116 14.222290970529329
9.331772689045982 2.798836668619311 518.526831374821086
7.164008410385636 0.793751344883547 4.772888558067851
7.897730711732460 4.143088981274719 5229.160585894057476
0.791723928027400 3.098406806667193 0.484998371905528
2.268101859448539 3.998363443876700 26.428234810855695
6.361051920610564 2.747399930333290 161.292938793871770
3.165687239900233 0.263523177108909 1.354830356386413
8.405048019222148 1.881191984996322 54.857702143738088
2.803289873633388 2.105209897993519 8.758608653569171
5.102586147818712 4.016991683998045 696.928031348383684
9.306157587214896 1.813285681017650 57.102812468780080
1.799509770475191 2.729591025704755 4.971261848289997
7.901294845168751 1.638496833538187 29.571664477351593
8.443204181900894 1.669363742967085 35.210944986022717
7.215906771664684 0.617751254914212 3.390082669724773
9.160024396253064 3.790416824925159 4425.773371947122541
7.812332060881859 0.809019481212349 5.275662132132012
9.115464780825878 0.972249792738879 8.573235553481128
6.600469602375809 4.210368660145807 2823.008600318563367
9.904232199371554 4.780559076941701 57620.925480749261624
2.904225825158474 3.128644280219647 28.096832294092621
7.015865916422862 1.538125156144719 20.016074166693414
3.993575835474422 2.455678934016708 29.974492414126921
6.320338976896055 1.555294326795819 17.594906232342559
8.659061281290677 0.218455646759586 1.602491714838556
1.786213202356008 1.385504390080160 2.233853491443040
7.718762027177705 2.536971006763288 178.518265831026469
8.376107689719241 0.782055946467135 5.270728941617128
9.216161555051393 2.548737889944379 287.332884971338729
1.474235718998333 4.835709307121911 6.533421382497881
8.421282444101557 0.893555854085038 6.712389321549479
5.153291775419345 3.106898510309667 163.070346817451764
5.546498612872026 3.703170900771346 569.153187419994310
5.224178909014665 2.247673030281214 41.102646616361056
4.638788252357484 0.897285053183461 3.962368303278206
4.001383993460125 0.830688447997977 3.164091847618043
9.929254447572951 1.239342989838168 17.199730788452136
8.063776627214351 4.540721330668559 13071.898107578408599
1.638378312634762 0.309148061251845 1.164892183975946
9.837113589850933 4.405449107945761 23660.725804029429128
3.523563948113539 1.367576555169292 5.598091273331081
0.631598809964878 3.221059585891408 0.227619542580939
0.128366192271486 2.247502199848636 0.009913816923826
6.486961337431030 1.479890915816942 15.912285312646627
2.801792284788844 3.535139853222518 38.172324384063550
8.775592412310226 4.743423712563689 29809.854193513969221
6.286572143753921 1.201059415597116 9.097928862525963
3.462306004451478 4.186022669613172 181.048944127100981
2.461729903220634 1.875141320751998 5.415406258974637
6.434498573121738 3.921956571560226 1482.380098559021690
3.686044278590989 1.898282237720553 11.898489306401421
9.572417969857071 4.519971403928151 27176.268201277311164
5.137252358651704 1.214916232924411 7.302616732558444
2.569516837205398 3.568007189202797 28.996994333355708
3.219543000598633 1.995111661593505 10.306380922141404
1.211373941002618 1.751535669098793 1.399151636894439
7.641442220740952 0.440931086391899 2.451429789722580
2.738656449123269 4.355234357227959 80.459734404497240
8.275832518641849 4.097138074223620 5759.718161250874800
3.730230684691315 4.112077111327967 224.399169678527215
3.466196193042767 2.090866749639810 13.451198513238815
4.741343597451116 3.694713403669292 314.240436635170397
7.675636216482535 1.689199541213664 31.270498906957830
4.485661160912511 1.316096296873055 7.208856762137005
9.617981360688129 1.506331720799097 30.258717003841948
9.811620158076822 0.899713590273322 7.803377371951393
4.128294281064060 0.523666388204042 2.101156452075897
0.209426441868757 1.221919513079281 0.148031847177289
1.254559041221313 2.216735253371366 1.653212589044387
9.167156942619377 4.068323952959339 8216.414539050680105
1.272389544369588 3.490986029221717 2.318607725326403
9.523442458386651 0.445923429703897 2.731914860591222
6.906677601594911 3.801495649060179 1550.522779881027645
7.928427707503271 3.389171040523628 1115.575016634594249
6.141163742214936 2.595163276662359 111.080854044081889
2.938180764612258 0.841481853057211 2.476735180013469
0.453844274758212 0.394610681279861 0.732169751610389
7.163272618085183 3.316867635432658 685.948628119806926
7.649395831653524 4.114272528087105 4319.991039213295153
3.728023903304964 4.276704968609432 278.000607966569078
7.869031150548696 1.156759396470596 10.873399411839683
4.663076769478414 3.294975657920125 159.683420251650716
8.766652336053273 1.668426714441114 37.415286253942888
1.864241577982777 1.755178876485439 2.983868842135609
8.036633249036909 0.331799273459418 1.996654610503791
1.903676338322404 0.564178368532576 1.437938744548483
2.305667820391267 1.959570850492919 5.139559674928957
4.988844492454422 4.076426927128018 700.399551844174539
1.354208161755486 4.295280236448389 3.678119302408319
7.383095551001844 1.644981865985035 26.806281246674466
9.589784506559228 1.971727187625423 86.269881008640496
4.354360518992229 3.830558044465746 280.179875078068278
6.502398221051272 4.857634139653976 8904.589395030936430
1.738491739531948 4.529021071011487 12.239027443392885
7.876867853963151 3.692260707731234 2039.722226511931012
9.814240014099775 0.865407873065083 7.217064310721211
4.734466107096470 4.059866713506304 551.455285667217822
1.003081801194758 1.338654312270204 1.004127617801244
0.833627676814810 3.199182120452967 0.558695836815738
6.571374771351348 3.485579466409892 707.955218068895533
7.935203576110553 1.498989243848478 22.306317300101444
4.032725559611090 2.550602827415815 35.046259667507215
2.721111352056579 3.953140574441799 52.313441799797012
8.309795710584547 2.919557983403666 483.946484593247874
8.826391607812932 3.745796199538237 3489.081283188332236
5.297450774952110 1.301530498225572 8.757803405348650
8.841237417401805 1.211208966034064 14.009579378211050
3.175145113447751 3.921425846116142 92.817243346432505
3.456456523750391 3.886655975728869 124.014874469147500
8.332702887847603 2.906013837765307 474.041711891008163
4.638405089621721 1.718010812740293 13.958173366711423
5.272867152327793 2.434761471819363 57.281159641839054
4.289347635085730 4.731436776724137 982.017430655022622
9.628997200731410 2.524270214915480 303.965556516728384
1.516069513387234 3.612098169877863 4.495470821454028
3.016485591839391 3.984211390199337 81.364388127743894
2.881047723787628 4.681438126570139 141.695810116237340
4.472067960532661 4.050877692498783 431.648210824714681
1.726957980911538 0.442975553552196 1.273825749941584
4.265077892456242 2.191397278811373 24.011552528968725
6.464652853024498 2.154848797683024 55.795910392050331
2.962626019290483 0.646891983417757 2.018942553664607
0.832331131016147 0.749530792841161 0.871484167370283
3.486821966269401 2.060688322602509 13.115314209773910
2.693653878297367 3.863703712217847 45.995269971158315
1.493145540729104 2.615375926454392 2.853267895745075
1.051965294909238 1.252941324545921 1.065531955342845
0.388254688568224 2.447721398458438 0.098689778966884
2.332472256542528 0.399715573866898 1.402884697716515
6.602584509406762 2.851714802792386 217.565715062378672
6.924965224622301 3.893061246511139 1869.808703985841703
0.838117381525912 0.469306724872009 0.920463240288867
5.587628053088248 0.457028211976633 2.195351387752525
5.304161029307542 2.492791521374286 64.020397586398786
6.181943182450166 2.213996810459649 56.434963309470653
6.834156504605649 4.449782393932987 5178.050263470699974
4.716937336892977 2.051236860978984 24.089980189928070
6.683302801450489 3.346480606727162 576.523274662477320
7.182737189355220 4.252313104861607 4377.368289733115489
7.161197069740205 1.181980271922360 10.246514096512804
9.813235046344818 4.160327851905988 13374.080237922540618
1.719558734978187 0.975068158143772 1.696475667027843
9.100928042064872 2.299496012770908 160.477333087424768
6.515603159167080 2.901617255453450 230.030162189332174
8.847937557211162 3.999229451664167 6118.410456616519696
2.984699994871856 3.637516917657991 53.389920639558682
6.186107275798249 2.198825008793592 54.977941506043848
0.544805764902757 3.817930051634395 0.098398672381726
6.895583533411204 3.574787764163483 994.748826818637212
6.485106739349147 0.725842591074555 3.884400777325030
0.693441969520152 2.739145566657353 0.366862721633229
7.162059951164206 4.835806851150911 13639.497997558522911
4.375788309697573 0.681656068856167 2.735142260905142
3.620608651235094 4.519458504611618 335.266519286972596
8.921543086221524 2.222212969185997 129.443439375183118
6.969767828153940 1.483546002968614 17.821865245502778
9.952908910907219 2.122443872939018 131.248069882355026
0.999019797824737 0.708094212292247 0.999305825174122
3.456611255428312 3.578402840353083 84.626936845543398
5.395284256411906 3.137633657963334 198.058188588589132
6.623223143087753 4.436263692571289 4390.159622748363290
6.053977262138974 2.440863520905717 81.069001712968344
2.326969590595010 2.245937666977594 6.664829851834952
9.797890548011843 1.402590501539730 24.555746855433338
3.297126957804337 1.140989417279941 3.901102096322586
2.504606320209494 1.038714639695534 2.595234029425841
2.226447666150882 4.858833163885112 48.864234630416874
0.373700721901458 0.614763066796004 0.546013655628829
0.929306284950399 1.683805615675100 0.883864587004013
8.130900985399109 4.150090699567177 5986.293967667857942
6.181342241951650 1.623950509152145 19.261020758170911
5.427808947122820 2.780260734404911 110.267568487375996
2.477805612988536 1.021864367847890 2.527454018793158
6.338683508003176 0.305182781821223 1.756937475957573
7.035833601170207 4.117219725199011 3080.238438183819198
8.321337932595501 1.426622869894965 20.547954986992401
0.523203660790055 4.599958652665019 0.050803916405879
8.988680925248570 3.805993024518376 4263.440318682566613
2.142513431065188 2.801351056488901 8.453431642821194
2.922797075166100 2.849458135797241 21.245834445768899
1.741446089203522 3.733622402162541 7.933541559324910
8.882239624892213 2.346531745787487 168.165972654669247
1.766618579896032 3.502110170552119 7.337046835360547
0.410814158562880 1.596204000294563 0.241712575959294
0.200264008474434 4.066582577254498 0.001445142057611
6.383025228471149 0.557166196326414 2.808882594114706
2.598085097178466 1.863555829472731 5.925564204891297
9.734322037114543 4.368143026560603 20752.035141578493494
7.863029990880269 2.383265614184608 136.278922045617520
2.865619958514897 0.652523056697051 1.987676366931241
0.334983630649536 2.934792025317951 0.040368536576621
7.451077006221489 0.468473312967921 2.562190100247467
7.439448195618265 4.717184126110375 12918.677840193273369
0.695239001788362 4.550117323414185 0.191289775759335
8.049742239794886 2.346748532585223 133.549577529012282
9.953392633779735 1.786746293468127 60.690571689898967
4.306090700945584 1.745538488800607 12.788410962325118
3.856588127825934 2.655066837746688 36.008815511776298
0.469578514883960 1.581561572350212 0.302542459409347
6.524127118504167 1.948624449766247 38.654342602822872
6.442900503771744 1.854277113863722 31.641799119197678
7.983885203906932 2.919688832598667 430.710013897053102
1.200339815306368 4.739347367255598 2.376020634089302
8.561145467525151 2.169876956168719 105.555150584049301
6.757711715386670 0.161525302829534 1.361550147336459
8.703657047231331 1.524518351472436 27.076504245562248
3.210104862886639 0.981413682060991 3.141267291680254
7.880789534740853 1.583870819509765 26.305746579894318
7.953737113114559 3.980197328505169 3841.061086776303455
2.086533380919770 2.473220293606428 6.166081006092452
3.401211655329379 2.291410377344823 16.526880329208286
2.694194420481774 0.450728000119296 1.563170577047265
4.405312648590569 1.915764519106890 17.128044479371599
4.519991885233001 4.108254958684229 491.442283492274669
7.050766337736190 4.326874749392842 4679.638711372905163
0.713030377710075 1.178899590811422 0.671164720573804
6.168131368800155 3.847748350439606 1097.266872669413942
3.599631071996279 0.182002250541369 1.262525639053187
6.698744573893516 0.718539206468976 3.922009626573109
1.834990882404860 3.068159955051457 6.439779653512709
9.356352365275072 1.755168702590205 50.635587955261805
7.969540796845661 2.945546096528730 452.077958077046787
3.310089702537855 0.375702636941799 1.567852380824857
2.411963050184643 0.362029853562700 1.375401806955338
2.962946176360141 4.681197532445494 161.522159465765100
1.149078763402684 1.918523215112850 1.305516872922522
8.639667990527489 3.385669404124676 1481.390042570568539
3.583782479727875 3.330276301268945 70.163433445596056
9.310889576742397 2.818782591367949 538.735331436936576
8.996066538961712 2.746251694607533 416.935362550135096
4.949380499311722 2.596708137574514 63.612992405330360
4.567134029870436 2.416682278637976 39.278001051285202
9.876921921610304 4.080282455499897 11437.659107031264284
4.428362253760644 1.498838345808395 9.302806751469465
3.678144125822113 3.295134741269887 73.084103008654807
1.308546856128325 2.005901663113893 1.715014545282597
7.456753081197664 1.202363250729263 11.197517985208682
1.607448960636295 3.366546320893668 4.942770044410523
2.771659636470256 2.926609179874787 19.757256932008495
8.400809135292187 2.809557034018850 395.305537482582793
0.975665148393688 1.394191095715965 0.966236099977387
0.642055267247390 3.157598685408031 0.246825999742197
8.178998274825165 1.155668510510388 11.344328246734461
5.313728285970948 1.515499467343553 12.570203783007360
6.619746437381574 3.106403060536013 354.702374660822841
4.844608964565594 1.712113318526425 14.901864003552761
3.749767775342761 3.045399096384426 55.985092153336382
4.988620737134097 4.999133583806128 3085.302115068352123
1.997643432634527 2.803963326457879 6.960514972550921
8.598520401979243 0.377211836890716 2.251519383262238
4.970598021837718 4.826208102432711 2296.217559626056754
0.458405486751916 4.527567603793756 0.029260759937108
7.401531295638057 4.224376241907096 4702.636693752448082
4.816691282625191 4.144386912560866 675.422059075836273
9.851391160083013 2.780762062343583 579.002359764055541
5.418218115367767 3.626539410861413 458.521242985548383
7.872810819154328 1.758954147923092 37.692179985763147
5.102101857946403 3.241789792269957 196.958118803601735
6.122338503604089 2.830697724104226 168.859351804138612
3.622766666466896 3.966409279614707 164.961608949697904
2.090155282067625 3.543190306188391 13.628672064210138
8.325431648675215 2.876984544757915 444.627195158085669
8.164774621520632 1.486560664873464 22.680904914046987
7.738138422261648 3.086638378941510 553.222083689938586
8.113742427712623 1.772609976700415 40.897296489415552
3.168828800648952 3.949082612146702 95.080323156011531
4.674587924843403 3.158464476667934 130.424903903420471
1.739458632181901 1.034471237448335 1.772970365108189
8.034490113742162 1.727255985581226 36.567449990861228
0.410722878781173 4.040338279411698 0.027454074552972
1.054504849993315 2.477811383962561 1.140538730611788
4.470943720835799 4.534377749580599 889.519913351185664
0.154149460947830 3.690326931882331 0.001007489504506
2.112682203601044 3.292792743628322 11.738473153523410
5.156940927033911 4.649227317169434 2051.507338742321281
9.198473047250783 4.638738036844973 29540.977410665647767
6.978202689872534 2.658260286511161 174.940373888867498
1.743981675570077 1.580950874736155 2.409161451936409
8.023251178749742 2.375554165690108 140.712711822439417
9.738824410993244 4.595498536188261 34888.342539054858207
7.304879464979844 1.464630264031027 18.402372422566209
9.377090500851786 0.307697801815246 1.991146523727862
3.157101528648404 1.809662685768870 8.008364940350763
4.811372055693277 3.799936456194375 391.361972031948937
3.991658354070371 2.270756190149344 23.177827170858702
0.480810060790899 0.253345749619640 0.830671575549931
4.829568106807289 4.098218577597914 635.046723273921430
0.334237195816536 1.527639890689087 0.187467977761796
8.531573656312618 4.682294829360494 22874.570562119599344
1.166690943345220 1.504614128901337 1.261080129543986
0.312711727703763 1.973034297427790 0.100902547294187
1.075459697574643 2.822656039167447 1.227946343169606
3.694032134810744 4.937315842737388 633.767616415866314
0.785757220329927 2.870040068611605 0.500579956496134
3.409681295083656 2.634540028857606 25.319539117785180
5.243547481085308 2.916605383606549 125.563307471612944
7.712520292027985 1.766129712336219 36.889585964277252
8.734640496450490 3.033726958030327 716.936078956605684
8.310822464939148 4.016337238309779 4938.561466455986192
6.922904160849083 4.558830683019516 6772.237386118735230
0.711060510479959 3.423194263545657 0.311205588112368
8.116539318868135 4.591649400310390 14980.017928614552147
0.137121782671353 0.170856051380533 0.712146616776087
3.528356308688673 3.040670486751485 46.236754745139351
2.504633098890642 4.730038006772860 76.926295944724743
0.645114478439641 2.445298702731879 0.342377397962874
9.429139519279181 2.139294421680511 121.529761621139016
4.129445507525667 2.518121528387623 35.554145748172211
5.706583267688765 1.913719233132018 28.021514376624982
6.411574831042076 3.919243343300300 1454.424189793455980
1.052633470076504 1.998779675258017 1.107967865057246
4.266869203155148 2.168384240506266 23.244442870580254
6.341425107771818 1.319273068779060 11.436773779833343
9.942952212243243 2.958537313142224 893.688953140229046
3.923742318302821 4.753635055123142 664.102945845471595
0.645786961295184 1.229584490226741 0.584102028591897
1.280438773849079 4.558885987245437 3.086289104855358
8.956833842983766 1.614195611044748 34.432110515344519
2.409029499568819 0.234349912164274 1.228809801593795
8.099015532737130 3.028328916488622 563.678663969881882
9.122838121372684 2.332030297269488 173.401230992918983
8.712034943457676 1.267011447049320 15.528957658201833
1.989619966949600 2.820842859021986 6.962794692430958
6.415448868764669 4.180962060221954 2371.295415350540679
5.834856994615786 3.028715013428785 208.971575674992749
7.224218435589878 0.553510244673206 2.987786386135451
7.971770744945371 4.294936846407673 7449.393783739120408
8.060687071200096 3.367044609249417 1126.665935076160849
4.811996610506904 3.243619208027627 163.381730083985758
2.603955408728492 2.675595965672765 12.943968000060183
9.792424416742218 4.429668565441406 24508.418930927615293
5.026743932451367 4.913370062050603 2790.495864246969177
3.691101468812701 2.869433210616162 42.404916909495356
0.472420777542303 4.157351799340101 0.044266077585782
2.673369706515891 1.710596732376577 5.376823350176719
5.227437027365869 3.779794800373970 518.781294284489832
6.352838316143702 4.634113177950915 5260.701676691398461
2.608037154513116 3.903070766012925 42.160147469922158
3.554958171438330 4.215002270899024 209.782205821697715
5.501418892056344 2.605870116945551 85.031713519117048
4.803330613734778 2.124299054817347 28.041422857527554
4.714938234275132 1.990130414795503 21.892990411646032
4.908634482006664 4.215053258544271 817.402805998114673
1.955489840131269 4.697718853283040 23.347304828497151
3.606235024312936 4.695086446419841 412.493217611521573
5.297809457565277 0.484683348454849 2.243662017426442
8.933904282998544 0.290407106343135 1.888813814920337
4.121642185703129 2.560812799791522 37.590652328352391
6.341299130877755 1.946430486740136 36.423710243014177
9.470546041784353 4.097453062189904 10014.996794339871485
3.319172788166529 3.178639118632041 45.307061846254058
2.138267876666679 3.330733624950458 12.570396405999627
6.126172367691514 2.449508216743667 84.766927752611053
9.972242882693914 2.181942638175974 151.115391575946916
5.719177841909532 4.476873523491848 2457.461647937626822
1.787159692083259 1.801119289128757 2.845615993002220
5.772639973141872 1.742245153722539 21.208062013288750
6.426634956063475 2.622397002418213 131.478231679710404
8.248967582883651 1.443931807002891 21.048372736978731
1.456719188103269 1.194957942523821 1.567571137844087
8.058209067885279 4.354106136709928 8827.927309621150926
5.783538790621766 4.822801796546057 4741.425356377137177
2.842248944660057 0.915128065124574 2.601111280346899
7.939733982450488 2.420035384500857 150.508921093885959
5.860603192535515 1.201756510258511 8.372972780222971
5.561268799662977 2.842720961538893 131.317143838775110
2.822698475628837 1.149750575377866 3.297249075832816
4.787905486462364 4.457155478939688 1075.262620291005305
1.956256788419556 3.338453958001482 9.395325315703237
3.313433591508611 2.287015246473767 15.484041895384175
8.477993924676463 2.183946325592368 106.498209689927450
9.982446677722915 2.570006792894022 369.867247412933807
2.701484693211267 1.235365639159217 3.413397861292200
6.980439784590177 1.133724153362937 9.051703008348202
8.041256353013891 4.557263072501843 13359.777104899671031
2.348560277087639 1.095722943394239 2.548566336307812
2.223976789743810 2.165831517891108 5.647102066277863
9.264907377076241 4.059526760351648 8412.348291288599285
3.094862127778984 2.653670020113325 20.044726076386279
4.147254173568437 1.797471594839191 12.894580742324877
9.798762603231326 2.898462817894384 746.230462645385842
9.905148019402617 4.624178799055509 40275.337066237065301
9.556856101433278 2.037107110252738 99.313148904605654
5.652843526856238 2.836083772042007 135.985351855967934
3.684128641985314 1.249374793049837 5.099932248163617
9.038682475319368 0.620048221247155 3.915897227469940
6.958437232168847 3.630033412217421 1143.788359395459793
7.287732195953022 3.606428279284260 1290.855541195765454
2.145724707369844 0.373881349340558 1.330360480382740
0.476067251279184 3.994485082629998 0.051576380595904
8.378152353801326 4.966349003491282 38430.533131498887087
7.339969335751885 0.892696020509740 5.926548024918982
3.283281170449310 1.068985545377934 3.563902959282126
1.377883731477124 3.023226157940092 2.635548973837811
0.566504051554609 0.826423516805973 0.625231963277133
2.859570794601588 2.093037391812297 9.016847964587306
6.084576699595773 2.506434079127589 92.389310347496746
3.882497006396580 3.134683740439609 70.254974271886596
4.422694814821672 3.011688075879384 88.025348855956352
8.834950668760342 1.172728458822602 12.871836356770324
1.202350111726052 2.857378914464705 1.693084927741209
6.232989325325795 3.446517314944133 548.194715286519227
9.572058586124399 4.893111739676220 63120.260898501539486
6.732902001349146 0.251061799562155 1.614098218404759
7.999027338732811 4.830671781963002 23029.060929335744731
1.900320402931001 0.594743946404143 1.464976202558573
8.790894922205839 1.091400576633725 10.723048187686272
4.085871725724372 4.605396031839691 653.443828682197591
4.853844102787574 4.413703139910878 1067.036199113429348
7.550815062631291 1.909651685420932 47.496587068170058
4.930553121373562 2.892280249381289 100.936532417301450
9.328473301629009 3.695544460604645 3836.878885678933329
4.849082518797209 0.604863368947849 2.598545707608189
8.671103948264479 3.498605124201991 1914.043821426388376
5.033135175014653 1.782935945607496 17.837470093791961
8.829485441067387 3.943092188259273 5369.210932262017195
1.578935543684218 3.730149351351095 5.494508415908100
6.656232591148458 3.007052896075566 298.876392634864260
8.064464790296135 3.960583243770390 3895.542375773252388
5.305407821937040 2.288236805139228 45.533199753752072
3.137345961448526 2.874723226059820 26.759592681451362
3.264137122531512 1.771230150608071 8.128343923814477
9.080241228203116 1.215787901988395 14.616493949918603
0.954705412237836 3.394946675223912 0.854392906766412
3.580522100369597 3.698765851291854 111.922621806109248
6.684827838796819 4.882402505668024 10676.344802314677509
4.991030287150598 0.629460680149083 2.750953702925495
3.792169523809405 4.327258768942914 319.887349084958998
6.702870858991165 3.547174311132634 852.886556519635405
3.214645314364150 4.300313097018001 151.645996695761511
3.123611862249657 3.312710779647499 43.516683184382956
2.068690656941692 1.032992401950363 2.118903154774433
8.379426605128071 4.716324955488141 22603.653892571295728
8.783217651238632 3.027875696435182 719.889662339259075
5.408322396768145 4.024503277646175 891.687597116039456
6.169797430150662 0.683829514280821 3.470648003362804
5.130117400976417 4.636621797393770 1961.515463490700995
3.929114757583301 1.336374035429589 6.225869660439150
8.316905280818707 1.726055352103522 38.717286457228063
8.588884933564705 2.125526106464539 96.628895891353608
6.653906336466064 1.828667395921261 31.998785486138345
7.759975524437155 3.282658175056233 833.887295677898464
8.033191897185638 3.897936017501753 3366.635345615942697
3.827014182322450 0.442436128054367 1.810832803910865
9.814103138100382 0.117892176867624 1.308975230199493
3.859077140492983 3.931586645195161 202.213682740366323
0.177476022145341 0.271884374544493 0.624960851295931
5.446421937922526 4.977671238151142 4614.450200449135082
7.161305498244378 0.120196476583168 1.266972096124571
3.321715231977869 1.763603538756845 8.307618983752562
1.027512929078345 0.668585291805562 1.018311884233402
7.560034518967120 3.798439081174027 2172.796504568694672
5.637388205576499 4.370624686622484 1917.254638625238613
3.748593613795328 3.942690129614574 183.056486518582005
9.996219200717791 1.307266793424693 20.279259947440750
9.580852816332483 1.179097700782153 14.360560751484496
9.422801058440955 3.918127426519276 6560.870456552061114
5.138067028360672 2.763738079278707 92.143430869036465
5.186054900951106 4.182694539258319 977.114091468074207
4.249663040919544 1.198544608288835 5.663838915145767
4.103679832065577 0.709557019488749 2.723212549121905
6.887672262572163 2.807384146871712 225.315659797305273
2.266841076055404 2.492260631951353 7.687797752568644
8.944787596322104 2.037805991821063 86.919078491555553
3.453506077876960 4.502761391763705 265.251200615683842
9.794086703718943 3.563852700485848 3401.335948983170965
4.169071074328847 2.918718407195454 64.523826583206940
4.331266486555535 4.911622817938377 1339.097791954109198
9.433946140486096 2.941024046389491 735.523757643489375
2.583967762508101 0.626572966542075 1.812708393713139
3.918602201530393 1.640606566360178 9.399286889922413
5.832602573532135 2.828390330503473 146.608032205463473
7.709654043541148 3.202537009987751 693.046006605758635
6.344664973350741 1.920955822729012 34.784971639985194
1.696567975188871 2.749191341186364 4.276961428787144
7.590768397158302 1.511594262254973 21.410897626822290
3.241497334172631 2.655033653014581 22.701101930503469
4.655612466844193 4.733173560530812 1450.942611078696018
4.779602375817219 2.510887091232643 50.801439787036735
5.585751183926377 4.590776182711851 2689.579294101828964
8.803181192322315 0.367261704803021 2.222951384784230
5.501169117304425 4.957486887862741 4685.931492894296753
8.783473737503110 3.562279831475617 2299.341370838249077
1.434193843871245 0.445544463728778 1.174291080992004
7.055356225432990 3.382902867250804 742.091019620581960
0.514918487808750 4.285094852899667 0.058179778902468
4.272072865626979 4.831188661005336 1113.613026476533605
7.140484515619542 2.196359816700180 75.005511057427213
5.575254161915781 1.413964450665769 11.355119655078640
4.732570534719312 2.212005159468485 31.139974908002053
1.521285179619110 1.813477338687213 2.140103889565372
6.554297272683254 2.167401165852690 58.849082618065118
9.208181281967876 3.130102945905096 1042.229692255913733
6.863852959584103 2.206853934265115 70.175145010392043
0.532167014234519 2.942960271816780 0.156232004805725
5.588774529105456 1.126414058432895 6.946849847766936
9.107687665024271 1.513992923050864 28.348959087383435
8.504473336373010 1.287214794283155 15.727363242684218
3.781750464123600 0.670858442014191 2.440900846328873
1.043535920312390 0.962275403288920 1.041859649706123
5.289467104387483 3.153326035368788 191.052904030729565
2.317421189435471 2.170985260096665 6.200410137113142
2.953063611471562 1.257361035995952 3.902138659843951
6.234614543395434 2.646737094877492 126.955661761483796
6.217837713756501 0.341265603599861 1.865700049196808
3.494874401002206 0.602216592306136 2.124533139624274
6.168978273356946 2.154214995193448 50.383601984556890
6.464038704701482 2.674534659216659 147.136662556875876
8.238036779866468 4.355583702837068 9748.704316906945678
0.386196234110293 3.262772753937042 0.044858888959071
1.026213279267871 3.919488061302219 1.106740383909404
8.770768690357791 4.047946887973350 6566.989945170824285
5.713323744647358 0.203373300811365 1.425381049433407
8.597674585147386 0.172231910664609 1.448539110076528
2.249767105658699 2.128491001920191 5.617222585520977
0.437329829331149 0.402596295356612 0.716788575283655
0.398511776469392 4.055173406324352 0.023972847185947
4.798187715137421 2.485629895664637 49.306699798953112
3.422583324161162 3.766612727401637 102.968572121436438
0.136362084618403 0.267559214657974 0.586785411095141
3.026708842030850 2.369452417282763 13.792311544825880
4.961348589498093 1.782587707577705 17.376709856255257
3.931449814117582 3.510204421025451 122.180428248907560
5.508455870439358 4.099317828140798 1090.729290621858581
8.990625356171712 3.079691019659006 865.721477677501184
2.450713793337006 3.980227727619369 35.438324558305609
1.632315306162371 0.198379121752282 1.102087003989852
2.670903284077081 1.116356347726543 2.994349898613677
5.054519788910351 4.801303369470805 2391.006080702272811
4.639275483011299 3.829887248705090 356.803394275321807
0.988153061665448 0.907507391279330 0.989242899998737
3.575530843996525 2.965621317257256 43.752056167289346
4.465273898215186 3.327847508253539 145.410374173090702
0.272917827479471 3.739595692934665 0.007780138760668
6.024748323506810 0.410056454053145 2.088425481897346
1.465413298022536 2.023434744339597 2.166753414908107
9.716532920958267 3.785637886961469 5474.699563123676853
5.881084956731173 1.242032376670019 9.030069009672809
1.248024567556024 0.997648887165276 1.247374619445958
4.934162423605977 3.962972181560670 558.708893925111738
1.672818688491489 4.496938417820844 10.111971004450659
8.734416258410116 2.468316290468267 210.505250379148833
6.214202278347035 1.422428051129895 13.444158631741171
8.550939082415002 4.624315124307594 20413.880549155917834
3.186000301929533 0.138451818371691 1.174019465977152
9.501178949970004 2.810745930092286 560.123924110692883
6.410099725363382 3.325018941372274 481.771047379167328
4.944082246293743 2.695638529653050 74.302618688314865
9.724957822816949 4.686751006963010 42656.360371383299935
5.596349729944492 4.081209902772942 1128.123554666392465
7.676072252958463 3.637783170240543 1659.372750133841691
2.728542068311248 2.184012500786801 8.955255847609639
4.719673721034423 4.219976377284847 698.059786006013042
6.023199499238412 3.197460580304568 311.506336308122343
5.195854875874451 3.969788946311599 693.437457307958994
9.399578247986078 0.192321526940038 1.538684883363629
1.763736361659259 0.715310489824505 1.500640240600949
7.939730476831228 2.103001721089483 78.035651770792882
7.146433701694914 0.437445131884132 2.363835424396549
8.497757559318572 3.443179954924599 1584.025116557291994
8.607604435617146 3.337817991449848 1319.674919860461841
6.077136749146027 4.982526579742805 8031.582839446915386
6.570521022696707 4.535670191140365 5109.319754196244503
7.231692238844277 1.043082212373619 7.875132921977488
2.813308542339150 2.550496744802641 13.987091852849073
4.357517971825643 1.577287883865444 10.192112869466991
7.660462593188616 2.934895111758093 393.727424454793947
8.810084129400634 4.093508637588310 7383.869626673961648
6.932217877504742 4.048546663827044 2536.940935610438373
9.380896997409515 3.275175066478690 1528.517835651288124
3.174988726401308 3.919031799859726 92.543003047036095
7.699066063948524 2.762450244625223 281.022438310910672
9.643577107677450 1.632952781929489 40.477570429555570
5.096438884949948 3.212960683642817 187.249422764875618
0.332143143995224 3.698631072005824 0.016965194875925
4.799482700742003 3.394367634435006 205.222194875545341
1.954153157773379 2.057117131356887 3.967673419684210
3.594175047238331 3.556797565050443 94.657268878587104
3.146059603249841 3.633634758333139 64.372930065741741
0.120759106960681 1.372183846572949 0.054982604314235
7.573450716004683 2.732811187989895 252.897155172639373
7.957064776033890 3.826754677455129 2798.725782045976302
3.657024347622517 2.297242206881589 19.662605641634329
0.374251745945309 2.982125350353485 0.053348357414891
0.522147885115444 1.101735880837608 0.488745755511241
9.562790843901944 1.497186062685347 29.384457817851562
2.113703238248242 4.819547705378351 36.860831337744031
9.313666796543458 2.603889230269039 333.797396387394258
2.451330166726844 2.079203743525910 6.451277162870951
5.977034732445241 0.139194871240572 1.282575199995809
6.139870792105071 4.771479352875345 5763.489440991694210
8.109874159128481 1.352874599669582 16.973918295505918
5.712027747369226 3.950968824328628 977.360797491747462
8.544663485727483 3.422309150073424 1543.647731224978315
7.891985999378694 4.644760200751199 14696.544952378670132
1.469738804744085 1.923514878974672 2.097437061217294
3.809635588051082 4.191967094531901 272.297870909963819
6.053940230804495 1.590564886623844 17.534055945279153
2.323893801735382 3.358632655532363 16.981887087877578
2.221632267075526 2.823075234908274 9.520979508701327
0.446312863222418 0.272797530707054 0.802458338993126
4.529852126910781 1.578117464397376 10.848698958438113
1.738764347819109 4.104197499490091 9.682675776481240
9.891591229031164 1.484410226436619 30.018104635870714
5.468656210885607 0.962462641087337 5.130769830804601
7.226855850201344 0.314766038809555 1.863666066658285
2.722788299299127 4.450191910120543 86.277038660527467
9.446177735307932 4.877114502377745 57073.661003712782986
7.301807496216664 2.394657341607385 116.847626812401913
4.148795491252407 1.349530125675942 6.821884958456106
2.761443757177387 3.601197412380714 38.780959520768427
8.373322492381206 4.562835606879556 16256.648882670364401
8.529917349460664 3.461129557396217 1667.710424789797571
5.898761357500091 3.551186800174816 545.903241776454479
7.371193128802851 2.953308367205885 364.843500807355269
6.893395203280955 1.144844219536280 9.117491704957482
6.622889374589056 1.608983872460684 20.943641120636578
0.426716920229133 2.173846451942382 0.157029358107284
5.437453491957434 0.291280550238311 1.637594692153271
1.888606214546033 4.984887394956379 23.797638111403312
9.667359991438945 3.016304156264900 937.536721159695617
6.625586473245286 0.315814144006130 1.816997198550820
5.056228006578996 3.189253789401750 175.663612699289985
7.967535397332787 2.877469142586481 392.222047100870441
7.153261577893231 1.599676340365130 23.277160538299835
3.461185662344434 2.589652037145702 24.911785193683766
1.414993874438285 0.985557079264976 1.407917553527896
7.068211921294678 4.040223629424282 2700.228779980943727
6.478520024318999 1.459377556732340 15.284441650212628
6.905610354078835 3.879512165315722 1801.750449536699080
6.419550210656984 1.938865871988722 36.782658114580919
8.913102253529823 4.887530308424120 43984.026925390171527
9.455359106274805 1.706603355141235 46.248259740947077
3.512268987166064 3.394682582812348 71.137286741540692
3.066707826084688 4.936698957412614 252.670847496239929
7.857001226988612 0.543428056830851 3.065544851352066
4.621724413746090 0.927658387074388 4.137243179484979
9.438779049554109 3.940483541160098 6944.480173310298596
4.502390130476491 1.586735587653670 10.885326473631878
0.669075642117084 0.442735588239483 0.837011969694151
2.299045169341169 2.311205239540195 6.848736942576621
6.916119062245699 0.449179119880054 2.383683998544915
0.782412416629184 4.760975530938306 0.310921057994694
2.673541869927948 2.306417677637728 9.661420473868537
1.666771482890993 4.567260620769309 10.312543607758117
1.308619159033526 1.792518298319654 1.619533484984204
5.443408471788350 4.199470664639620 1231.029221102772681
9.358813768427162 1.327537132091784 19.468463735296414
9.115205590445207 3.060025825301763 864.789045725619189
4.957693544941167 1.922946154508055 21.726280520729503
9.256671154097488 2.590007408694159 318.511549091053212
0.489644990545151 4.551759591320188 0.038762725366551
8.552854611011314 4.491322302558591 15360.711238164638416
4.615953731652292 0.866874218137614 3.765573443713557
7.964969742252591 2.034717620126600 68.179722449123943
3.574457800723053 1.330768263787137 5.447466185436127
8.518988584530508 4.475301812514610 14580.327030992206346
0.245311669289839 0.874253125761482 0.292724609647799
2.069948449484066 1.607842191835724 3.221165677798898
4.858011380694832 4.635549902842985 1520.942382906247531
1.717880983903951 4.238773439760419 9.910199410519084
1.405786110668499 4.323683013596491 4.360697295352645
8.866368476132656 2.463106605060458 215.972711634317875
5.230196076168372 1.449310621939321 10.999063941726487
7.002239376764302 0.381880207902808 2.102709435295061
6.463994490738808 1.258533737808003 10.472318082680383
0.485574159403053 0.987540711220630 0.489964482864229
4.041172255631809 2.590376078278851 37.246216527177438
1.525378246373491 1.550492351741809 1.924533550294471
1.875689738618238 1.430156148013648 2.458458531476975
7.398734046702445 1.714759601782036 30.931147036756908
2.518105591919854 2.639358709531673 11.444003711867916
2.773903796352412 3.388436385792366 31.723931600544343
6.976653231302710 4.540777205251673 6773.508657073515678
1.525885606823576 1.775513082694962 2.117608493521957
1.799668197966004 0.106560579667537 1.064617141665435
9.495902093237012 4.214854346577898 13187.814217201625070
6.042985853818740 0.786559270358254 4.116239831259263
8.295212700510032 3.313618463168070 1108.265607123696327
6.941745323262690 3.681875224126409 1253.668377476721389
8.384084339736029 3.839443081363145 3512.006912134391314
6.129102318740205 1.987998348883988 36.757306564871428
9.505701794901299 1.456005689104145 26.543032476146166
4.566922581767231 1.897715615568601 17.855750140295225
1.193440562991982 2.371496550450393 1.521012627719919
6.111383105976873 2.905969842500295 192.529687564812946
4.740804125710261 3.544293644153517 248.552417061013784
2.948858626557421 2.905121664731571 23.142052340780911
7.482110181484158 4.812592125065927 16081.312725512212637
0.532762862983535 1.850403146331250 0.311872836136435
1.942675922053115 1.289289304935683 2.354135716566255
0.758170923503883 4.688794284718115 0.273056665330828
9.878632097578699 2.341215235487800 213.205954702404739
7.371527421631242 4.509788908813517 8175.251566528379044
6.729762463332812 2.560022692525295 131.734070707918306
0.187326024355981 2.695865963449369 0.010940118332815
4.431378647884804 2.789721249176656 63.630186813659236
3.905900712814310 1.777188673772013 11.261603008773596
9.779384419926773 2.758007648705329 538.625291216458209
1.272886570660721 4.862068608022112 3.232174004593535
4.346305628482719 0.285623307364190 1.521465187673412
4.997439982341369 0.779160649242575 3.502971658693100
1.134756213999540 2.998433349054258 1.460904059149616
4.892199092209222 3.871320796316724 466.972869516061678
0.343580769969418 2.557253174418074 0.065089105060609
8.292515671906802 0.883280485295180 6.478249672328060
9.780986959878918 1.610024681911747 39.313395834987283
5.387571496458111 3.551501478747818 395.861700961300187
0.339560581907261 1.458257724943568 0.206993393305826
1.967887777706749 4.383392313757194 19.441008032127844
6.623655639789465 4.906173612540151 10676.971732936221088
7.037944642838047 0.983121945436195 6.809929396965098
8.572892579354761 2.693861795507504 326.374488753729736
4.228422260456834 3.255238851890969 109.234567817651268
1.118159062353112 0.871012489220184 1.102166561547949
3.993289872477188 1.568453980049580 8.773234629502639
6.419094494173182 1.567016573116025 18.421490998593171
8.679840897622647 2.778159696572718 404.888609456147321
6.431299941438325 3.785937101068952 1148.598597275208249
6.067730094395633 0.315675086739584 1.766777584835614
0.540894021630610 3.359291387360300 0.126895449744193
1.344738128486475 2.955855156125504 2.400128339386377
1.326660713925920 3.174731334160857 2.453181052309450
5.416527796661869 0.137475266253171 1.261445484707604
4.737984346881714 3.339245295584695 180.290491471591139
2.587700634354118 4.295454983656358 59.381838268121534
2.828565976411767 2.665053224530828 15.975271910604352
9.245563073409635 2.954665027779431 714.512012834841812
7.661449834197041 3.468808291493668 1168.167711639772278
4.881413433067224 2.607042318795004 62.383178182060270
1.380520214103714 2.280556810261454 2.086293923497883
0.926342565043880 0.469040542491744 0.964749456747783
3.526348068761492 2.090664898305302 13.940345447873478
0.653030296688494 0.395635217244608 0.844852917152432
1.496705017355366 1.719836918482789 2.000809438840705
4.676906625760791 3.545378711978073 237.277911178402803
5.660688897562637 4.069541154455995 1158.330652377345587
7.281327742178307 3.254681211250130 640.059832837406475
2.304328371103837 3.303984064055458 15.770331077645523
4.130546548055984 1.464754642881606 7.985458848607483
7.740233849233158 0.612926693670550 3.505428400058113
4.234038592780297 1.380963853506150 7.337122004023889
2.029059924358371 1.524385547314158 2.940599395216150
6.248751396917851 4.850728500025593 7247.312405869821305
6.721320458944773 0.547710448686348 2.839262401679298
9.295159636488654 0.127440729457000 1.328603400377984
7.247550672436880 1.518919941686038 20.256371773958744
1.287878695839214 2.705682463112915 1.982835793600630
1.022756048644838 2.024814894399134 1.046614159128599
7.892804869977049 4.628064497468086 14205.110990233770281
1.514611049341909 1.634169000962852 1.970799767511573
3.526471211287792 2.076747836405558 13.698968677363004
7.210803613423740 4.918182107152019 16585.169817408954259
9.787744553668830 0.418702448255512 2.598969848265818
8.900828875067338 3.859159955243772 4613.218008173161252
5.443757225417646 3.087014923193291 186.952130816110895
7.597639105017287 4.598010461066105 11203.912101034848092
6.075303348027143 0.443165658108484 2.224592220218509
6.386043458173624 3.877798753331174 1325.949977660620789
3.647061518575310 3.986027236431195 173.748257688648863
0.971329671068919 0.371944284829974 0.989238703591007
7.879303022909462 0.952532865942218 7.143879101412264
2.892963563414184 2.308010917618313 11.608726975505592
0.220816615377683 4.326349708119453 0.001452285322007
5.880610101919122 4.841761867397961 5313.246522452132012
4.029307541882657 2.737358426071873 45.366218577962726
8.299083243626530 3.432310644193383 1426.910934184990992
0.132213416961944 1.875922790048884 0.022468844541840
4.583494481771926 4.412522709888741 827.076175856691407
6.378847132981866 0.802087790611776 4.420525384745050
1.740313877132477 2.999006756403866 5.267975516856425
0.455152713498007 3.537037957365508 0.061785820071931
7.507683143038459 4.644522492756877 11649.492568059125915
4.441382204602937 0.707567355500240 2.871856290306783
1.408258484054911 1.866082612868782 1.894321102580935
9.380136798561043 1.291789842077376 18.025608440354148
5.888403718494382 4.477574759659777 2803.636604425974383
1.259513857273116 0.597654096555667 1.147854136328821
3.618335147056992 3.003210218300451 47.568483637593808
9.688399092595267 1.376185733136610 22.764911151151910
5.369188381991162 4.028335685388735 871.599613005419087
5.054764689575845 1.399461416429072 9.656112534409441
3.578372108378367 2.645417105652319 29.156077303674845
0.534869905998607 4.594532125275556 0.056419269210329
6.336554428804797 1.613730448311914 19.677724457582560
4.287057862380549 2.617347641466893 45.141997381837868
2.515120674903648 0.380604214425756 1.420542978317317
7.695757852714302 3.561955213296637 1434.788125364066673
2.784692456418377 2.519469336597039 13.200871805491900
1.037242341361311 1.292355745739039 1.048390109860842
4.865958455428149 2.326396557739253 39.684982456294264
7.726473859508432 0.796851476077586 5.100223889958189
6.120408969056708 1.155805920087510 8.116438340489259
9.062425204813133 1.440815611000302 23.944883357309418
4.611389671030634 2.163868023826842 27.317720284754547
4.934072637269577 3.445534017754742 244.603836727938472
5.202343596909421 1.172820636365780 6.917879692603755
6.377840837491651 3.080597070219936 301.214151486488674
7.007233063576487 4.327295708753704 4559.634296854007516
0.478908451733337 2.366808053060384 0.175072948341100
9.457155458602447 1.228880430614943 15.815867500640239
4.476890503440403 1.969633694697504 19.150723882995504
7.285468228303780 3.816503358018440 1956.914381956566103
3.671999565493888 1.343463180077938 5.740184766870932
4.841073484545613 4.033897963485670 579.408454483437822
8.349369448914556 3.231701600423844 951.721033847274271
3.188088383427416 0.573509732802731 1.944372894269202
4.540872671941091 3.521999394704444 206.273910672622776
2.077253460547271 3.022319435970313 9.110761120306472
3.998701901108577 2.503492158935964 32.129174685882141
5.544554465538129 4.840334989483106 3986.243214052770782
9.216732300993366 4.191200603362150 11034.066420273575204
1.919366672514119 3.906502448632194 12.769009885920225
3.467949699375060 0.190969382253515 1.268052886592205
7.192614537531904 2.638995986191687 182.524341417646951
0.992662919471815 4.971148882638890 0.964053793931423
9.627884971074050 4.585988185540271 32393.737231813141989
8.471013424711574 0.837023878642396 5.980039636093189
2.577465524327079 0.339631252103884 1.379284791617772
5.934286093514543 0.582530373713109 2.821698645132334
7.651606620248091 4.713221156536954 14632.603776297934019
1.955991949920992 2.201278220389941 4.379050666359343
6.036360802570863 1.652794409801403 19.519148577806810
3.725826812013883 0.993980369009419 3.696443854215151
1.270061578741399 2.839721676469485 1.971666570755825
7.186205741995387 0.364589553088910 2.052441670486361
9.054820324559802 1.868657382678971 61.387588288088118
9.604348418223937 1.442198137591406 26.116404421525012
2.080929933087484 4.190910187072458 21.566934536848382
2.548090172128573 4.975917348393076 105.024648010373696
5.522121274521964 1.081502170276064 6.347302331517259
4.195145670672785 4.521507374486172 654.267517857827897
2.514711687192099 3.696059744683807 30.215397704988252
2.035101257834863 1.186422242655736 2.323342950682616
1.260215505350417 4.014222560002853 2.530508832299535
2.082099493962616 4.024251218010582 19.130660438456019
3.735694105318592 1.949187911441679 13.051464086937903
7.877740636906982 3.655822168544364 1892.714577690455371
2.367744909983086 0.194508392283438 1.182527588983564
3.975905113605058 3.516908299427780 128.280747806412165
8.461176325386980 2.802622705997566 397.409702335218640
6.474908618613226 3.623842412462054 870.528279324162213
4.705371418044585 2.769552286496051 72.909480138856381
5.142149431233937 4.846676690592424 2796.973861448267598
8.859581601547898 4.414796692201088 15227.784321459148487
6.321440338054349 4.614158087256785 4955.549551624493688
4.021472558854216 0.971509609382024 3.865146341225264
5.760928879738164 3.785052897824186 755.969707186667620
2.363095405804053 4.876321302648447 66.254381498829460
0.711486740617148 1.455741078519320 0.609246655643954
5.423432472618539 2.708668379830034 97.477730252324548
4.049615561125091 3.137374075550708 80.479320095630484
9.231517903207768 3.656675925156454 3386.031277779546599
7.756461621195005 2.999348324693384 466.027099884671884
6.864588469659661 2.329909019437142 88.968380371194186
4.416765922040445 1.060300994948747 4.830641626839430
6.347738012717300 4.916424924014797 8831.124891066117925
4.952420670693050 3.616810464385338 325.854186215356776
9.858298208885317 4.898524706059653 73818.193190159290680
1.601657738965199 2.171315812624859 2.780900564522247
1.739128999252659 2.983330314772579 5.211816723405057
8.265285315690367 1.028368290447998 8.775641777959548
7.331709996750146 2.309370114468559 99.558698940687123
6.000367905905152 3.305176163560464 373.263030956709883
1.007461794743369 4.126960241154415 1.031155695143864
9.110925374619878 0.969875890981346 8.524256794193075
7.337337402742594 2.978023185409341 378.088694961381520
4.996468286404799 2.888071515589974 104.181138652945677
5.091575597279128 0.899505879260499 4.323323229368741
4.848629787103747 0.895630896591937 4.112080256130476
2.547045516926495 2.371413467962799 9.180808175283763
0.554196824369198 3.410289597129132 0.133604202174550
7.098108046686955 2.157634347053523 68.620601505723130
0.760844390817474 2.131848553231701 0.558393963976471
2.912875454372633 3.975411495202827 70.124646024663889
9.405850091050839 4.969024987719655 68681.417060316365678
1.410793304182806 4.503357162465780 4.710717135024292
6.315316923542048 1.229524072772696 9.640623098262971
2.003960509458487 1.971963627076039 3.938351194744212
7.795284352110205 2.363110571451259 128.084782994447352
1.823970055797018 4.261625675970176 12.952683397017319
0.424813652622860 0.519618516972416 0.640921791705581
2.620820549085237 4.042018094220526 49.128225562444108
4.910199518668241 1.346678337581284 8.524879327821713
5.813156525866522 2.471230862568057 77.453057796509356
8.745645945789436 2.293107797192394 144.420994072548638
3.471177241084736 2.203982255554434 15.531065595588530
6.007594182421832 1.148138910585222 7.835314710064123
4.196969102247924 4.719201062936470 870.480721539885394
9.710789359958751 3.733054368624230 4847.020430736803064
4.199325343148955 3.618868393536110 179.971890669644097
1.467277775623997 2.161258300682371 2.290214583698351
0.692214306937724 4.624829090064527 0.182448352604636
6.207782946705171 2.603632305780358 116.015268403567632
8.836907448322252 0.141289879838944 1.360512876836897
1.777908815136012 0.958879192304423 1.736332936419461
0.793211865337423 4.750151054818122 0.332723527588725
3.712425641519361 0.524080716969969 1.988596401552313
5.499664268192630 4.958873150781423 4690.651826339136278
2.683653075991828 1.310276643303986 3.645441659602305
0.536653000093952 2.539330098937806 0.205874579423705
9.013058809500171 4.499049520341000 19770.485532811020676
2.022858388575852 2.261374523802724 4.919291333743712
2.593581373582913 3.894943443790171 40.937057057302738
9.009179939646652 4.512337908590266 20317.136321793808747
8.445200231423371 4.744632844479941 24912.884078101749765
7.660374709201559 3.531827533861991 1327.451142066099919
6.316883177814875 1.896910544395436 32.997595012434203
1.550974139080287 3.560695131011743 4.771827285044137
9.237921570838532 4.441062609700771 19416.716560338303680
8.905193326242363 0.478910137385923 2.849665130544229
1.584503191581843 0.350131859114138 1.174867659399457
0.502824197567347 4.275235737674554 0.052903418478927
2.379740550046484 3.215994338344927 16.252384820584943
8.706021668129578 4.151712587422706 7977.401673158448830
7.681073555182962 2.275525882866422 103.466677974016903
3.295651059485508 3.311540928479701 51.901935986808468
8.549620680905424 1.181216641136854 12.613369672770940
8.063690473884694 4.934371287869395 29728.609458525323134
3.755679254474682 2.937602552825778 48.776023428402659
7.193425524030172 1.021465558543017 7.504648506576332
3.838350855457529 2.289912009798094 21.759048270476438
3.432039573365662 2.803616722237369 31.730969899494248
6.995921056485202 0.732853963198860 4.160523059128765
6.737193591503983 3.357146437037772 604.401332611193880
7.149680263617395 2.520116283697321 142.200663592395728
5.778332684686968 3.400462826954441 389.476471951335270
9.634734634216091 4.014334141276190 8901.465814093186054
9.904071931590259 0.348248579075613 2.222238850719922
0.598370682008823 1.028761303258380 0.589597565853339
3.759521032102289 4.219087326223626 267.014177108901436
2.043273606715236 2.032422410458796 4.272819867808669
9.407705432302155 4.890539377304210 57658.112329272989882
5.599558208806554 4.517570219198306 2397.933648307576277
6.786604890329839 3.401688316242906 674.563465441346125
2.338615122581731 4.467456859260822 44.494600834975657
6.641196446099825 4.276352961820921 3282.581481161508691
6.337714126703966 3.318467852959652 458.339941550565698
5.864968840963762 1.924506863850818 30.097652979437552
4.007273674383992 0.988114771305460 3.941703972629375
8.547894590966244 1.620386434832306 32.357274913505172
3.535820405639782 2.580182112047875 26.013847928956171
3.665464244043983 0.795029571011425 2.808660372632694
1.654245485470491 2.330037995515343 3.231068818860819
2.704467976713301 3.371449686863967 28.624782506781891
4.102633474501928 4.466657062855183 547.445543620991316
7.826140612409674 0.305682808092989 1.875608333930812
8.760946334817319 2.161228474096010 108.910086473013422
0.731133478275583 1.857708200802445 0.558914657964436
6.089208498578997 0.152604164561030 1.317429100486127
3.672264295496824 4.683772024835832 442.610525921882697
9.126636474584885 2.287225031132147 157.197918273872205
3.084970204918044 0.530824424702102 1.818470946450044
2.360425050310498 3.234156312122113 16.080837309820236
5.867805893633899 0.482602515628194 2.348920535989997
5.233340100656982 1.375691817979835 9.745818817077279
4.112055440770168 3.749630392585956 200.675403322637209
4.465989429551692 3.716722891114817 260.353822767993165
5.307592531473770 2.993064247718830 147.796793809457512
1.822201606149948 4.647843548037216 16.263402599310755
1.491168654179668 0.789185567545382 1.370707594945341
2.825700146401075 0.936778112933016 2.646092564394360
6.415179321490891 1.794940451237609 28.111999003203628
8.996436555596384 3.731647170982553 3632.909362567640528
0.148715649302709 3.572838687892711 0.001103986840209
6.523892449670953 2.292747973696872 73.698525476564683
1.899838671653912 3.724991390658112 10.919868180782098
3.053791378885545 1.452871989588989 5.063018711750589
5.341622244768748 1.829962103724383 21.459239574062508
5.592676203895296 3.482401916621879 401.339765352462280
0.455127554480162 3.202041369527524 0.080413346795920
4.979145129952776 4.852022204284880 2413.295466568923075
1.057799241141494 2.587206899882355 1.156475028761258
4.014298593053187 3.313188220921562 99.970636981079551
8.883458492454896 2.034459962632617 85.084853980241220
2.937641768114863 3.526130850407334 44.691520258688257
8.250980724036646 0.741477371533912 4.781543850002238
1.731398230636668 4.849048693066409 14.321829946464005
6.480160129866992 3.886126301886574 1425.360376662000590
9.504954468196191 4.346151193571329 17795.850024731509620
0.131919957869084 2.484505342171920 0.006522389761423
4.244371228475984 1.059714014609080 4.627033226553695
4.770800071835298 4.756420899123127 1689.139224605565005
8.708463242845321 3.779630941277769 3569.702830843685206
7.474736934798345 3.506659130659619 1157.185768611656158
2.074649034770379 3.211581589855268 10.420620151372002
2.722263052415816 4.686829677548230 109.255484635275380
8.700199821686720 0.535175114233858 3.182824274122799
2.307151843121594 2.459398487217203 7.815360279544830
2.174406557005139 0.705959057258031 1.730408967789247
5.663186467567712 3.610926475092811 523.898798384150268
4.503456883377049 3.136562208006412 112.172839449066103
1.603826958373005 2.418623464619276 3.134720078158500
9.797749475498485 2.373028376362750 224.890394821363287
0.162805179167134 0.767050463592529 0.248490471455736
2.353517225531096 0.182850157936287 1.169414789095025
8.918494955918415 0.734314174202158 4.986692288397506
8.690819570510682 1.738438191920190 42.904124472975077
4.067811891422756 4.677628199647422 708.538656946520177
2.893732238777623 1.682807348317755 5.977856563869724
6.872497187442304 3.500266502663749 851.381268690314755
4.552854903623860 0.514235140099446 2.180281989153349
9.976606845859038 4.909437287237541 80249.750831279132399
5.445188272912953 4.463584083912475 1928.659089323681428
8.772328893816249 4.235885124291711 9883.855800031966282
2.701597281266253 0.771630727798826 2.153038153242190
9.657509860091103 1.929181837430065 79.429893348478970
7.838052369456521 0.197670977629748 1.502308074137799
7.628248536641419 0.304684879046608 1.857212097608840
6.658685555072883 4.957496322121916 12076.622555137200834
6.440739718592516 4.075550670742608 1980.882129836761806
6.584515156255517 0.346626508074724 1.921861324566099
2.979021737802367 4.778437523266168 184.217729083613790
8.523495698682952 1.171071070663675 12.297576151626238
8.202779094503201 1.534879779587628 25.282515528380902
0.342141881543028 0.121881448874352 0.877462129108830
7.069410387032744 1.790204248550519 33.156555104170380
8.575499539565381 2.214283133444597 116.546868901254840
9.761767098439558 3.485515498098603 2812.009086775269679
2.637904355077367 1.536467676099271 4.438650047907159
5.246777362583186 2.291843323543164 44.656134963182190
4.931330300586250 1.784409379777570 17.239776316026688
8.134719902713050 4.851468970936038 26091.490848736510088
8.110728924153797 0.424545711867596 2.431853881668101
9.315903365515515 3.251274810053473 1416.500545919757769
0.273001158063388 2.413392314931077 0.043575633704651
5.807794507190152 4.416193147657920 2366.035247280962267
7.730684996988206 3.399102870608786 1045.067342661097655
3.235882963290995 4.553437960665323 210.000631237361375
6.879024369083008 4.127243814572817 2862.051885596223201
4.433306262814195 0.281736918022160 1.521272724442979
5.284294378516156 1.666583600642485 16.029437530042546
2.092125053545812 1.921609161328406 4.130894908645865
2.111947036357391 0.220866079019590 1.179536722051423
7.413233030218347 1.449019507986041 18.224602305965885
4.187978267026381 3.338330595310130 119.249449639314079
3.225938473134196 0.664396798647786 2.177456417316344
1.530922924502414 3.238332154766383 3.971369570943906
3.323251453077595 4.005677368033751 122.804397726192050
6.392432233472942 2.600211626279747 124.423509022121848
2.138836017757795 2.168038838091562 5.198016090498855
7.256308180463801 0.778281058770867 4.676045638643796
0.491309951946307 0.709340301315377 0.604040503402711
0.659540157869744 0.783217876569943 0.721816010495776
5.942868158396696 4.066603593193883 1404.543853421586846
6.525229256674366 1.006890292321413 6.610108341399362
4.592706694773912 0.670124122830058 2.777590474381350
2.499185872765505 1.051086003396056 2.618909528069566
3.054042236707728 1.639250892824235 6.234933711562414
3.355511000871153 0.671819462909320 2.255354970627644
1.261552917231121 2.794387924646018 1.914119435665678
1.578649928363185 4.709576768520832 8.587017706339775
8.028066547959360 0.846738732236849 5.834036484030574
5.394554759717199 2.554568662087512 74.102157542697199
0.495723015357000 1.356012519054768 0.386136077775747
1.075013025664640 4.841180927134095 1.419317421859492
8.722344472468061 3.351666394233145 1421.309964353310306
8.490068963892206 4.788080623635623 28035.080270074253349
2.782284819686660 3.449473169549830 34.115469163300332
1.817265152753542 4.733608256939883 16.903809944167755
5.520893513934807 3.992837323889445 917.746442479764823
2.713014173325783 1.554354733782647 4.717786305224520
7.359716134706573 1.412940097607958 16.781190061514327
9.681099534537152 1.668923704743672 44.201100090575395
3.648300186895418 0.429926673039951 1.744446789325766
3.309090659039613 4.944347081040461 371.210305126851665
3.484114896311319 3.234742627893103 56.693023073856139
4.111470463236943 1.328881122284488 6.545295441551965
7.664518915495844 4.748338486047318 15842.863949659451464
4.591545476709015 2.658545502730489 57.523834791960205
5.327108748773691 2.042688372547035 30.478659898065988
6.824007099716481 4.026297681517665 2280.820902307499637
0.783298283393295 2.012904403660463 0.611625442554615
3.172651954120848 1.111306030635688 3.607727878016969
5.426907476894385 0.584366481503052 2.686877160169463
4.059161517425950 3.448496750209445 125.369159906660940
3.768552730275493 1.268248209914737 5.379382185948589
8.956148111025614 3.998415576442164 6411.748883282186398
8.326755962035703 0.909570639290490 6.874447430390303
7.074016612475007 4.370682871805216 5171.552791744299611
5.758947399773798 4.271183137286419 1768.335549910343843
5.926618455566503 2.258618981366693 55.651450632597374
1.797260882806557 1.623448431133735 2.590287839096676
6.194823611193847 2.334650880081511 70.649822232335282
6.845671221457380 0.820058714262212 4.842729389529922
2.164536391302111 1.619127548261368 3.491391377479746
0.123993792577619 4.632167641225041 0.000063165008162
7.156099367786760 4.945756279585721 16866.345272104044852
1.304604300914328 2.499431538228160 1.943709554789034
7.069965253835827 1.297864044671740 12.659837928526525
2.856981407982449 1.223920804686132 3.614053433111688
6.829819569317847 4.804355224705230 10204.655469712886770
4.400265419242908 0.364516853522000 1.716164421750325
2.895616461748183 1.266570548539494 3.844391412429584
7.896140523104657 0.105487805047826 1.243558798820501
8.661261214013177 2.252410762377093 129.365312742557876
4.437209619353219 1.432258321378284 8.449453198548239
6.130667185795010 4.589362420415206 4112.997345270609912
2.737680915460999 2.043153457471672 7.827809324556537
9.280420085213516 1.587997357842984 34.394963145854895
1.179241235168575 1.098446981782430 1.198537763870286
9.089414224895517 0.749089506829339 5.224312913005302
4.563008288421450 3.061006928886832 104.225183283528054
4.155971704006010 2.489872322737185 34.706893148895432
9.382444100054501 3.432520478311125 2175.176646957880166
1.262753175983851 0.874706675358986 1.226376843625427
9.159627185400476 3.610495623133537 2970.677983068710546
4.967166378831672 0.754188251354028 3.349631319941158
4.668450471888293 3.230951153568832 145.232725277488555
6.779197947749064 3.896519636886175 1732.617221803111761
6.006475808074617 1.367145063751210 11.600751489325814
4.367592004571953 0.496559894277449 2.079306593697727
2.441143879505311 3.741759161041301 28.202075438852159
9.075720108593780 4.688803950161553 30996.785441410789645
3.523193559238400 4.237444421574119 207.784446190950945
5.593587996526811 2.923925711047202 153.529346993600910
4.012796058429829 0.379534295213575 1.694450418144627
4.074433229773546 2.045886667987433 17.706322152175748
6.086248691002986 0.774774195859127 4.052228284137411
6.762307408924839 3.972489477195134 1984.007425532063507
6.097081873127745 1.358425768965586 11.655475426837707
8.101185876590376 1.123644260851046 10.492655559962090
6.579428956228348 2.747438289128123 176.978941557882450
6.685153927803583 1.827558636462082 32.206200039495734
8.841201255514157 2.291590557386201 147.576193472014552
5.876639115964439 3.842451293528083 902.278904744509532
0.170349528074630 3.339299118043124 0.002711549027898
4.587876742686602 2.554661824328629 48.999794541180428
2.052752227491986 1.066887516353909 2.153911955993840
4.777398267820740 3.749992452450926 352.340691904944720
2.556218208018681 1.013322911195369 2.588381665933293
5.830734987696566 4.866941541309655 5330.041021164556696
3.729633683938516 0.725750907736147 2.599484594361067
8.592697719145198 4.658575688740048 22475.695398288866272
5.975547845069297 2.000320477190641 35.727634881225491
0.973201765264209 2.568557869283825 0.932606493853246
6.402952766552610 1.054099090466384 7.079535092040794
5.961676459725052 1.161464786819098 7.953588119758530
6.341055156728218 0.573281567733972 2.883131293630560
8.345852455312532 2.388331025309018 158.773152526746287
1.028080754191886 0.811772787428486 1.022735609315510
5.617173192045322 2.417851917115619 64.896770419979291
3.381150336060128 0.726016459975502 2.421639666507343
7.448444934033891 4.756682593960230 14064.986333983417353
6.455139468518105 4.084451332762328 2032.451214115191988
5.440229946482223 3.343835487163710 288.259140987629507
1.412309374916094 0.123424310865865 1.043530116525507
3.842572724874574 0.445046739795182 1.820472646054859
4.765065365948581 0.810301625659670 3.543564169022363
7.043192492215635 3.227325684127288 544.538346826211523
0.772592496843364 3.427213480291299 0.413030759123146
5.886169006879946 3.980330751249631 1159.281429985856448
0.585309133010777 4.752520460107081 0.078432107109154
9.813287530071030 2.855820581707032 679.898887527321790
1.240044040009230 3.310231744543763 2.038442593994485
1.906745090422273 3.947172100254490 12.775069631340635
3.568352822949997 2.918882849697035 40.981585286791862
0.453751024776536 0.499768207536254 0.673733832369688
5.996353980454600 4.266081886699010 2082.239881437225449
1.763831737769604 4.379886315931759 12.007547445978133
9.961619518988517 4.669030183877732 45838.739840535679832
1.475281361431895 4.166816434244756 5.054410650509440
7.895879912854814 0.482897660939235 2.712393026111240
5.474660825150227 4.225740203673931 1318.577867615374544
8.211464505066502 0.767974668490801 5.037927025704864
6.317719283699910 4.080869904460737 1849.194259848789898
5.067603852882297 3.588374052207586 338.139237265650195
8.054860724055851 0.175881843793431 1.443308461997821
7.970075573767670 2.371955839899675 137.476699688021455
7.233482345619844 3.733499443759987 1615.746174602587416
0.272435183958355 3.688464974376186 0.008260152635868
4.816288096451542 0.796851438381137 3.499616081776002
4.893831636785337 3.520910618633747 268.035656957844822
5.800728286314498 3.066442391828622 219.368958839068910
3.585876552168323 0.816316493068018 2.836124675645659
3.646116116451085 3.323442905128356 73.656584017998838
0.583507984428724 3.887311575262113 0.123183071727104
9.864128199784874 3.139083287171225 1319.571954275157623
5.915521952814232 1.744896167454429 22.235543526304092
9.297008607869053 2.277124709062346 160.338679609803449
9.185615869412718 3.310044825410840 1541.457580899921368
5.422563306621032 1.461322354374583 11.827954355685868
7.976570485573429 0.500984571234360 2.830062364331624
5.863303571447547 1.690912409703306 19.900385216776325
2.813892307989239 4.900589857463837 159.173820957081801
0.937149172449129 3.758189145212889 0.783523199524604
7.347134218297540 0.617654473070172 3.427375126794502
4.238673418278529 3.316326627623433 120.253965252014424
7.237185821733465 2.110808156958684 65.220899520423089
1.281660851637044 2.620404082363922 1.916060072292069
9.195977590368779 2.599923455674623 320.096402444436364
2.318036712274910 0.993329934642640 2.305074325968095
5.399790718240431 4.025734187261848 887.881152579669106
1.272307240568962 2.060941988777321 1.642699185611984
0.927902597336448 3.944195784982822 0.744428626208371
9.561577986681348 0.272186714323003 1.848788037473118
9.782907559727112 3.184348508178000 1425.591635177642956
6.325926987622429 4.419908201470263 3474.523967708309101
3.044694023264582 2.742067919442662 21.179199595694890
0.650401108364725 0.588841473621528 0.776235293776237
7.499168132411030 3.907246183246305 2623.563370361171110
0.636186618994689 2.984985256074521 0.259240421466537
8.169882392300757 1.443128108758563 20.722601196654335
5.106585872244235 1.333027951211429 8.789373812267678
6.045344292039790 2.509379281798918 91.386441638069115
2.533693143704237 3.929866071492585 38.609947359427849
2.028773400054857 2.651319220619222 6.524905035545973
7.833140783983653 0.568379056249529 3.221769467752308
6.562768132177608 0.502615725720990 2.574428329969448
1.260233333900694 2.664507105917225 1.852048280978575
8.792958728617855 4.303263254593013 11557.438797047527260
0.671745718251759 2.321473045639459 0.397064306837365
6.243320698789244 2.556970099573708 108.107050322009030
5.938829606079763 1.507440778659500 14.665883615485184
8.350609469967337 0.250823996333596 1.702899569969710
0.953579612748003 2.908733711323364 0.870873120193048
7.459565030990813 0.738247859287102 4.408378507670590
5.208273468549798 0.875647813681886 4.242006611592678
8.090857598741236 4.367282272580865 9235.672722340092150
9.440537235179040 4.329880901275862 16657.876246443101991
7.819713338522455 4.110597466955892 4694.052840567794192
4.452854093574988 1.115026591427766 5.287484856368091
2.418984316545381 3.658977297908220 25.334050405068968
0.461062862831565 0.279795485890394 0.805233075848750
0.978653895998714 3.621039613231478 0.924842344950986
3.000284361955659 3.732897852744722 60.422482830812882
3.588389503471626 4.960975945925281 566.035222907514367
7.438515189799791 0.128030135193186 1.292934437016512
1.181030255944422 0.645127050275560 1.113313668376361
9.564030191480855 1.585847160914821 35.904315215131049
7.650991637092331 2.480714575246367 155.686676039811459
1.765790197204314 1.462730169272823 2.297234202839310
2.623188227104561 1.406520484617098 3.882327850181644
8.748244470089759 4.902299204333266 41455.115750971883244
9.428766071441737 2.058408051491376 101.350461749553304
8.942959818798988 4.450698207479970 17169.435828621710243
4.344512240194925 2.923713339868104 73.308897008879356
7.560108913910183 2.802422869468342 289.739098726707539
6.043460909808790 2.744834960259239 139.476278475747847
2.781719886002037 1.078749425749193 3.015107631527688
1.214819542703382 3.089376959572598 1.824268311679312
2.539302932284040 4.367449566236003 58.555841880665170
4.841588815932915 1.071297830730579 5.417838495757916
3.999076230936753 1.779462550578776 11.780526823911822
2.573942485754670 2.310114402913978 8.882399257950965
7.137303418382776 2.359226702231843 103.200209961138981
7.532248367198769 3.620894562794598 1497.102831571527304
8.364263711425956 2.740640288020974 337.320366764808114
1.395319285253102 3.172384377381253 2.877135120557004
4.470139453191506 0.574502700652070 2.363802633038227
0.912436917243132 4.967089954354061 0.634342732677667
5.982140391547583 4.518483836476755 3237.531443249672066
5.435721014382871 1.114813241798025 6.601983227094851
1.397025376942954 1.770188637239214 1.807336391262548
0.350989965399657 2.358242387377340 0.084663201823410
0.544099891802610 2.077646198986233 0.282379867518783
9.480111384242305 2.359055870675439 201.538248620826238
7.419546295555729 2.323845721254970 105.347122702994398
4.592242698274273 0.702046932908416 2.915899175047582
7.702657090543123 4.456423057510573 8938.105039649883111
8.443476410471149 3.088382261623208 726.861942815008888
4.636459602932212 0.539672951286725 2.288351970180189
9.502212289370688 2.042369070900548 99.329667758963609
2.140184443303031 1.211995683775030 2.514811464980226
0.393412295324595 1.667802840949642 0.211001831333596
4.047859771186761 4.006794402638419 271.036368701316064
7.265764162824389 4.932962724910493 17728.358868042643735
2.110080955094790 3.662776749954654 15.411157835569629
9.564077754247046 3.434529860800529 2333.715998861422122
6.126666934919247 1.099515701212149 7.337792841608265
8.991374232391998 2.348781162955621 173.911665884420955
7.850227222850005 3.380751592440947 1060.167570807592028
5.938665631957705 3.683863027228901 708.212904999237480
8.402134112143063 1.077291945466734 9.904612303321695
0.650170807730980 3.798967142817454 0.194848688466986
9.944334938427660 3.131716174601321 1330.834624055467430
7.404813251534764 2.364125071066814 113.668494364605550
8.413862918699863 0.899416557768404 6.791351478738438
8.006570960134150 3.616900570291922 1852.150901672717964
7.262905494854913 2.535238760333109 152.447548757611855
4.506303175323886 4.379120837843487 729.723895529612605
4.708660721633332 3.688911770487005 303.570198781499982
6.713498348950941 4.898852271924349 11248.650703310506287
0.461778611099618 4.856804898183884 0.023454193301736
9.011519877660398 0.388383106349133 2.348699366564930
6.103757035032000 4.758131155661514 5469.840886363466780
1.073248585057912 1.798424892586777 1.135565600264815
6.928714249589052 1.519482700995424 18.939005072726175
4.036899916933086 3.916983619520984 236.526616923005008
5.133897371176110 3.849273044371054 542.881684376521889
7.692540239096687 3.165547305347747 638.110357504869285
9.358599116032716 0.933836363493028 8.071458218591385
0.377725574234743 4.409027869748030 0.013669698000914
5.428228375307768 1.195904703394054 7.561032246129613
5.083531198446056 2.456901573459856 54.322420305503556
2.392369967847192 3.668447622379183 24.530812348194875
2.416417769654923 4.403765834890356 48.685524582809613
5.303886237285298 1.593849634072480 14.285459065539204
7.646361315915702 3.757456921430416 2087.100745628172717
2.853198037170726 4.236578562159442 84.927714413925528
0.441751874962398 4.136686019983806 0.034057632418846
4.673215224442230 3.069100226315799 113.531911700395227
7.199641863612999 2.742926600789735 224.667811658144529
7.201200717658682 0.864436783988733 5.510263258901276
2.833459714824112 1.181885499456723 3.424419437728460
0.199032622703863 3.143033363421434 0.006258864900687
1.065846909631027 0.993646872362096 1.065415183001962
7.339287366829486 3.401167154788328 879.495429971155431
6.803199360902588 1.352283086003026 13.367924151884457
5.291031740140487 1.170248878775833 7.026229044094378
7.368949246796995 3.424847559195124 934.828261363260822
7.279684000185156 1.760673283390983 32.953268332011753
3.853069445999830 1.759733783468646 10.736533437060793
0.945350247411813 4.720948385066465 0.766963322430190
4.834807859634020 2.534384544862238 54.260040873637998
9.104551541672153 0.401200595768896 2.425800634428461
8.809788075098210 3.736530623871241 3395.411261242565615
2.910146488311662 0.888977005010287 2.584696974816096
4.547251714963014 3.121236855147934 112.977095645443200
4.325865172773348 1.310163043136399 6.813328211889160
3.141035080244845 3.089945012448874 34.350066198597233
7.407049660318130 1.009234876453321 7.545296715269616
1.642580065762610 4.848513030543920 11.091321039888598
5.227041560080459 0.998474411792953 5.213869902473153
3.131522235772553 0.541968992544735 1.856453641860524
3.789439454219598 1.519137045377488 7.567190622650948
3.515419037697563 2.367451800084435 19.614374764270305
2.103033634054032 1.056065113350175 2.192535471768853
7.155232923306768 0.197278523819020 1.474344306217125
1.405664144128928 3.486840052563154 3.278229624775855
3.612681339515258 2.550311814434988 26.463029548697030
2.487746520122760 1.819175305767739 5.248566847210229
1.425388549793595 2.275356995564873 2.240026381137969
8.047008664694539 4.851997095816113 24781.969221176244901
8.805829379166365 1.110123227089081 11.189518971336620
0.118992663413915 0.123311380759841 0.769132419516136
7.763806788129171 0.167701967399742 1.410156395785104
7.509558049327196 4.593380410944740 10520.343857188659968
7.309695127365742 4.302095988044524 5206.879855748565205
9.742298387971129 3.319507090596507 1913.676912147479015
6.023813587884416 2.005749740899261 36.662924692914054
6.600274978211969 4.102144600649143 2301.240207900990299
2.548405324233759 1.058855184913246 2.692647555289521
9.909445451773880 4.040897058787208 10590.900655949664724
0.169895203916881 3.737189275634718 0.001327520187122
9.801002749421144 0.110993503022171 1.288322484681271
8.012044295598812 4.831538054264301 23252.537134276488359
8.460936665786658 1.822071589582787 48.957902011557159
6.810083253078353 4.844440686296654 10868.196627257277214
3.209303668599068 1.803788671359628 8.193285469414691
0.128386565405658 2.771408032789426 0.003383327237832
0.721602606753927 4.013222571452197 0.269971991393219
5.371646739200203 2.480732862154673 64.744298436487838
3.586857120521742 3.580270336222106 96.833661963225197
3.606794331643067 1.089879576434551 4.047577862951763
6.750243421930159 1.805661442370024 31.439101507374087
8.369791044023847 3.354674190535230 1245.681190332344613
3.791358361216786 3.292743546056004 80.505019789804635
4.799739726169199 0.285664678644660 1.565308097279798
1.543673434161243 1.009966183212631 1.550367330115502
7.292555906539943 0.823355237407094 5.134008408077903
5.088615326329061 1.827199285326866 19.547819656297516
0.445550337315204 2.464862797295321 0.136326010999839
0.753067632449694 4.324687422100977 0.293322561888337
7.066011525058712 3.462328963095915 871.206119160744151
7.571897561946327 4.999291818444644 24854.270053950163856
3.546304355193235 0.238643229095595 1.352696359483911
5.217219557843939 3.841822176553229 570.523446594965776
2.989469054315635 1.019369198144344 3.053556342605958
7.389915449769640 1.170276593078837 10.388394628746674
1.260806502543424 2.677607579420485 1.859931825747177
1.554194981170943 3.195911432553313 4.092932890904555
7.647872682473803 4.472164267126056 8940.028863724312032
2.497272445512237 3.204761311496293 18.783798463044025
9.504557535391955 1.840230620028219 63.040584916126228
6.878344985047393 0.228429582900774 1.553481588047960
4.350876174136554 2.349339017641646 31.639762304078133
4.577928659367448 2.407909531059264 38.979048305758212
7.636673509937562 3.567589032657954 1412.015373436715663
4.568470911061318 2.285923843379329 32.224482310594631
8.780395576756034 3.399740419736345 1613.254785971972751
6.317537299843910 0.925209739883166 5.503951970722563
6.005004866430249 3.845565620780028 985.880386615212046
6.161200600426316 3.945089373656075 1304.068418262441583
5.178359889071473 0.304140268633159 1.648977070502827
7.011974493543509 0.155152574332005 1.352802210733780
5.571485124094637 1.909069729267029 26.552817334917833
8.290302447773660 3.925355878402338 4033.811692807059899
8.346092372318235 4.515149005720260 14475.510737726765001
8.014852556784209 1.925890476824647 55.055892523195610
5.523015095838241 3.874368703363502 750.696444472044163
2.494190231033298 0.630700795168524 1.779687695827395
9.528054694795003 2.555951837556519 317.897922710726959
7.255203577347046 3.676734836375979 1460.092524282108343
4.626084534580598 1.657789487961744 12.670217046172430
7.795285212345857 0.295057783861323 1.832913527046030
0.700289862260589 1.937398412395246 0.501466044914296
2.433527406699644 2.089890305959152 6.414921958962016
0.969065838747406 3.488419467488140 0.896178521270305
9.333911551860439 3.159702496508557 1161.749877193147995
4.544797469203089 1.443950690009830 8.900585279789508
1.583329656975622 1.367328825550236 1.874475009743502
5.289252837268156 0.874171793776882 4.289146863458575
8.807328154056890 2.278247506444061 142.098303438009452
3.333919670504134 4.216963689448157 160.428971983725120
7.411797352455239 3.139580071154394 538.511025088189626
5.456416590042151 1.799165996167996 21.174782279683352
4.928598012842257 1.013569532924992 5.036436127342889
7.282704911370167 2.866942437596521 296.581169090406718
1.975965295084001 2.172949646516679 4.392518028862864
9.954642819603977 2.010824513718659 101.590829480594607
1.484211832648298 1.656742389852701 1.923643148509306
8.809055264810128 1.509592269416973 26.696726891121028
9.446076320155695 4.432682462257431 21036.815566712120926
3.315013241073021 0.160958201670182 1.212764211873644
6.870858118057052 4.043013283063194 2421.288349634623501
4.114009612832686 1.262360007524332 5.962439034294386
5.861322324025492 2.484213213333090 80.884411276423336
4.218503549320568 4.321343828682108 502.949609427079054
0.155997347012381 3.971963289527623 0.000623865815452
7.704872706294406 3.079926441032954 538.483514487951879
4.960170935478953 2.190350296647355 33.371926532804025
5.226535669588003 4.355323322322848 1342.931406007679925
3.563193104713227 0.364058400970068 1.588187431215462
1.216800857771980 0.201216645494759 1.040273614946944
3.903345585960422 3.387783635686332 100.846447119050467
4.311544683145573 1.257180000539460 6.278382612894962
9.452480784786443 3.418033644988193 2159.973274047070845
8.281251634403755 2.760324721723406 342.170870119964547
1.385067712526698 2.203069254872608 2.049606183680482
5.929646945729315 3.981881940548980 1197.042477131748683
5.273031503372966 0.781285817225949 3.665519406403568
6.259908002975375 0.387827112694115 2.036716812632857
4.064057628074445 0.848127548471207 3.284548137297331
3.011315349489462 2.326388626649480 12.994903737294472
2.633837839971509 2.498685527798049 11.243971327318395
3.714992533831103 3.442777874889555 91.672400467632755
2.312850160099801 2.292527996637988 6.836256244031818
4.772402944324259 1.647206093102023 13.122600119473825
5.072631173903887 0.695541337662836 3.093989983237326
2.515135691935535 1.078943961059035 2.705100006499740
7.097000781553555 4.931347058390326 15737.852588166751957
8.640857518499340 0.637937899759717 3.957902632899999
9.659933938779494 1.999569836908702 93.223330247887745
7.685177958614732 1.492497833561853 20.981501750538872
2.872192692463641 0.412554838662893 1.545390458993136
5.249843945516833 0.751425679327972 3.476454048546155
7.178043606832061 3.983207904259292 2568.326501933278450
1.980289672262930 1.032239757718776 2.024394667425172
0.237798673581797 2.020482277216932 0.054908831821679
9.371461401404650 2.272816489200374 161.711052221578484
4.624679864662878 4.832792380726715 1637.576701262109964
1.738655123956834 1.216165514472513 1.959473108490265
3.520374052787394 4.683898853151293 363.217451196295542
8.394096718270072 0.641214257653023 3.912598486311350
5.541280451884180 1.760469513273706 20.375250899553269
8.990334687527277 3.857935118733171 4781.953895683463088
7.462517359104034 4.209866324966752 4728.579106864304777
6.699501736007537 1.800473330787126 30.709128983598404
6.909126339047500 0.489765025994713 2.577033671856060
9.779447319607547 0.777549775569025 5.888689707923829
4.827106087714268 0.894177987268126 4.086370362511866
8.587942415708154 4.795835815972336 30114.725418256050034
6.874900914814668 0.512123252092515 2.684006812256146
0.421339952487158 2.217329406050962 0.147125150096411
0.423615288652067 3.854548808211558 0.036487484605926
0.948033833435811 4.385998773450460 0.791314960046249
3.627759650408315 4.018980229078393 177.490899900323768
1.900479115820433 0.215406500511024 1.148335853994480
2.619144244610209 3.656829696432454 33.817209980129967
2.656105040273767 4.060197688890004 52.786098907579898
5.260485895985803 1.439294487942458 10.908588183084552
6.835967089189385 2.806793966394194 220.349211043872145
1.389912828834201 4.295907805367776 4.113972553316808
3.330023935994904 3.646516246593783 80.373479252505362
8.571569385478789 2.210381889544415 115.456845749380278
1.644526919630291 2.618359174347838 3.678518124386506
9.145534210624403 4.594151404615030 26057.937540958369937
0.805165646841902 4.439542075477599 0.382096931348287
4.231073012119883 3.834448659754169 252.401746385502548
8.858413438279069 2.232234582835240 130.232897864228619
5.852498732362391 1.023160529510188 6.096960196561984
7.127119660924209 0.987219895310134 6.950462741306481
1.127481515482037 4.702887736209347 1.758185936698192
7.279110881174258 3.978043737209035 2687.728034833147376
2.685686781827287 2.905550247577090 17.645822747167053
6.073956228361546 4.848227863387270 6287.081958800988104
8.700151326051774 4.628548651419136 22317.499493315208383
7.268762078601488 2.152952976216985 71.562227088385328
3.101399617513792 4.270156466011785 125.611214547833100
5.960555950729965 3.687285910779746 722.277323567634767
3.349425468008643 2.108481670396938 12.790581623440120
2.534285255630719 2.646717134385427 11.719019135920604
3.715016848227501 2.822918641234583 40.639928235297639
5.779920748447407 0.102556214884551 1.197125893083198
4.200201963006569 1.008309784139217 4.250591938004386
0.482971668670353 3.652444089097329 0.070071516921250
9.596067267317157 4.392038497679438 20577.447870438572863
2.620320549334076 2.333671900232710 9.468952994821185
0.531618710617336 2.775812078360639 0.173108295935934
2.434401831780163 3.163527498403822 16.686396502972165
3.146111323282770 4.623288732385470 200.148952815438292
3.772610734929517 3.783874282617242 152.034034224902257
3.310101055896981 3.451681152062384 62.276795043156319
6.581103545103694 4.616502485584287 5993.466647328052204
2.313958752810891 2.864199558348257 11.055723954824639
1.980945594486643 3.806846315055834 13.494231785966383
5.372542518971655 0.905511149078848 4.583381475946507
4.807234207717802 2.200881400439580 31.678940039055782
4.268421206876841 3.600089001043631 185.788257993337140
2.123143035445267 2.919212008202064 9.005788907518053
7.555478120031689 3.370351085116928 912.118204645409605
8.396410875572640 0.323127035978942 1.988839114212828
6.630818093148204 4.618654726146249 6230.671193621767998
8.200064321688020 3.200263526721057 840.341950016361579
2.273244926792818 3.548217932195799 18.427166105681970
5.789883444923082 2.161786342904652 44.537845401480070
5.224727766713418 2.678458537917069 83.811527987385617
5.255494424055174 2.978007114673380 139.956272455398818
2.128367643856954 2.731970751731773 7.874334282465378
4.459373169342101 1.653578809402850 11.847464730098451
2.793357928533845 2.183526969261160 9.421703572444502
6.078219081943053 0.844067334401796 4.587330327339577
7.349815309470983 2.484585962920205 142.016317802584751
0.356742931486926 3.625258564365275 0.023832658817033
6.370591116009056 0.408319793728876 2.129916128226395
1.004820015523036 2.914540865104719 1.014113046346949
5.297777203390710 0.947747118463795 4.855765536304272
4.535909619729189 1.969874461155226 19.658320721233249
0.419072897834982 2.425955107287907 0.121252713333241
0.258001869651085 4.664806445782865 0.001800256936085
7.709439720183690 1.535481079886631 23.014776037155759
4.856148970540153 0.252129136995067 1.489478401219972
2.175419672371568 3.098428092346994 11.113551677660341
2.513241852267213 0.969347936062540 2.443240824336439
4.219162489103571 4.420416237567586 580.443929470954686
4.701421823041979 2.849317498508698 82.298984499104662
1.044880487772705 3.513790691241805 1.166799163255664
3.500671594619477 2.570771024916778 25.054663640036413
4.294382482297186 3.248571333210317 113.768791310965668
9.540944921706844 3.416765045121156 2223.481987520481653
9.785995896586584 2.521616366664198 314.721095885256148
8.691478806976026 0.143111189772089 1.362682922351736
7.762724962384768 4.762893490906657 17339.750170688581420
6.026695900353812 4.842213523843691 5988.394873135187481
5.134255401701522 3.971169437260719 662.867016483533916
0.797134385745216 1.214642516799073 0.759269625373967
5.504686251048455 0.517345584995273 2.416655388636008
2.421008598128553 1.583400779877280 4.055272954738638
3.604900409241897 0.549854891432296 2.023999911453607
5.140353832964263 3.389223413000899 256.870464412928413
1.927111999483409 3.075210911886478 7.518807722375891
9.566384582245785 2.037773230688240 99.664774058854618
2.244082389962152 3.474812015193339 16.587992566016254
8.346280597782179 3.423432095912894 1427.804178610603458
5.441218166031757 3.715659657287965 541.497511224736513
7.800768911040150 4.765541333630328 17845.047778017986275
8.731542074086793 4.905251673911160 41332.146774744483992
5.824403759140131 1.498268888052461 14.013688971947673
8.987214102689865 4.744634666924357 33465.911011233059980
6.828405665382128 3.064081978162078 360.099712012100554
9.757931510579123 2.080876532780697 114.480457633183477
5.025717142965896 1.388956623701955 9.417457413900044
0.419000562190456 3.344028098750425 0.054534963410609
4.918266877645897 4.452712170486925 1203.483435527448137
0.693919250590270 0.243640779552073 0.914821547661246
6.869735144920749 2.056507947001693 52.622775207906301
6.139827955942843 2.079797618891174 43.571789027300362
0.124251717792621 3.970739213898662 0.000253344237357
7.632530987645123 0.126388415458678 1.292882576452735
9.150162839770761 4.543151677299452 23330.119850446269993
6.695083977197280 4.083197011046413 2353.556066781592563
2.144702330069090 4.455974521575060 29.961462906550377
1.315344969781239 1.747167135691017 1.614292378177263
2.475290476977468 1.787369225579969 5.053069882391068
2.929502610155142 3.371730486265485 37.488942280924803
1.038050655096054 4.951423071378184 1.203108754819951
6.004411785172181 3.213130176635822 317.195454107211674
0.201876986239845 0.945609303260101 0.220233623907426
6.466201289963134 1.424226006190254 14.274066011401587
8.226898210665649 3.646866535197212 2176.426434541813251
6.486006559177130 3.801613038795283 1221.304081387111864
7.936726308718007 2.212566238522277 97.839944551338988
6.779395661974843 3.625282004589080 1031.102182849482915
7.675227253563472 1.738032069567989 34.539573079494453
1.307077022231984 1.748769705630037 1.597290763752232
6.442258792708035 3.036944400447491 286.420389368376220
4.550103833769848 4.734213260179034 1303.806671635412613
8.241910132669419 4.884347592879137 29798.784213126145914
9.638065957023422 1.125721730576508 12.814415639738385
5.974173196275164 0.820853985737867 4.337212827676854
9.878443267152624 4.166191837403962 13933.593977249089221
0.273984583386826 4.720849334031408 0.002216102067814
7.667917588711775 0.120805896306937 1.279010914817737
7.940307946849290 0.727411393463857 4.513900042398254
4.475684085978552 2.904893954230980 77.745920014769894
6.356235731382525 1.512470170931126 16.398949718574247
3.617323578431675 3.090140675744845 53.149048195539009
5.706435251902844 1.600569382864928 16.241064512684446
4.301293825146185 1.913216646441159 16.300929366239650
5.405630216313162 1.997095323238751 29.077963385611255
0.757903148423918 4.863673299331537 0.259705066054855
1.014115838392706 3.603217753957220 1.051804014951388
7.450495812046985 0.128800057426550 1.295201982856393
5.523709896107896 3.680284331547329 539.039523640352513
8.428403864191251 0.830263988048411 5.869660951381944
1.512603916966366 4.172863686921641 5.623009885769963
2.418037660383591 3.154034617098776 16.197790126891736
1.920021145190001 2.177159363559063 4.138112905766334
8.376642034117591 2.266422855874493 123.613768798043424
5.832444456589743 0.960510470701550 5.440108123012168
6.979063147021792 0.278305090835889 1.717248067507171
4.617518901061578 1.164105680262541 5.935289685254725
0.638636443567131 0.837435305792375 0.686930138077655
1.011140388473714 3.882461691469913 1.043951448594213
2.415182983924263 2.911720091148023 13.032967912581089
4.861410338452287 3.076867428480438 129.740775998337881
1.411929299698144 0.141440084759365 1.050000622224490
3.571136090287821 2.092675550804125 14.349753447390686
4.789863111969073 4.544337525098174 1234.860223693873195
8.030323475628673 1.694337234954807 34.113232718513984
5.424780629461655 2.292675791355220 48.272550671786362
7.999573388789575 1.867770690376849 48.609566823594072
3.632059291861978 2.028904414670174 13.692941468104001
9.439151918394684 3.474699142676067 2441.174223204361169
4.653465304814061 4.511222089800355 1029.172110568744529
3.809655392124646 3.997681837478157 209.988824991543424
3.189284079463512 1.121361576824048 3.671319715418737
5.494046591080052 4.781284642505992 3448.544805623053890
8.216316052848827 2.031890993929220 72.197845281920308
1.225719900949721 1.488248069372650 1.353779983337470
9.368622959041591 3.805218660169948 4982.401684525214478
8.124262023147510 3.524700545842824 1609.592299833444258
5.811794161942154 3.356743728218259 367.784609887938984
7.657696888229633 4.762132577759068 16225.298899192113822
2.921599468030150 0.496237403665425 1.702387397978773
6.511237868362765 2.443257321011401 97.272360035214774
2.647043975322267 2.093958160758521 7.677930441112200
0.856309534553227 2.810596743674828 0.646624698271821
5.673903490296063 1.142644383229568 7.268067791032510
4.944377305619368 2.248150870704715 36.346919384448732
0.498901164883826 1.569992223339048 0.335648833085350
2.794966234758863 3.540757955611518 38.063732801090147
5.042544644493149 2.279502437294192 39.966104734585464
4.584839310010942 0.725463301008471 3.018327624116567
7.313808887768642 4.129123365016223 3699.606740850499136
9.211555690187989 0.434681164711986 2.625290601580899
1.927413352184980 2.275186005588746 4.450110764104784
9.864782642820197 4.696261281488203 46611.677547243307345
5.539123457736939 0.652152178830977 3.053772622684527
2.024982179171992 1.995675843162246 4.088061285015193
2.642039946179191 2.849321570644432 15.930924369358367
0.747028793943406 4.611800420973014 0.260529616291522
8.166630475314697 0.294521213324175 1.856162451303571
3.317828566352633 3.239512988107420 48.675801377047442
1.102262524151884 3.526703963317153 1.409700408142722
1.389550326661517 4.595962399424207 4.535705221628222
1.441481407481436 1.475541791978202 1.715257721517848
9.947442396042261 2.269323223917094 183.708700641802949
9.671290933198652 1.026278328264448 10.265528943535982
0.978027092703857 2.362278796313035 0.948868657376170
3.613929310324233 0.533085918220005 1.983586280656214
4.622973910782202 2.471656169971934 44.000456881768145
5.078005186935798 0.384049832976376 1.866471369921937
2.249723756433579 4.337861028366023 33.688952627888277
7.450250320879135 2.356759211754160 113.630971556555195
4.465411654618670 1.475768965011050 9.100084719902902
4.905369078012365 3.835501572943227 445.730497246415439
2.963505038623625 2.131869804768031 10.135105214205987
7.584062010887168 4.228218562275042 5253.121458151289517
5.650047333050372 3.390889659950066 354.916052555534009
3.846760504290319 4.028520356538417 227.545219458902977
1.324440902336779 0.554525241537591 1.168611480119011
6.748871244632073 0.111776812305581 1.237909266190941
3.926234297507404 4.312548643573257 364.377296731057299
1.792594218742482 3.881490012785205 9.635800910151405
6.527338342681552 3.473994845093865 676.688970205894748
0.289111162776185 1.861819588992715 0.099220177558616
2.603310895709579 4.363729178637071 65.049368975816222
3.488747870658465 2.296549486697185 17.630618804640907
3.325160219862369 1.452628280446401 5.727956423411106
0.572858307480710 3.382278213757062 0.151931689867558
2.027488463277328 0.119640298709550 1.088239771028275
1.749804083987837 3.738498066218619 8.098703484549477
5.336886350554624 0.676550463580364 3.104895606541925
3.830963355278793 0.675419216090318 2.477293314473119
6.156593528568517 4.396467159311809 2953.313185605804847
5.603830848510847 3.386714432612513 342.692825156545609
7.614445878537128 1.197237126861633 11.363970828690759
1.407009248792345 2.308269131912095 2.199425607575002
0.899510415642934 2.429233982181968 0.773161623952655
5.860651504123977 4.182152357328211 1628.046275630847958
7.081607964869421 1.348315246721227 14.003796029708353
6.503178543104744 2.703254446158562 157.792226154236033
9.341627923808016 2.279071337373634 162.802943943732174
7.527589579589868 0.281338149669098 1.764561331607259
5.873351036690827 1.193632403941653 8.274984612779313
1.780510735261280 4.762002224592719 15.598898276890013
7.066848615643431 3.160369818585277 482.911502211215407
5.444223994957822 0.100085996187993 1.184832303114121
9.783618783052651 1.206921553569471 15.683941801245327
9.133498660650542 2.818914612816390 510.451112302929516
1.292801423083185 1.867344411098511 1.615356276651530
5.771717185747995 0.549929262091676 2.622188571591453
5.756231706139238 3.465070332951240 430.459759798169955
2.343487853705995 0.491487410404106 1.519787485433889
5.350692504443725 3.929427508048145 728.172486830157254
6.187108943139145 3.925354008934823 1278.997407655906500
9.065346801408037 4.177730114173491 9992.950469232710020
7.007537788306607 2.635447382252862 169.216710173393125
2.578696368873103 0.198627968057587 1.207023116160556
6.969258378574517 4.359079937903042 4737.155524563068866
9.496472746866226 4.235454604648026 13817.225835673898473
1.634320673722913 2.575578204929484 3.543780665741376
2.092281570088486 3.418375274662220 12.473832945355946
7.807044917061245 4.888865070556444 23080.592120163597428
0.199998722835264 0.450921365393745 0.483969775995924
0.556615499857510 4.071326635377886 0.092060323898196
2.918891237209149 4.261048395601825 96.009905166275104
1.787410173613048 2.970680649564318 5.614067449888066
2.119153184366610 3.756853243444970 16.801346427286493
7.395195204173258 2.606004839533522 183.859880186997430
4.677489558105340 4.707135451555411 1425.086183074974542
9.834959350007031 1.438748511505358 26.813286968722867
5.095638143542341 4.499138717349717 1519.793250945410591
9.052935366845867 3.369676205445079 1675.214954845976990
8.352459488270778 4.097469624899553 5985.582389669035365
2.658749972102365 4.695612531497637 98.655427564454001
2.004536376639853 0.287171833222655 1.221040017240456
8.030895757894939 3.257136956364890 884.993792560412885
8.399835936916919 2.727195885429537 331.640478202230156
2.264337360493298 2.427257664953880 7.269986157109363
8.703617286166923 0.683444415970833 4.387656006965710
7.639655208680459 0.331011764875652 1.960233483741207
7.182031388885275 4.101769288444357 3251.837790493264947
4.075299995810691 4.148629515209839 339.880352020898499
1.122059861968408 1.115372955817066 1.137068226536434
7.614554647877779 2.888633076437200 352.166050690895815
7.337823040979259 2.336443278337900 105.280695683981108
8.867668545125053 4.389058329714721 14454.097139439993043
9.921783366100998 1.813796694966768 64.211257816589537
3.651849450603417 4.375385257363958 289.208130124781349
3.096950039052468 3.629934282476392 60.542295051153019
1.409995571058899 0.293469416326493 1.106090966806774
4.638548317395573 1.292825693330480 7.269689816929327
0.705986884097295 4.558217288379284 0.204541858342771
0.338118937925109 3.481029245199503 0.022944423154558
9.681738714761185 1.141275983542834 13.342735852756380
1.708816579653294 1.771219741626469 2.583180616489988
0.439840323957706 3.085335814698527 0.079331454871548
0.562817460000081 3.252126837252144 0.154228149766637
8.514890422977203 1.637465608068038 33.353101549329786
1.975438913379843 2.803710978399003 6.744585955915195
5.797533985717234 3.679223333695538 642.898733783284911
1.982520699897441 0.570983300105194 1.478108657232957
6.572011251754616 0.513582466782551 2.629998550476077
3.159507509916323 3.674468688555982 68.522912200276949
3.989445448618954 0.404941368932379 1.751194331933229
7.218783296269270 1.547234480448768 21.293404701491230
8.818440920537101 0.566557751561366 3.432567277326378
7.226223084220497 2.704827902408437 210.478347358070010
9.295201731472714 4.802471286349237 44671.977602899460180
0.858071719156742 2.070751006226729 0.728356338363396
8.806611930250963 4.138761806008906 8134.649042847947385
0.577984470103374 3.512130962077171 0.145820440996354
8.204840217757807 2.728464908333609 311.894896057979224
2.871764809695820 2.894127119153762 21.180736995281858
7.668968162639053 2.812453984342131 307.809427700035087
9.166964411938768 0.182546489862201 1.498479809893110
9.297548152179003 0.573552534733188 3.592610800383428
2.492506687876006 2.830653218566966 13.265997483298152
2.921743610084499 1.190857623283001 3.585200497057325
3.201474193174501 3.443785440283674 54.994212910955611
4.686607431317538 0.372931162634369 1.779033266092320
3.999115094427924 0.117388838836700 1.176694825434993
9.505757713397479 1.951063683342544 80.930907899858212
9.848145429911122 0.198013966988720 1.572888930168571
9.204280286097843 3.376022055864857 1796.598138219547081
9.875787515937908 0.797628257737223 6.212959490622665
2.521168772601240 4.555444165656097 67.526636817331720
6.696951237585988 3.740974167559973 1229.093817351630832
4.638790351195014 3.960530165984823 435.828971043936519
7.021298729031455 1.598656008198629 22.549158714470533
7.215096537206260 4.153741983966834 3672.116368344173225
0.700599475516238 1.193074602468618 0.654084642733458
5.105562336548036 4.016124748303555 697.575721481650817
4.256136929075067 2.062502593832510 19.831076480623643
6.604616574559981 2.754522572146444 181.254479174284967
5.238121490887273 2.296742353871672 44.849848951164667
7.919108004248963 4.859311516957203 23278.121459110268916
8.655543277038648 1.951996690720745 67.545346607732412
1.506227861296802 2.926270716753093 3.315555315267678
1.987268189193942 0.258672412027149 1.194402553712210
9.130941628835426 1.765011578732266 49.581663823585856
5.348080647429051 4.975348548161017 4197.962953839529291
6.721873265922731 0.596928394338995 3.118548251782733
8.524640177082029 4.096396997559740 6492.599349634408100
7.696271192101659 4.785799753549844 17440.556570610046037
2.747318042970041 4.956978024468514 149.851799416773417
0.533112132254138 0.393128172943491 0.780916648974033
8.215612072962283 0.702556168614882 4.391227332450960
4.363531280470744 0.632194309276495 2.538060683689516
6.332168055292740 0.108383517912706 1.221448252250964
1.348605352028104 1.466157650977681 1.550356980090838
5.711853003436033 1.860164860585880 25.569958547556134
1.536171684563281 0.629583757779332 1.310326251823547
6.955189640359351 0.651641982795973 3.539027124298094
3.772839101209915 2.114891308398890 16.580237320995426
6.711486104519754 2.975356424945097 288.456491914429989
0.517297769098061 0.739282119852026 0.614290144938264
2.058104680432027 0.531472586074705 1.467571812722108
8.479720976098850 3.096836697407753 749.973798157893839
4.038399425070016 3.853724029506281 216.851902209135460
7.024834205240157 2.562124875341928 147.634330145094225
1.276590257159824 3.080278790986868 2.121623245423681
4.854980939223794 2.927406599725223 102.035172167825195
8.904536100992459 4.583984759487629 22542.585313349554781
2.493744907199750 4.315215078253209 51.582435865337807
5.324473128921642 3.136941947245198 189.796262564445840
1.355901307082836 2.681696223686548 2.262536224153146
6.121278653886097 4.542364697193078 3750.800837571118791
3.515357437152433 0.767913357394731 2.625773519321474
3.542351653297821 2.696848550522571 30.293988009809205
7.472401783754029 3.993225769026747 3075.557426344152645
1.149978514220475 0.358001524917953 1.051300847546413
0.582148294862183 0.391867547264460 0.808954890375859
6.541819285596885 2.894451906632968 229.614971833840997
1.509817432818030 2.587404014856306 2.903687018141047
7.356487935691753 1.944257182019404 48.420625650468040
7.044785460785378 3.463934396270082 864.884946630066224
7.268832855209766 0.864574188142760 5.556484772159992
0.899303575734587 2.540515731513931 0.763656902169786
3.635496119415340 2.565498039235564 27.423635999063883
7.662512212367856 4.867792404896574 20180.657494873721589
7.672146358192656 1.447163511397314 19.081803445704107
9.903207225132556 1.216963202279447 16.286305894525160
8.880801917148673 4.335368641970124 12938.676493652967110
5.587831477476155 4.596170753727296 2719.304244426843525
3.236111596651743 1.225010423447251 4.214869097519792
1.403659754749407 3.062746044350994 2.825046774758507
6.765499719698654 3.339130034285393 592.214815608242475
1.258605532353152 3.896398067893667 2.450246549648807
5.334618822134230 1.483507971690259 11.985707631100468
7.502553523460439 1.710531177225737 31.410326893500851
7.430027734574303 2.244626960209274 90.167205952564444
8.708918410266772 3.883052946387278 4466.124661584325622
8.492791527541172 2.117554366796533 92.750202431926454
3.249741548105741 4.575107839131658 219.666364355777262
1.133951806624726 3.158728949103569 1.487474519102828
5.214716266254522 0.947292088622430 4.779989603943913
7.766725323007183 1.472330443649567 20.451465331489807
0.132513692377767 0.500388215826674 0.363738796421512
4.620489716389629 4.861301941300585 1703.135116379060719
8.168962172697363 1.614074738355900 29.669178829198383
9.888016751919606 2.396000406367837 242.260178028532778
0.325158879584610 0.649252353921236 0.482199695471525
8.705072945218356 2.839003086001918 465.604088739504789
1.075766572206708 4.663590946009328 1.405788505792675
9.717490242174998 1.573946365988646 35.839109298448072
4.002493495940144 1.537294931817848 8.432567616296284
6.594223479865500 2.465131035925325 104.555230845014947
9.962951926856018 0.259693455781594 1.816664957495262
2.996222714312277 1.679192247844798 6.313344977232732
1.169026646458004 0.429078920351380 1.069306051966284
1.191730225695661 1.127446346364144 1.218671223930352
4.495116540089302 4.417538829099176 764.730685812601564
8.833352918478900 2.812029402797892 457.649461503596569
5.982308988182521 4.409289290330596 2663.418790600481316
8.782896601261459 0.227417482972788 1.639078397523893
1.677298231816611 3.481905638711570 6.054410064187027
6.799625098668173 4.847363674803798 10848.192799306809320
1.062521834234842 3.438358207396624 1.231853348939568
4.017289749419978 0.763585264053865 2.891708149009921
0.500096635358589 4.844136791692256 0.034847857547033
3.326801852589674 1.905328442108877 9.877175401354357
3.277827114722889 4.191471547626615 144.898614073439887
5.647093730414653 4.012039896154680 1038.369396255494166
1.705948664952324 2.734163276127618 4.307574571607520
2.568220855625099 4.990553037955556 110.736823252841546
2.594637711881809 2.487367286758722 10.714228460483046
3.777575965839077 2.655072730998783 34.083410472219235
5.010975981531393 1.477011655251429 10.809196850848762
5.569348499220546 2.376583935838669 59.219773671316361
2.218147227584542 1.823780899155777 4.275733472830434
1.211884790921387 1.412409937063131 1.311842265599863
5.396733870928924 3.632999099203433 456.910640108444738
7.993251747455798 2.150910838260951 87.433475365956070
2.022485069558188 4.482907142172899 23.510155666470077
7.414075430813828 2.888222257574801 325.775180001403442
8.990992916693886 0.949584852850319 8.048617752177007
8.497376207145283 4.335610645710326 10690.973983634563410
6.497091431012733 4.784806781928688 7739.328482890447049
4.714894807367757 2.670523722138959 62.881511575474960
6.561371731372059 3.384981677497347 582.789740570367826
9.162596499815942 1.726189731707178 45.774811314664788
9.352311368225640 1.407493704583272 23.257462011546924
7.219550060885152 1.652584669088060 26.227728700994842
9.234345897145392 0.120060174517338 1.305890701212976
5.666315737570566 0.916352383787153 4.901048009750120
1.940125104664364 4.009150518003046 14.254524428047631
2.767318285383605 3.674353146702479 42.099922073437391
9.700908516709079 4.722358149189846 45717.410310790597578
1.300453809857954 3.896691998137577 2.783510128445027
0.632987350827619 0.516583516808107 0.789594195195789
4.997383199312949 3.848367601940043 488.673271696526115
4.950501839823272 0.458649353380693 2.082573886488604
0.898423156601720 0.633295149459820 0.934414788507594
1.323174034004599 2.799027928630514 2.189824421125795
1.989589921260640 3.113336671730485 8.514351703036880
1.974641406151441 2.134696437850768 4.273440801711008
8.518391568553271 4.335111134720103 10794.526312273808799
8.453115285677294 1.408422310526974 20.213016575226764
1.719395113582665 3.358603311999661 6.173530041433125
9.969187519809367 2.864776918232459 726.001376804064193
5.101068348713013 0.840562735015531 3.933993024497275
8.905130304505672 1.185276983716973 13.353243394392093
1.313639667637452 3.974398867536359 2.957140033317721
6.247678217088957 4.293901940756013 2610.585190548373248
9.729616962784569 0.763589948740975 5.681983626734086
1.875228311089014 4.846440317018782 21.054292234329381
4.503584403239901 0.571225964485465 2.362269669996372
5.142989679201651 3.479819817287350 298.471125287418602
4.837709720770259 3.068607938506636 126.151129288249550
2.074270330027324 2.819692038707600 7.824610349966488
2.759923414522825 3.053324695685702 22.192273334549334
8.428846761264673 2.696889105036069 313.829713218984580
4.890833530788319 4.033913485151820 603.824735919017826
8.360607013221074 1.128253944013307 10.977879175439353
7.314145569756870 0.576094492323046 3.146588058930843
0.237527508593518 1.300130600974033 0.154293117889889
0.478078693691779 3.120771443045594 0.099951852133214
3.274221557342756 4.790157211763779 293.392228222264805
7.682030353628505 0.343408049662094 2.014093336618168
3.082985342095344 0.817722300570524 2.510977765580297
1.454155147818189 1.097387243114409 1.508158399633359
6.874830891254636 0.483596346601475 2.540369289406456
1.592733818366224 2.392600286545522 3.045424812491078
5.553560884385123 1.941488406242604 27.898252945987746
1.330728683546470 4.938613855712411 4.100437658388182
8.121793749089857 3.025570565004524 565.218260265171125
4.117248564808920 1.293714957081517 6.239163705573052
3.971882129535755 2.033157066194065 16.514052665125327
1.993456290672476 2.418124051233327 5.302567549482391
0.223289456721516 0.417349387778677 0.534872844131901
7.965097845157013 3.424559942257479 1219.503337595971971
3.116002373078155 1.043834850316725 3.275175409183427
8.063477106964649 2.566607526394061 212.171528479029661
8.025568735911138 2.139585085887693 86.139624083600083
2.724875745058243 0.105153473347653 1.111164141895851
8.870751028769865 2.036284580043665 85.175977279411683
9.025604853411203 2.935970321571735 638.631162566920125
6.032347681520482 3.422314960821729 468.889127465992658
8.258855182838566 2.660379106746055 275.013753766231844
5.750424081048950 4.447583052732512 2392.369656003400451
7.980581579066715 4.774133573518651 20250.389855491608614
7.652024526087541 4.866854191755689 20008.321163997126860
9.117233592040517 2.312970329852964 166.010221612053328
8.020788918829652 3.743864500757290 2428.098239089756134
4.623721145769714 0.493053043876968 2.127532236968224
3.802384738797206 1.000010631149231 3.802438730249770
4.988687925269355 0.667679654625184 2.924362972358451
5.332020490031388 0.528308947141201 2.421159756548818
8.239184872910126 0.314944942532615 1.942911915747048
5.809387193696684 1.288435149054488 9.650112284608976
9.739319132557029 4.826374707662954 59021.387834561872296
1.812074725602615 1.749705262580490 2.829645863747453
2.480347065649921 1.316704446476749 3.307168347567726
1.677280945435990 3.337993552333558 5.619953943335947
6.332166586455767 1.754993132976936 25.510492197663091
9.862234831848930 4.080557966096358 11375.591532393069429
7.308178826702872 1.253395393473102 12.097466528543091
0.544277469790551 0.245993455737873 0.861020589325148
4.880588930605048 3.834209359269949 436.261280850153923
4.797104236966128 3.309531136003722 179.358398659358329
7.407535049153338 4.047500936044511 3311.350677556898518
0.799889270023577 0.893126629999351 0.819206511261881
6.316112000356954 3.956806384389396 1469.687390770744969
1.407779953930510 1.905132224321085 1.918573270829113
5.288081004139406 0.417249814604963 2.003530682867110
3.644434230804252 4.180817253551002 222.880915969677631
2.209705503047914 0.299556768639874 1.268083055368802
7.930528965568746 2.409294753789548 146.785773512296032
1.290547861899654 4.119885937956776 2.860070386764258
5.993561732144607 1.374415189479475 11.718230947510259
6.552676282771996 4.578770923014172 5472.607050966379575
8.862972332992804 3.361740954600182 1532.909286374031353
1.244545498940762 2.700970101286518 1.805598860300078
6.409126460406273 2.722760858665210 157.296951093604264
6.626975365130490 2.754789165651200 183.041954610341037
1.601315670553393 0.482785858850896 1.255216333020215
3.854031025283359 3.217999319839802 76.820076588227025
8.819163097882868 4.053077035536440 6790.315909890610783
6.660876228632607 3.517289010108324 788.129920174345557
0.926493832038953 2.376706014065180 0.834054533701569
9.611317413250800 4.414768279810381 21815.183042653286975
5.604245036447118 3.105970201995048 211.286552782829972
3.012775058959528 4.675089020173949 173.465053681621754
2.497563853724940 0.805456137518904 2.090172769693345
5.604510149449566 3.659513341479990 548.635054924100359
4.678336480575705 2.019630399008109 22.559894867938077
2.673612586934768 2.847262867561062 16.446051078210971
6.780567159627997 2.008699093522096 46.748028985428611
9.839558956828846 1.910635563294510 78.924993813646921
7.291695512246088 3.033814922154289 414.631272444013064
1.907337670562996 0.881293301392193 1.766602958278053
8.415086912252256 3.145268584793940 812.003258237856244
7.547248579457497 2.857043890090528 322.018417687680369
4.598736998836924 4.881719086973158 1717.178213471627032
1.595504528117472 2.409783558626541 3.082764601551702
7.686110256698766 2.498650585206042 163.332022416304397
0.324939052832769 3.154006149301696 0.028854943131362
0.147781185927297 2.467577228690122 0.008932460758938
4.267054741581985 0.195101047527024 1.327207033967831
4.196647459876741 3.159762284887848 92.944519802774607
9.753304525745065 1.947294926822100 84.366542541993198
8.276916656460028 4.520446121852829 14098.583230199385071
9.175252718090674 4.250321128428921 12343.427570423767975
8.397281631605397 0.863170610641998 6.276093173203753
2.178706000470158 0.243331964852759 1.208633248145456
2.404854893690565 2.586558989808124 9.676289644534272
2.928707382554627 0.448481998571414 1.619182409445683
3.310487640336682 3.523131379053636 67.865291055065370
5.892798123595603 3.031614189200937 216.430160400741158
6.163400812343238 3.263993204256180 378.415097490882147
3.128833397608322 4.614781870623890 193.233267232564685
1.344977254937391 2.597646519988667 2.159513463257176
4.217861175741362 4.226361487356944 438.395355714381026
8.260324296935492 1.858693721180672 50.631028335906151
9.851051472103160 4.436881141736291 25583.747526586335880
6.047233751115566 2.962156950142841 206.582618262738436
0.696105669762701 4.454820535866347 0.199134322748453
9.688938058176291 3.290979880948876 1761.225900836639539
2.368253638522554 2.510458935904380 8.709368248402514
0.874072096702303 2.000825710924450 0.763917128022483
1.133792134544436 4.346693422245799 1.725997428026478
1.202822123551162 4.685905084747523 2.375834492700398
7.164540687150970 3.184416547422651 528.781123933578897
2.639186567509409 1.372669687816014 3.789127506549911
7.037503718775673 2.462794467186402 122.185010773377755
8.481902354139585 3.541349247115752 1941.417487026864592
9.161570483062730 1.755612102319786 48.847916674359425
2.572544268065728 4.975061453909534 110.047563350356910
3.202852104718036 4.423429512864486 172.268859050304428
7.037991674204053 3.502185107051681 928.800385148292889
2.746466035815531 3.003354691029661 20.787135645941493
4.629029941255211 0.822927208375034 3.528985058333633
9.028788531632348 0.991312459114153 8.857831429179086
6.391850531372332 3.760296948993215 1070.028355456502595
1.959410238541596 3.026707902743674 7.659107677208468
4.229037630965721 4.834595535366826 1065.674563703034437
9.264243180009673 3.097086074187727 986.946523484919908
6.810451311131006 3.352101737678767 620.712307773165776
1.766433032511086 1.064924627443001 1.832904635940944
2.245118532771929 0.304185739323728 1.278915875785310
7.768712902660458 4.722453665524343 16018.883367053140319
7.361046134372726 3.372281078863162 838.617278146321155
6.596393349107098 3.363113402163825 569.404404760876446
9.013423778605404 2.325034479214704 166.016665540952886
2.248024867860908 4.919941039943902 53.807241080425165
8.614723262832289 3.593345006115368 2294.271264689481086
2.888149343653320 4.858917818243922 173.026653275159703
4.633765296703579 2.853237064861235 79.445200397936787
2.213510493001091 1.914512639432895 4.577865789940584
2.011233776387181 1.948917555368173 3.903224208316293
2.468252641451545 2.350221853681201 8.359929935770413
3.657890133465382 3.307597104368484 72.935689087810928
9.535733562698622 3.568809373913711 3127.001725663989419
4.395075000414502 1.471785330872388 8.837071211835513
1.614543032653525 2.577400121130930 3.437376695311101
5.223638251593796 1.118739297931121 6.356597525709739
1.145351124514249 4.623510638384005 1.872852001115316
8.415150831372584 1.512643184719172 25.077750971604527
4.577236211436624 4.041250108939712 467.372612254861281
5.219759628555325 1.161567984275855 6.817102899629547
8.127409899036026 1.219093938531287 12.862256526949228
5.832278027084836 3.462596417981703 448.527084436154325
4.857423381727420 1.125310315677382 5.921336014293645
4.167178875184263 2.114874438272722 20.459183786893597
5.890133730323833 4.469065589124160 2765.284569858084524
1.115402928999623 2.028593067339111 1.248014931281864
9.207424853850325 0.318225373725077 2.026810911230156
8.042543469431365 1.469964622573140 21.423789492957429
7.550759907736629 2.726238107071306 247.520741951522325
2.456953909999450 2.155190145066072 6.940324677706844
8.399117718495170 1.038656819090332 9.119302075794247
8.140475437483563 4.925703741720343 30590.810280388770479
7.384577259033626 2.073901946963128 63.215304228464170
5.035996248098344 1.534382134858388 11.947231846810984
7.875888418337122 0.630497242655899 3.673790593137451
3.418317855549446 4.601403746563532 285.947680267567023
5.714927146257647 1.316973368432377 9.930312814306609
2.661639173322215 4.751414615039380 104.727328738077105
9.401843342947183 1.734832239136839 48.793425249854891
2.902911956862838 3.164330649261123 29.144686091252925
7.355396713251977 3.049664649163472 439.397915276585422
2.656264622386364 0.117425093553047 1.121553775233443
1.074177329108241 2.595362001327435 1.204074678511743
0.765632081095127 2.585503488267763 0.501341461480443
3.339879828792196 2.403910839352747 18.155250489212460
6.297544676120694 3.532771423016632 665.716589167915799
5.092956100235049 4.093201474788634 783.015521733272408
6.830166894888114 0.868650497398365 5.306756707378871
8.712208871480241 1.429542091683889 22.077655192025002
2.056417049496704 0.317178277003319 1.256932829550849
4.018081477178899 1.680073803980429 10.346561902768558
3.026517618884840 0.374278041350397 1.513583836713655
8.449282493545658 4.318408750816039 10055.110943248369949
2.933407166730345 4.798576895771044 174.872755825927356
8.830257277805115 2.178082528971189 114.923287909493439
4.737590578643887 2.677461838539622 64.384228593493532
7.250412858945774 2.718547365670174 218.241256210204313
6.463096659419739 0.242116794931356 1.571163179992583
1.935101307434511 3.616377911824606 10.885012971632559
0.615210602388605 1.860513253322068 0.405019566918416
0.603245280462727 1.692315249927132 0.425134681475042
3.209332561570738 2.553101692822077 19.630360948074241
5.224064850259994 0.453711326985840 2.117232814152973
9.435691242611561 4.006089371611380 8035.828227629696812
4.380775375111301 2.152388360709773 24.036258909685543
8.338459649394396 3.413774368343035 1394.373763937299600
4.585143717653298 1.585785014688490 11.188287096125002
6.939300748097093 1.401878243226365 15.115488588277099
8.605074371682061 3.512992110650993 1922.142733797272513
2.733396666041617 0.962909073822661 2.633327983299771
1.020971056345160 2.626854387374881 1.056031734261313
3.743752572795914 2.610789905402863 31.389506588759968
3.483952390892318 3.575397111412075 86.720828765507179
8.384739068997007 1.069625081376765 9.722715709102355
8.640872501737373 4.255018527823006 9662.064400328214106
9.256781240238023 2.900791420906476 636.061161456757077
2.048686297353676 2.450110783994967 5.796280444825501
6.624663347561345 3.334538972815813 547.271381433114243
4.492606879715431 4.429666860358664 776.874055325870586
0.430128656303406 2.130511929397068 0.165720781253166
8.725101872342915 0.175177900682073 1.461511383395882
2.512044390071668 1.943991356899945 5.993073889373420
5.421407344857911 2.831870590315106 119.925156960799654
5.261031204853157 2.142851658979118 35.087136516646737
2.335587179477815 4.604673212622686 49.698533457704166
8.897263017448990 4.480910688076490 17928.059271678517689
0.788842476767488 0.263854568276627 0.939334810284830
4.182734025065781 0.543322102688291 2.175970931254483
3.491996123406713 3.735538370094885 106.824985312487215
4.657419299000145 0.629250526736902 2.632878427605293
6.803746957886988 3.810703616356836 1490.583806119893779
7.975351305115477 4.043012685502068 4423.703095164608385
0.318374457688409 4.946519203620199 0.003477557751115
1.770423823830606 2.311106482988917 3.743974907313792
8.169287569821332 4.457689606490201 11647.533187143824762
0.969204751200560 0.153266665586109 0.995217385815933
0.995631151231024 1.142483615802294 0.995010217332962
1.778868377084458 2.118897530911188 3.388668701423069
9.751052564658725 4.996903003284981 87537.552266823753598
8.091292192161209 0.547229704404174 3.139744863482980
5.897446521627408 4.393452837041385 2431.509592056487236
6.308489947735757 3.808762127689118 1113.590781294288945
7.188140419856714 3.148234240804333 497.541786938179484
3.729871355192281 0.720600321680225 2.582038861549548
1.357084828165950 3.515696681451120 2.925539546018006
6.544640883987383 4.877635329104280 9540.991417726909276
4.523296429304459 2.597403696176264 50.405899449262066
0.958635092410786 2.258895049268185 0.908985137275190
8.472734851067278 1.987918181468980 69.957618755489136
6.927818790200649 0.836420559804051 5.047684608492309
6.152176304527361 0.296745430123748 1.714512605601935
8.924007153736850 3.024559377711129 749.937186496967342
6.745719637109227 1.174771984906099 9.417143895525225
2.457929718702269 3.747804533325360 29.092295833816774
7.933913622986063 1.969277486863900 59.066388883639121
4.141199203046244 2.029394693423531 17.881027729472486
3.939989125989219 0.690258133145881 2.576589798887946
9.592935200523721 1.713404411935905 48.137114207067114
7.655994827598575 3.383802508673249 980.137347144762089
5.854645933801280 2.526013028261055 86.839358212554600
3.357472116125522 3.482420313699216 67.888516351060559
1.232099306928076 2.657694874646190 1.741440528579691
7.650236505327701 0.965444335221919 7.130810399625297
9.031322649075207 0.967406841059767 8.406213230622074
2.623146876299368 1.209558889501450 3.210632585862599
8.350852467011872 3.157488609695432 813.494343362801146
9.231652143167619 0.792629904115172 5.822497935924038
7.549317115521625 3.739029636504888 1916.561638964366011
5.344905495890334 4.558619065484437 2081.619285660966398
5.734117237814500 1.106699267416411 6.908669151786698
0.660573288065516 0.563531834777879 0.791625463271931
2.010755728131482 1.101629177595151 2.158685986467876
1.260892010493752 3.335060767202940 2.166540892918241
8.743830291258320 1.900781103625644 61.655075552372260
2.283009338861673 4.249638391300808 33.383205399023723
5.229353269267354 3.788438263303408 526.982051391505706
7.673094656259348 3.393579979446685 1007.438074694025772
9.327792715461413 1.350578997125255 20.406240275388733
8.961020739747003 4.606106499633074 24359.029983986820298
6.467433475037247 1.622159649059607 20.660303082981251
6.007149870528743 0.155013333963195 1.320395377146107
8.013271189215727 2.457189349193867 166.276898060805053
9.987422577701043 0.712519354864592 5.153827874853902
3.967363822985447 2.689260932072287 40.693788529372355
2.804691737475429 0.318257172927515 1.388489682237730
6.821231814868598 2.792737672587775 213.186686933300820
8.905978386509485 1.190297994710938 13.502187914896213
2.076209290621717 4.832854114113984 34.144840343170365
3.398683515791100 3.715178705949549 94.170373341481579
3.117507269027274 3.330258696266621 44.106910379606383
0.595902652709772 0.619859067969929 0.725504954520846
0.577292989395335 1.677456967789976 0.397880388384169
5.710938953602376 1.555727993049514 15.039419314239391
1.555094012425408 2.213012616989952 2.656806249070507
6.469899838414599 1.460221052330145 15.278815426822023
7.239577818861680 1.161337619183488 9.963623956439653
3.910323527459119 4.457300176710204 436.184001387980459
8.680956652133265 2.081063130086909 89.788021451839100
1.802180826036170 4.170707031374756 11.664336464210955
2.289840697253872 2.778888951040916 9.996751321918850
6.579037730478550 0.370731812844687 2.010568255380786
8.188051552081824 2.914685901984643 458.811746792316626
7.274460311937976 3.874842669265101 2184.451617134010576
9.366955042898679 1.167016920192147 13.610428996120239
8.159295093357304 4.228240255319853 7156.264644195151959
1.669764089490781 2.237528366034462 3.149177497600142
8.345531169726007 4.810527760531855 27081.952236076802365
6.061731238863336 1.227862530621514 9.139472622944520
9.550401335772024 2.073334637413116 107.624903462646472
2.771643810965088 1.631138346334215 5.274313971850747
2.168913411543651 0.578658233049373 1.565198148760664
5.861424331704916 2.534000121684993 88.332415785183827
4.113226421914591 1.424900083992493 7.501512933886385
5.892886563749348 4.706954668003303 4225.706771894789199
0.890922044277306 3.645361276929345 0.656368306748749
5.722545255561128 4.255817440895254 1675.565783557242867
0.998747004331038 3.817092759261427 0.995225634076909
9.787813827858882 0.688308669548042 4.807259387570527
5.665939924960565 3.501617311407941 434.180340040589385
8.852148448479742 2.116973713634062 101.129341355126840
1.287883328783988 4.694666271932395 3.279696068853243
8.629530776589696 0.713897145368717 4.657990273179567
8.580381836334535 4.967263902578741 43348.463740879502438
2.124598168420843 1.660138425028357 3.494015247431130
3.352366869872792 4.720067431414535 301.782946278217310
5.333372731690879 3.672967822340593 468.009553271996708
7.873490764443478 1.051906354281946 8.763631363016842
9.538500946219070 3.220359390292368 1426.520525804707631
0.759210051245317 2.550356556384695 0.495313668222381
5.444814356082061 3.650257786056358 485.878807172830818
9.947928134933871 4.212490291130062 15956.552145844138067
5.898359671935964 3.566800746161953 561.105858460963987
9.581328222795863 1.756258677410100 52.922144367438307
2.435148547588407 3.813588514530552 29.788528531212283
8.832074829503934 2.335292092562584 161.932058109334065
3.981385421129755 4.261389352232044 360.561576462450773
8.789460205871114 2.551298811030300 256.052870732151177
1.086510067520594 3.646409240446633 1.353299173329332
3.176279901648069 2.487224906811687 17.716782653353182
9.491805692785359 3.984568874755140 7839.958509897545810
0.201868767357153 4.743755872944625 0.000505146804044
6.964452646615216 1.368164650463267 14.230107594818268
0.186011334767569 1.421840636834753 0.091495860999459
0.527122278068590 2.503668422335859 0.201260377085451
0.139934009703350 4.675302446151112 0.000101609196167
7.866577739016205 0.410308819818911 2.331035192791563
3.102174586236754 1.499332651553844 5.459730939663854
2.616910231211294 2.958466418755851 17.219249122419040
1.010135691936499 1.753844210959200 1.017844280779211
8.031153563256272 0.180166596288642 1.455495141430792
8.500930143187080 2.531968360683484 225.621060909561749
2.857895785064737 3.900072915034848 60.063988190741746
1.277907662491956 3.881229042456482 2.590292764254218
8.117156406531848 0.595299627600993 3.478306205184480
4.393670453902988 0.509817345766432 2.126789950240523
6.710499612910596 3.771525333217105 1312.583324189998166
2.441238242902861 1.831993412149915 5.129786239626002
3.931385466491978 0.874741540240063 3.311873637844622
7.566440200116825 3.535220040388544 1279.602889225462832
3.596377049111985 3.198155149767836 59.943653315938477
8.016873230528960 3.457600268121219 1335.635600843049588
3.837577669114842 0.755053864296011 2.760543718701450
4.152175827131556 3.469536351387670 139.678685868775773
5.005090194231649 1.805619644890408 18.317739608576954
5.362999851734805 2.051161753370630 31.342479545818573
0.599805848072968 2.415042783557970 0.290995540070072
7.202584609316667 2.877206155801717 293.204622505401176
8.858812389936544 1.911640287104722 64.720398280078854
9.609155815549338 4.690252697384625 40648.270993164973333
6.484684834231288 2.070323856268736 47.959307498640563
7.174392453580648 4.100017293749358 3226.516064575575911
9.050391753240742 3.095313385971854 914.503437435399860
7.426004257965007 0.293302433535657 1.800506184223660
5.180962843687276 2.669287541372723 80.717367128207357
1.848886796913186 4.224308411344418 13.412554960595418
4.143559878093414 4.147253938288543 363.416945190182105
5.495029449426593 4.642924934947573 2726.624148924794099
2.521156604978657 3.203220735634705 19.338059020977298
2.836427813350090 3.769607268031512 50.906310742494746
0.822672466661769 3.913765750028066 0.465820062527258
5.490161083700565 2.096041790200832 35.497784602176559
1.761733561552207 3.994339600859092 9.602156755800323
8.782771187755008 3.928671380078266 5095.869955511648186
5.537666905175372 3.957385945491395 874.240951919305189
9.113163873485460 4.435934751126384 18072.984016151851392
8.116742507763064 1.195053511341384 12.211243064779934
7.208488338034905 4.799369548131994 13095.175748863483022
2.503481518650613 4.842270771814086 85.086341284446974
0.296888604920193 2.782032515847068 0.034098717785960
7.022132778315306 0.744700477919523 4.269390667856181
9.098745404361573 1.468956714373792 25.627269293901577
7.620825458576714 3.727991304599920 1941.314250511325326
9.950871218510873 2.439757576259441 271.981392407648798
7.267323666282415 4.002253761869632 2801.814280844438144
6.202182522815701 1.573733067090526 17.670691879486597
2.263821576322927 3.007432081230291 11.672497793832946
4.078549148357706 4.555175446105552 603.893805607872650
1.928122401604826 1.024081450118059 1.958849432455760
4.098868786517781 2.870458442421885 57.362305307019781
4.869668283339889 4.191529318173033 761.506827329369912
2.688743215249821 3.610258208623460 35.545447456383783
2.189527126760191 4.214241058069201 27.184311343701683
5.185884004295096 0.610407698286787 2.731073190752033
9.728225736344349 3.123909453739848 1220.471457158839257
4.688043477248721 0.867746127019158 3.821645410682324
2.884862253586513 0.749105401004721 2.211475760543221
1.310446434289654 1.110416263979509 1.350156995501096
8.657187910583849 1.186913614949042 12.959413248799802
4.150992442711056 4.698161987338427 802.006632031156187
3.794675363679755 4.898978935373261 687.645018349133011
0.899866190660885 3.705399192559141 0.676411460719091
3.875635539400229 4.185498513690666 290.073768979515478
5.322839161033976 3.902473120671773 681.953683257259854
1.092238378187679 3.436318448028480 1.354162863909375
0.841118384732074 4.719065841755506 0.441973090810421
1.217462435024037 0.353916278319889 1.072121776346861
8.453892663968942 1.853497227926624 52.275365518268032
7.378153627458556 4.519924661023582 8376.415000454471738
5.879555733879400 2.416033695321892 72.237426091476138
2.239756195978073 3.187538595035265 13.070084520700718
0.639494839833110 2.198526184203282 0.374220571967864
1.987394141586846 1.574630658331559 2.949083977464595
9.486564762701333 0.255011567833124 1.774900827505983
3.752350010221299 3.075542754384199 58.384085350731574
1.739361920652336 1.792080128752449 2.696485360560238
7.873360258732461 4.203419439378881 5847.051041873847680
7.872445695097381 1.962863835904519 57.403883072579262
6.960408369713661 4.888725538798380 13164.667007317324533
3.047808904674968 3.359771181004966 42.275430543490529
5.441723098488401 3.316088869782360 275.275408876708639
8.387837916745859 3.908026682397496 4070.511269178261500
4.174656618055304 2.965239110920685 69.229141689407285
8.739979405981691 1.184789866944203 13.046439136682649
7.226990363618144 1.374764127680950 15.165751122003115
0.684274946272753 0.486639421373249 0.831412852110910
2.030531734184924 0.711788961180545 1.655591723514632
9.109908435521948 1.802690429289181 53.666926742386252
0.274681468361799 1.002477826772622 0.273803425180517
6.353326419392243 1.605523668438497 19.464236935367705
7.972179810500746 0.998260447767771 7.943442297636652
7.633446864499012 3.796637825173391 2245.798300391960765
9.045280053978358 4.597822073769748 24972.283980884181801
9.608532765806068 0.464816686999089 2.862565325115258
7.907457945428487 4.667162265225842 15534.021068173206004
5.487348478690579 1.864532521077140 23.909225227381580
8.702988714727441 1.880201688304829 58.447528368356714
3.396637987130294 4.504885940840133 246.783634374748942
5.426995615934031 4.899983115942998 3974.925600675332134
9.306465468631576 3.121501873631585 1056.971982498544548
5.017449150779499 2.313369817394232 41.732671150361732
1.806412731262045 4.002800967416035 10.665648765885386
7.621883466500404 0.881610727258754 5.992880111886734
6.943187765781498 3.324561631216381 627.790100294797980
9.389200797889753 2.586167245453751 327.627461706277074
1.991994864359374 2.882764860038268 7.290839663377438
8.214479466221565 0.794938746954989 5.333780233874817
8.919539849079799 4.536335438942768 20467.845756312286539
3.435453645909761 3.541169640103195 79.069792275043937
3.291128344197171 0.129178961861822 1.166353150022359
7.930469491925811 0.117710641918906 1.276018734231332
2.506040580215461 4.299664680493979 51.941565885156542
9.846145362609459 0.588955040709026 3.845821833375236
9.223269862175583 3.983060396219127 6969.392038996393239
4.299912367766106 3.491395653621055 162.801390815548160
3.706336477616905 2.403254806662983 23.298042380657716
0.972476126643824 2.273240658591864 0.938525189131074
9.294585500352134 3.880496276644471 5717.590059243910218
6.804983114214311 3.930349659519881 1876.296721996731549
9.191627012681813 2.074869429971080 99.750119551100369
2.939586090315022 3.901872219005704 67.172707058009067
3.884199855244399 2.389046302316885 25.578126526311337
3.469652092886693 3.494058182450340 77.230789286135803
1.991413530730777 2.291802320479619 4.848628541449309
7.091299451733500 0.110555257570301 1.241801593269282
8.546521981555900 3.459662444655337 1673.697015949230718
2.891378894122071 0.606588328765616 1.904148939908639
8.676543577034646 4.635143181214995 22354.839217434349848
6.337694270216472 0.490571305040900 2.474027239897947
8.109930133585593 2.472376647336183 176.779817717719880
8.200824282426256 2.246936966474313 113.078545419125248
0.882130547168230 1.037650264177999 0.877975019384075
4.738982934876578 0.240785768349158 1.454438515559993
9.533998908767137 1.064516833302116 11.026935293645023
1.308571601457175 2.904228148258163 2.183768318613942
4.977704506264777 4.075041837743109 692.504807623664874
9.775740930257022 0.292118344467054 1.946439397014456
4.481311143779233 4.784268596453643 1307.666376366584245
6.631565456126574 1.953485856473922 40.273127210615876
5.575498408570654 1.331778630788823 9.860176274874242
4.381597456801173 3.536736342588799 185.902356918006035
1.074709467247397 0.934333248281378 1.069636690033814
9.087785676677283 1.456685189050410 24.898414002718201
1.520343720723783 0.197562406243890 1.086287686814370
3.867747146418295 0.621807747109589 2.318921150676074
3.621278750166468 1.049390414525181 3.858907601598529
9.361807854887447 3.645259059140166 3474.224118758345412
9.385931113595205 1.118075733490387 12.226533449267293
1.726400339131003 1.724652971533311 2.564406177884048
2.656396127363482 1.858770628278954 6.146997915698371
7.797380366640633 3.037462906358555 511.989614984910929
6.392221509721327 0.121023384480914 1.251707082245860
6.070727939393290 1.718684520251254 22.189309489455805
0.110158459496846 3.983809728225048 0.000152609442921
3.835294867053198 0.156832358805865 1.234691722145893
8.076801324850539 2.234873875466625 106.552988311638344
7.170340130549373 4.528470949386823 7486.639766245462852
9.990527017038119 4.749056424625398 55860.099675815377850
3.483156771397344 3.031580403714034 43.957682946336121
5.661261227696325 0.159329510621403 1.318139246258002
5.740395094734228 2.806250793169754 134.828277169887798
5.171508766334860 4.641264989307604 2051.572309877679345
6.485390580615559 2.854495899119877 207.810923271415930
5.819013834836440 1.794776830286144 23.590327131091726
4.890062292296061 0.934193034825615 4.405068876225062
9.475118571532789 0.393969547778967 2.425183552920038
6.026355561586502 2.734986701747165 135.968833976930711
2.122738990216878 1.068680475707778 2.235362756454002
2.764427826497949 1.259872245498682 3.600528105640322
7.854984722159341 3.676165987726346 1953.002819119905780
3.661676079240437 4.279577821699975 258.411654497059487
8.933571365335130 3.344466716578265 1515.904459890211456
2.223311414884452 3.378155864209864 14.866922951716544
7.936138331880255 3.499643258202265 1407.055973030755467
2.914534940712806 2.535072760926858 15.056252598720059
0.658791325035084 0.580342773732473 0.784895134875151
2.059174578249628 4.311283692613858 22.512319282126427
1.041930398206096 2.661257022759993 1.115509796970901
3.371671453958684 4.042239462494085 136.043217812772070
6.558406270664507 3.194343723343663 406.569293089053588
4.572435480316034 4.255750360151460 644.797473447869720
1.360280171421891 4.017870101110658 3.442717778694458
8.253002663081205 4.189294422587367 6917.632358657127043
3.524272724666616 3.779998091974898 116.928855638865016
9.429768051274301 0.210940103664742 1.605318993541223
7.864086176256946 1.410216206624586 18.325578666513511
7.798259888311723 1.679404127077259 31.479268104673036
6.640840761445013 2.540869730339054 122.789633022207255
2.299863227528395 0.836695160722744 2.007401853726122
1.574445379243823 3.604137902796209 5.134226808139107
1.896405278645039 3.579204312993053 9.880351393834454
4.989749072112182 4.076342583805446 700.822370843597128
9.060209646975020 1.173336123997969 13.275316406695142
4.733511725477944 1.203810100221056 6.498193888081546
3.716832187429594 2.965834130006354 49.095128974311422
0.842403270914083 4.127269923177593 0.492721053525869
4.098840609235809 2.771175595383436 49.864480116921420
5.991358162215774 1.946104962021642 32.594611590023810
1.724388897293932 1.802490634423195 2.670132199929165
5.045128510346531 2.644052695842544 72.182384208287516
8.838518034529818 1.152319947804781 12.317765195835264
8.836980433569712 3.401817625757728 1656.354393024172850
4.814825845442393 3.045574478819765 119.908509236300986
9.031083585716205 1.336779840325130 18.950199216195905
8.691135616670612 1.588570685366476 31.030547739813084
9.350049964227663 0.998165255181082 9.311780622072661
7.699250243172446 3.486420992717241 1231.777974577714076
9.595736934254054 3.466145707658890 2535.283906910642600
3.497542028170867 4.560022976123840 301.697359082501464
2.559568360238504 4.245212290222129 54.044864413792844
0.465512512675709 1.954918150617233 0.224301917626054
5.717764073825948 1.600902695618511 16.302173663817562
0.180444616582327 4.141231211151919 0.000832431050763
5.940795793561028 3.929891461891197 1099.323171633649281
6.901198457691875 2.089888472159717 56.657665522564187
5.430314390061454 3.308465107185629 269.862653410399787
5.698508152417520 4.643080776402995 3228.941510310313333
8.613959233476598 1.012875403898047 8.856128838631372
2.074523007576698 2.854737216197766 8.030051658829354
9.050200438559818 4.984128539240391 58628.316814318714023
1.005228389601139 4.035721327606858 1.021268369787512
9.573486763954406 0.165334030945308 1.452794814635223
2.102225827199995 0.327860925842815 1.275833367076854
8.519384611176232 0.609425128862043 3.689896227385771
2.961258631043659 3.201006749896826 32.299733966154065
8.407241737659509 1.876635535335625 54.354772431872853
0.248706729250892 3.093278514662897 0.013511178740706
2.876579190449298 3.529978634437702 41.670014946041746
8.620627046121186 1.684559387735932 37.667844034339666
3.859692412101824 2.387123437196690 25.128912148734962
2.001243499791988 2.039726368649775 4.116891495115900
9.207733380732627 2.796886017131172 497.307837751633997
0.479555152845173 3.043666437149622 0.106801915712547
3.424269877338619 3.347714821680355 61.600064667832484
4.596073901923297 0.371260517577087 1.761643970266281
5.352657423450501 4.463818772413629 1787.318633214882993
3.050439913431271 3.133891447152996 32.956373577534748
2.658824942907724 0.480743955220664 1.600173328716501
4.008463241911342 3.957957445656164 243.534722422300405
1.281626054488801 2.767655402876064 1.987221242131955
9.516150466297772 3.115039002336301 1116.722104908732490
5.548823454598395 4.375724387093869 1804.754189125834955
9.885536854203739 1.515918543559681 32.235866183725108
2.229940120384438 0.809884800681205 1.914596981582549
8.404254734319332 3.860291239206248 3705.409334608079917
4.882549404467693 0.710039227921359 3.082947528526853
2.829239878180681 0.979105958272938 2.768423733767049
6.979794380573655 2.252104739348301 79.510042142414008
8.010107107034921 3.934294856261570 3590.704014267995717
6.136160417815200 0.962744597482358 5.735130387472447
8.698475990491499 1.875693464064125 57.823904295434723
9.215426175147527 3.611722264930339 3044.821467428713277
1.334981711439557 2.126567571125071 1.848552282720755
5.222803220375908 3.270961795781606 222.964363686739460
9.541485942962042 3.338342313191775 1863.346375340177246
5.799801260803140 4.937630375987395 5881.008017236325941
9.772852968758757 1.716771198789583 50.077214712558316
1.111977955896498 0.348606055762813 1.037694241549434
7.039559712579779 0.674608181146302 3.730449165518364
1.992331709972484 1.263344150737741 2.388893484832009
3.130710205849584 1.174554668827310 3.820846986769763
3.987692219540991 3.744946432319996 177.693003692562428
7.260610615360444 2.610071920028726 176.685875575672867
5.789948177231667 3.714704249200473 680.943160222895358
2.421078916276225 0.174297783281260 1.166626690090792
3.810194908171792 1.141857797788527 4.606372784628520
2.627537303297037 1.035531613593607 2.719293843897533
9.297664187805914 0.310838886401209 1.999899865176693
3.146570447823835 0.399591140685671 1.580998428770026
1.828922351036441 4.416081837203816 14.383870294528959
2.839419627167721 2.256290273998670 10.534586494866081
4.803798436749743 0.710554969477551 3.050025357695159
7.118668921045537 2.276402492568875 87.177164988190256
0.618530777121638 3.369127338270042 0.198184506804636
8.774640817547088 3.154131218920678 944.211168678986269
5.139659393061339 4.581107252253347 1806.618515055341504
9.448627947772366 2.277138306248826 166.360240568676829
3.996573321766395 2.296839618613510 24.097963523142219
2.510213453841022 3.077930963140676 16.993459268078865
1.569562473623811 2.282911580454940 2.798628473870290
5.448518278140611 1.263989912081291 8.524099008496282
3.818788039778890 1.352575693354621 6.124890929364425
9.186613147718877 2.628960547127117 340.484716337331065
1.655207574474391 0.663953774952511 1.397358755112724
2.683371072996609 4.354864039602198 73.594661446811330
5.883460739878315 0.854999824518097 4.550257352050608
2.406613939545555 3.716209713802664 26.144857085901002
4.712947296171034 1.498976418783251 10.215266592823300
2.018965621839916 0.292508202166784 1.228153677504286
9.630961479080604 0.800645590946390 6.131556929105931
9.769860651490019 4.547533156195133 31735.853354267095710
5.617054617087640 0.801306960493486 3.986451599433398
6.083149415233470 0.968471331927514 5.746533689198648
5.936024647649198 2.308571481171409 61.047812064691541
1.813449079564340 4.154968692502462 11.859918374940930
5.727086491843106 4.992873479535925 6085.093834299990704
4.522246588298417 0.525412250377630 2.209688960250181
6.157379872633006 3.817094851346386 1030.858859536512455
2.156701301548274 1.764176599389797 3.880292888786947
6.308766451454725 3.897128323037931 1310.648316383502333
6.072388690611312 4.743875695802548 5201.880735461895711
3.173741383157798 1.861999689421138 8.588672484822645
4.693858324993827 0.507319748540029 2.191191926759500
1.256095432175379 1.375404166437323 1.368346691719839
7.508943811824345 1.009753135732339 7.658055227164113
7.941522457615720 2.602323944027991 219.705598531847016
9.389266677117666 1.256273599406981 16.668307133751572
1.846320498205582 1.812207480737706 3.038111461403485
8.265426019793795 2.616076310059469 250.978126124384488
8.968844577038205 2.845262796856795 513.790078086872313
2.032677277113372 1.470094907314084 2.837199230815735
7.886127377158462 4.709565260934839 16743.202799651775422
1.293929378778488 2.166553694796342 1.747673362385695
9.041853563599487 0.272148806732457 1.820724889775269
0.280961479083408 3.597430153955083 0.010388319608994
9.192680697214659 4.247931900888563 12377.608772202333057
2.005268088276941 2.740421478526994 6.731004047833651
5.607714022822902 0.394875684337756 1.975501337284302
4.594761004120799 1.764020135653992 14.731437837898753
7.384480345827775 2.926724371563731 347.802842928925998
4.523605852022051 2.328713407528399 33.607494991976964
3.367996538287991 4.056740616857463 137.851005346813764
9.064009116822149 0.616538449005090 3.892465694881330
4.233173188000000 0.974343836489805 4.079323905488770
3.212025521383600 4.925438690926323 313.407100816622290
0.710329950103471 1.760133392583267 0.547709165424167
4.553831650006225 2.055760811997065 22.566571210750222
8.468117110225030 2.812973780951125 407.230313640341024
8.133567453282350 3.550750928179406 1706.795007431911472
3.449529179136857 3.138148319326350 48.704611621820320
5.899538462637221 4.123772233818710 1508.961008967217822
1.097533004275236 1.297213795297657 1.128314719832859
1.080566146158816 2.764260385623869 1.238856812369927
1.968233433067655 4.062020737767415 15.651114418567870
6.173991288545817 4.143617911816155 1887.137259044764505
2.403888892748443 1.761971108657688 4.689862947441812
1.917871283755857 2.002091695677208 3.683243959436205
6.652418361466885 0.540971622535434 2.787459617698928
1.177769763236507 2.581946000499058 1.525717462463478
5.475816111377688 0.552523024455075 2.558644771196241
6.053355208530107 1.643625270131464 19.288952690097812
1.351646185483392 4.084444128525831 3.423755212034313
3.113501695910753 3.318636107029444 43.342533644228865
4.621022481162918 2.892741755527634 83.736654256100849
1.718879321732631 0.729978017040761 1.484991477248320
2.525421724437793 2.874249026621315 14.335335291024080
3.469933872484653 1.283568791290103 4.937867447691009
8.060613076708593 1.271466188174127 14.204186342615481
5.327320806675069 3.850062900382558 626.765050946731321
0.639314410762630 3.706654433109887 0.190480607611189
5.287589581818397 0.621508907195574 2.815212139146452
9.340634233352674 3.258856658673909 1453.173541335096616
4.854887595516037 3.294239431016478 182.153914577589603
6.438249466878061 4.687292520275459 6179.185915359687897
8.066508479517807 3.152280411887249 721.318780584233082
1.571152174656716 4.591021575940953 7.958701628519083
1.222371756061760 2.346205332565967 1.601757856951319
9.582349757979673 1.100081715046677 12.014326263416653
2.504447351041066 4.141418462554172 44.795341313242069
6.182442720637515 4.004065730173786 1471.827960527837604
0.227586147547974 3.031927176018484 0.011243795930010
6.194887029423845 1.385842957300973 12.520852423719621
7.612903127446682 3.398820637314786 991.359937700193768
0.194848057863144 1.578956273946629 0.075589447540394
7.564746090067266 4.849853708381867 18282.015136881102080
0.650076356747339 2.868947746560381 0.290672906871647
8.301713399850613 0.439250856658590 2.533641800620577
3.589329146976678 4.429057262606648 287.200785617854763
7.637056695526522 3.683674366091461 1788.182858904631075
0.930990403690083 0.289620156055417 0.979503303998855
6.703792769462797 1.556977152798042 19.344711851432699
1.750262614321486 0.569183966957668 1.375214532409741
7.039679788871762 3.448709741023631 837.459781619332944
0.558071579388589 1.142873500977240 0.513450529466576
0.158750792767584 2.420909547703313 0.011614633164178
4.922016098171322 4.575314793964894 1468.156133317861531
6.550118201177366 2.540185881213149 118.419857419670294
5.529251546484983 4.960819033202744 4833.184286794110449
6.699304159699108 2.456668875080725 106.974790321737814
7.818230233523274 3.142136201812478 640.130337721832802
1.199519477510101 4.178527637757313 2.138622859963475
9.966063799950422 3.950482636379849 8803.399141661386238
8.597481611472084 3.453244620988184 1685.048915016309138
3.966706992134209 0.266374031332915 1.443464953734973
5.712778955130005 3.483227588859756 432.784615914694484
4.424105188875809 2.287071787653728 29.995019837154587
2.571428289197423 2.585695961160346 11.497047734287424
3.881759304553281 1.105289027049868 4.477616055475320
6.051823052167522 3.844760213179396 1014.296752268841715
9.451668019110572 1.548561097709160 32.406673244015870
6.442676093808337 3.503986763164196 683.844876814085637
0.463845736272941 0.174471571841397 0.874564152640279
7.773668254355765 4.142867947027293 4894.923629408825036
6.474934172953364 0.439624960362917 2.273208712577959
8.110088024881501 2.845281604489206 385.863524210908736
2.648606438602556 4.994127396676012 129.599384429812915
5.084463390146551 0.962868947387393 4.786537874773213
6.189488812476539 3.819602609268563 1056.347167325682221
0.326345874643680 0.936828480142821 0.350267480913598
7.749336928853506 1.337354663696904 15.461872397098608
2.996852915129621 2.408396177721245 14.060449204763577
1.206987180423259 1.096929223891092 1.229198531083189
2.833520747679668 0.357630970800473 1.451329184436038
7.328964048884579 3.603887131221044 1310.737916970013885
3.437298075849474 3.880518044018012 120.448251670324112
4.320797361700047 0.170169016744181 1.282783259784795
1.028947152259888 3.723628422026030 1.112108566193575
5.042442227354966 0.279742649326814 1.572384071094608
4.618569460900247 0.418443444440047 1.896962731333376
0.349965578087554 0.825579515868041 0.420297350995096
3.034477276081209 1.725734247885649 6.791233746142437
9.023448459460623 4.804103344295744 38878.403638725372730
8.720366555030683 2.289904115103211 142.473591729719487
0.831924954938141 1.917690902961978 0.702661413525214
9.830493102523153 4.412426145245764 23969.844533569696068
7.137541349186702 1.747983904886251 31.044829562269921
9.462510484665851 3.914762568512660 6619.622423816825176
1.818704233982582 0.897340962875589 1.710390017077088
3.180858335225249 1.267596868510276 4.335344522658092
9.526171270021011 0.540059648081135 3.378114134148738
1.161226111026990 3.376288689075804 1.656448099456374
7.499680409156015 4.158540303149329 4354.121774831382027
2.499397787351478 4.845225566176575 84.645165649882273
1.154093658307936 2.636338778292719 1.459111585632666
7.223898866707729 4.114956539746612 3418.283253520263770
6.586904719877474 0.767667627898823 4.250844262193170
5.678478598894687 3.445322840278537 396.800959419201376
7.909462447668321 3.768884067514391 2426.676026616165473
4.966074917986586 3.213076711597732 172.323306513251367
0.202264152624379 1.261900147330988 0.133088025558430
9.388761860607859 1.948632586144667 78.569913129107704
9.922601493117288 2.742510100527537 541.072718293091384
0.490821222297634 4.462734727302824 0.041751571162236
6.873078392541636 3.327803486178273 610.766215261069192
0.656171015815158 1.728484834566138 0.482743832260560
2.212856724008098 4.179962711918668 27.662530942081101
3.567765080147822 0.311301258921056 1.485804427649259
9.387013202453462 3.519437475532929 2646.972799582511925
1.018342036357544 1.199732688204238 1.022045653669293
2.719197584022909 4.266501348801811 71.374341237664623
8.299069460838252 3.131975682898444 755.749260990954895
9.450471774403249 0.773777040946639 5.685694418980917
4.597064130932426 1.605491509359760 11.577290158029840
3.719898954663843 1.477449375321196 6.965156531252539
0.882394904438971 3.453942335807815 0.649117183561330
1.772077232996574 2.253881703463222 3.631202672333646
5.951922838541510 3.862731087435143 982.410069347526928
8.792126053846252 1.237485656227791 14.733389382996622
6.334487181166434 1.665706432446209 21.647908249471431
7.499914799240036 0.628229663382699 3.545980503786967
7.167362389350056 3.824679518951860 1868.424005965373453
3.294448691448516 0.147947930396901 1.192902327593367
3.150744809730726 1.703910579337057 7.067268227910791
4.137030520895197 1.504875636146108 8.473051326468777
6.738485299737261 4.899385948015567 11466.910360277508516
4.391586176739467 3.169137945667138 108.781712947299482
4.084444834564836 3.353989195203442 112.133039763395871
3.841055502297286 4.405528152443393 375.676038488119843
5.898153223444845 1.603741474779644 17.219847284122874
6.850255282644266 1.301382273902083 12.234154445933200
9.627968071836436 3.963314961118858 7907.834272285371298
0.638565965527884 0.129720604718256 0.943476689231555
8.092259969320354 1.939995095895137 57.763168780185403
7.224730654449160 3.902795208683764 2248.045322805516662
2.204458592431369 3.928019377749036 22.309852290683541
7.873388060451790 2.476654244401983 165.761081739510416
7.579072687681065 4.703523948524106 13718.140962579665938
3.231592669066830 3.443339466418132 56.766789464807815
8.495015237974760 0.444276929885614 2.587058214171637
4.077680060806237 2.050534876168441 17.851447949368833
2.307108613026464 3.488314877961239 18.471222828293087
1.242880406086034 2.183070857870621 1.607481351899016
6.149822103866674 0.165602119925782 1.350943889008560
4.665455551299329 4.940314251576539 2016.261412088110774
5.677434838472532 4.736908075196679 3735.506092353398799
6.365957012207168 4.513661709415877 4249.803105471959498
2.234649982734926 1.503830642580807 3.350826639730907
3.054590500658826 2.304334275210092 13.106713686535238
2.790920137480242 4.969898641766561 164.179694774486364
7.054376544846101 0.465220338212221 2.481533910656291
1.825024967358351 0.225698065053352 1.145428183792576
3.318049931865364 0.752662704940694 2.466318413930894
7.496151645632735 2.881524180998521 331.793519573135313
7.305505678766858 4.036028164733464 3059.967863009465873
0.461308952813347 4.044167030942279 0.043765012011652
0.961146735273504 4.642480386054232 0.831958181814671
8.348970282457241 4.869672484876031 30764.541601635479310
6.930450803209284 1.348638951473476 13.610801100403098
4.556447444372883 0.430774210630312 1.921848958164150
0.205008231598321 4.114140057574268 0.001474112857456
1.962857173809120 1.662235456608174 3.067962036290491
6.408140015447448 2.222499534589114 62.081396481484120
1.726910495765249 3.425284018974450 6.497055155549702
2.738273744495135 0.583277189210671 1.799576339764115
9.889512934043868 0.380382388581733 2.390820695771502
6.792857311753201 0.310013848549605 1.811122372010621
5.566010210393622 1.040816197172700 5.969999153195706
2.963213785769261 0.546556542684550 1.810694349440888
4.582886526690290 1.599128769221597 11.408973250913862
6.975854060934753 0.458888265728956 2.438467331052411
3.131550407664035 3.106524636739108 34.680776372704820
7.865672129222435 1.042789393305379 8.591397884982170
8.422559300475060 2.709104992016968 321.458689509869430
6.037240672989127 4.272806873603298 2169.561992027985525
7.348120866564837 0.821207522469755 5.144112834749317
8.210682281822564 3.088280154960424 666.590750229718083
6.750529677375293 2.519018111983347 122.777014127635994
0.569634569613434 1.598763393525784 0.406683330321346
9.225210785075598 4.883863198283020 51619.314076585782459
6.030594786301126 3.861122645636263 1030.543287483962786
7.652701388044338 2.314557782454215 111.081145041257471
0.583090002865357 0.486061152768290 0.769366325121649
0.702608039018344 0.580348910067592 0.814779555458230
8.986604265893622 0.661320901627047 4.272014455418069
0.190927016715814 1.047422895080875 0.176507854565238
2.208400493274147 2.794413071495886 9.151569896667587
5.795527640151102 1.246354443451747 8.934789561608170
5.881835395976998 3.859712729401568 933.466219998184329
1.197639500221400 2.470602176304034 1.561394557309868
5.769604722649434 3.596467702954970 546.307576915592108
5.796604356122992 4.151585427402092 1473.603487635078864
4.898047059624368 0.422537146985121 1.956862586990565
2.996572549007533 2.577915390047477 16.931615547294832
0.965480464182517 4.362036057859680 0.857927434395991
5.417640206149560 3.594385867218950 434.107077532758296
3.261465537416110 0.184270781783932 1.243388873931965
1.095969317678198 3.337433659306729 1.357764677828938
0.225898710958309 3.990782823773582 0.002640037535865
9.256678567268306 0.679007269429461 4.531375947383539
2.385975530964600 2.473848369713522 8.595841177001530
1.134244911064205 1.686256921987370 1.236658499304755
9.992628254181755 0.277266588220433 1.893118451250980
8.915125247876723 0.881513543763073 6.879394494844816
3.008350683337148 3.414771450536718 42.991477521739334
7.133606411614382 3.354640242410857 728.693999987353550
7.560844594651183 3.026793641159752 456.300592505389091
1.379193301129970 4.858684982896708 4.768640319384517
3.647626135619273 3.000697382362801 48.576127805149625
1.657438525858288 0.105297513645002 1.054644800111135
0.240901686767302 1.478829792360949 0.121855837886486
4.863792482904699 1.601053405331599 12.585883941494462
8.280523823076173 3.994752021727074 4649.575417017514155
5.865558870407539 2.046156215776860 37.331982223227442
3.730107700310600 1.826680512468718 11.075218112035536
3.644814508027311 0.644046091586700 2.300090192349277
3.488059698829099 0.488039377484572 1.839934290551415
6.767490573173855 2.825010379598769 221.802663769221851
6.495911467272351 4.200246525061013 2589.934284684966769
3.469940004610527 3.404934833806931 69.145048108048030
3.244523244980170 4.240950261431265 147.151773404822620
6.741782114146254 4.317079751585104 3783.437205073988935
7.218353637042240 2.851243483253245 280.295544900303923
7.989037847830255 1.770531060805166 39.618178702978987
3.698965328488804 2.514627031899363 26.823162428873793
4.273151003361278 3.309744173664770 122.353194451067537
4.247891619777539 4.259580939113136 473.975135044048955
9.131453156864492 3.321248260224068 1549.499559395643928
9.036704013960623 3.916489121199108 5548.850077032112495
8.699883030610787 0.512011316283767 3.027202682481247
6.051089441955510 0.151390548610376 1.313294766023879
4.676027240551687 4.409702000895790 899.410784289800404
1.190618880052114 3.536133787720599 1.853286808977177
1.096691946653243 1.640365007168666 1.163465378124469
3.067252881622593 1.366171782211938 4.623635030866283
3.959066406036023 3.133075911418418 74.525270939278940
7.610572836366006 4.631107805732820 12076.435172776589752
8.660751996713714 1.602382086641208 31.792325985983883
6.194321249692722 1.069575923772759 7.032300492519188
2.911605964144475 1.530708207549892 5.133949361376712
6.938990090980393 0.916393963697319 5.901451211083129
7.142299220249778 2.950191326942681 330.358573421978861
5.345470930615281 1.046409842613856 5.777922157134663
3.955468880915083 2.838973820794191 49.594030943311580
4.223428126191473 1.446489188616325 8.035590823558913
4.039470334176050 1.518872136688658 8.335454245186936
1.850021653543343 2.956788033891711 6.165739890877579
4.621505976625217 1.094547618102196 5.341180038938221
0.244463475963636 1.381828125433777 0.142763397368512
3.217548829383801 0.176052736125627 1.228432196948895
8.592160523083146 3.574704817388640 2183.435088970109973
9.292405554715479 1.244690001445046 16.033171408472722
7.880121739021836 1.722448367788747 35.013189686920391
4.856650692317780 4.585840072716512 1404.206940721378487
1.261046079181867 2.738752030674499 1.887457193182170
1.742174199837107 3.478522677648743 6.896718836318974
0.371908907979922 1.123531143631120 0.329133524402016
7.472174387792034 3.245856837911691 684.043805428415340
8.668069770521674 4.993836359405006 48287.083507195282436
2.178705019258572 2.822721598344297 9.008241570539925
1.708094355668659 2.134679647207745 3.135727611036431
9.077481982325038 0.565404504618872 3.480470442545170
1.955425874393909 2.660171696032899 5.953221149631267
7.221861964685836 3.113174557725733 471.112677749994077
6.622162643069459 4.621836264465962 6230.556626993142345
7.008997319566504 1.583773804988938 21.843772903469890
5.317303208284685 3.226547772941676 219.522001460258963
3.236121311696249 3.590168631035585 67.775856536898857
9.246236233395514 3.017467693540937 821.803782058072557
0.520732551173910 0.605207002422480 0.673741420769809
4.811129901246544 0.193231972731306 1.354665123261380
6.845592948962902 0.615930201946008 3.270053891836122
2.425816586124475 0.301976841209497 1.306827278892759
5.922963155533367 3.909727911582571 1048.135456373134048
9.402778036713645 3.000622351601469 832.480865717151119
4.883566596332705 3.544182756957638 276.064272636279782
0.178497578398442 0.807244791756730 0.248819317753189
5.632162470692313 0.941496358132671 5.090470709021623
3.710500651743163 2.090954207879333 15.511625377071919
4.600513736106267 4.908506563790580 1792.211376963148268
5.591989110960025 3.274428429473840 280.448035048330723
5.501025390463841 4.245488514087418 1391.698019461116246
2.269893277756548 0.451287565462258 1.447640843506709
0.722648848752547 0.160808939391700 0.949104977823047
2.586193149069538 0.163694436061877 1.168289040361560
3.206215470572560 4.283585670601142 147.049347581560625
5.532032852980228 4.907234154238958 4420.887065606038959
1.305007159582579 2.404930784606718 1.896885027880867
4.806461821984468 3.824421570588263 405.124155035278363
4.615929814860292 0.578217764839726 2.421511121562679
0.456493880542541 4.449463528487145 0.030525885833477
3.269307515388251 4.760507477413083 281.235767468743916
1.815714669370499 2.862911502511509 5.516077512997148
4.625960980854655 1.450333307187350 9.220714308881139
4.686086564335826 0.272276949416282 1.522811626684951
5.459391125002052 4.690054368122501 2865.803569477837755
9.315920331232855 3.433201591246757 2125.922564510981829
9.903721340412815 2.493673859029530 304.226099447509057
7.816157244366041 0.378492577656715 2.177666305076587
0.696600307270722 3.545507300090530 0.277522006160188
0.581330321089393 4.320633819601893 0.095974960253647
1.386223618193447 0.655459378835236 1.238699501391553
1.697305199575816 3.276115514751642 5.658744814400635
7.676783749284496 1.430314570740326 18.453759674459107
6.038408934412458 3.397864381965377 450.265652867196366
4.277351416248576 4.220669837161883 461.297391176079714
6.193235045249359 3.158818391538900 317.339228409121347
7.702331372780606 2.066514417135286 67.954396042279924
3.757045815117250 2.216012480013377 18.787413685111648
8.634703386981469 2.601032631850591 272.401879804295788
7.033145592131232 3.519508630094375 958.407835257393117
1.946573678102763 1.225238467598325 2.261651936171764
5.863334307875152 3.420737520642472 424.249412141746973
0.569475901448206 1.281729671806076 0.485943191386622
0.490699261676128 2.397425262357261 0.181448357010854
3.887120762890758 0.102412229119225 1.149172226327988
8.657628523971946 3.336366730966621 1341.240509325061112
6.865480165989120 3.258722877212722 532.695045335588816
7.880233672034911 2.217072043157748 97.205707340933444
3.800936544784788 2.257568683455133 20.377124640976568
6.690636687134514 4.599168472250897 6258.407819375393046
0.437604618054275 1.405719998234325 0.312940407781821
1.039037722570652 1.093542652840583 1.042766456348182
0.739122777648340 1.279813083126885 0.679175121968101
3.665413913178951 0.861513258634295 3.061959659518306
8.558295850532273 3.735610436931410 3041.135089295139551
8.852940445739579 4.460101626950441 16753.543980461647152
0.713562630187038 4.175663490578903 0.244332793958961
5.392437720188266 2.189610421727842 40.024357079985393
1.486800026932499 1.208499159115810 1.614979724423015
2.962152308225967 0.116578326445815 1.134956456305979
7.075742614461151 0.318881113706441 1.866277629253252
9.902970756395790 0.112806043431524 1.295174740420464
7.790799330271913 2.163125571662029 84.840625726529467
8.038526399354263 2.503930420726311 184.713581941552519
8.311182637834435 1.224119426500402 13.359097858038307
3.132462769675546 2.696534380373762 21.735689755195949
3.972904316560935 2.447493227286787 29.262608093033933
8.769807560038691 3.888947648249222 4647.709658567171573
1.005837018291916 0.507998486658533 1.002960951016207
6.662258476322999 1.787649222382815 29.671964093389892
5.506711860810132 4.110409388780040 1110.122441400980733
6.997378688519977 1.955078589308635 44.865763922549512
9.580732703159969 0.721928949245335 5.110932549084245
5.655572499962958 2.900712346774198 152.306377571406642
4.260304061912690 1.066934045194831 4.694308223468902
8.566451033416252 4.554962180349071 17736.706875561671040
4.895980565809582 1.117627188475595 5.901787767688395
4.684010033420067 1.862357597518232 17.739042978399951
9.868054851785518 1.715925428634397 50.819127785634301
5.898264075035023 2.338009757288319 63.381239709452977
2.315216031474656 4.523979223485327 44.607148926234039
5.309620960872151 1.818690107064296 20.828876704325854
7.197571764858274 3.197880703124800 551.034233363625617
6.163542931086622 1.675097649707197 21.039871794631431
4.077840994338811 4.205733736275292 369.238734449315757
3.092741179485166 3.738602759596454 68.108270150273611
6.782839534083285 2.500043050620607 119.829749048102684
0.811837535219598 3.723957790329747 0.460115485766271
7.112048234177556 4.240812298091134 4103.454040169604013
5.171256204876403 4.962638340983149 3477.916432417558553
4.964574652791399 3.828993847431067 461.878845055767954
8.540778489484179 3.855531329262660 3903.171496731448315
9.145483694884092 3.729501070323336 3844.336022349052200
1.575268509985485 2.708527098708433 3.424051270034543
5.227478215342217 2.380029737444772 51.233835731385611
2.220598760016745 1.911429781295041 4.594658671745692
2.347490764006352 3.685064320602825 23.211284802368699
8.911787191354831 2.942328674266457 623.890958567085363
8.116047064543253 0.842480091408198 5.835857588762238
3.125017937100858 1.823292728923756 7.984743904349300
1.473613634758191 4.587942047568856 5.922899203252049
4.595093608656363 3.038645988098470 102.914865100436373
9.008650427881353 1.830499246929864 55.911858161295143
7.403658471527533 0.633552835945446 3.555005014376098
0.699849281716578 2.163242173196640 0.462069437008031
4.891672440759323 4.882749851532713 2325.133323489610575
9.301334826333314 0.453415834446575 2.748867239887308
6.883773294108593 4.983282105023980 14966.701570940138481
3.211404657412692 0.179484594936518 1.232945706877566
0.883912615349760 1.436532555060025 0.837558713512592
7.790676618012779 3.749712572778322 2203.690773028808508
0.630222165945346 4.286454111266194 0.138209798686187
8.197156374869927 1.385662837865463 18.451393480556593
5.494097207683081 3.058023204726112 183.071261549756116
6.702257759387921 0.525853296068703 2.719387534756709
2.100116059821815 3.360998856997206 12.107635823778381
5.607936614455466 4.149432766845962 1279.699803948398539
1.220237734005476 2.529493131021232 1.654476658297231
2.117710971247201 3.951718704247215 19.396951524068761
0.666317794504828 4.852745776575224 0.139434651224232
2.125308794790508 0.531325645214738 1.492683479881878
4.201171516722325 1.030695601532198 4.390410639709768
6.673529056376270 0.317929338751611 1.828465695199232
4.093646238265386 2.882714940303676 58.148636287996574
6.972877457738367 1.008817336456329 7.093305758150587
4.380303561735295 0.899585281815722 3.776484829864347
6.549574148598590 2.099911625314735 51.757739469207699
6.506879696272541 1.940080193252998 37.844991750981499
9.299020278287813 4.527614460145031 24249.916459479081823
4.871898571803849 2.976748862971807 111.456383837630611
2.949473252491063 4.093085876286518 83.695946149290620
2.537782337543989 0.971939777592237 2.472323465377960
1.003698845514520 2.090350789321475 1.007747477872894
0.387590189129315 4.542670493437546 0.013493143922534
4.262011966173984 3.686729937016227 209.516983721083648
4.702526708253833 1.721431711847122 14.367207708951113
7.430826384637466 3.117036672427413 518.865301660656769
7.628302266999487 1.166663079862943 10.702766333098882
0.996581137213631 2.749467667386219 0.990628035044126
5.772780123823693 2.376461408920256 64.476597077632306
1.334105877304872 1.922291709714538 1.740412808785337
8.731898293303185 2.959764632828415 610.183068756440434
9.336801566068260 1.891488315501288 68.409816348410530
4.850273591488476 2.081031043749559 26.736270556284353
5.249348991859333 4.248884741378962 1147.215603857472161
9.164864227120677 3.016744202191237 798.892123487852700
6.846676957657523 1.362360065336697 13.747520176685271
9.037583466556178 2.226950285201372 134.611136041017033
2.788541753657250 2.275192530072411 10.311426930632061
6.327602701350902 4.471595198464694 3826.637930352684180
9.558472205934399 1.549622756977202 33.054630124702072
1.280920404438314 0.765992091228573 1.208818538622768
8.339158037673629 1.687331823726666 35.829340056827981
4.279810574075481 2.204566801578176 24.661392479143906
0.128691513158047 1.924939904731301 0.019316884518617
9.757662202798159 3.846680546819298 6392.888994852487485
5.098251419568679 2.573727735314483 66.177398205602941
6.690527616265774 0.622174748251333 3.262725944984645
5.955461592629750 1.857069563873985 27.483488439018323
1.091756182190084 0.567493317351658 1.051080689247392
6.461156756011418 1.079126679488130 7.489062229885553
3.427878575050997 2.490734625226421 21.508313741934032
5.836835841685263 3.063939701387711 222.598173607507704
5.299289846511754 1.084018986363555 6.096291273994876
4.912142037224696 1.187626903939307 6.621737158055225
4.298732831722416 4.688028152927722 931.360639999348678
0.894758867197951 3.254394957715421 0.696357545357557
3.384207983221590 1.821871716413352 9.217280761851924
1.423327566364065 4.325939788926524 4.604554275803491
6.550510078180834 0.618767221379105 3.199516007724764
2.471879008378923 2.668362574517971 11.187655800596332
6.814281402681257 0.708098728763948 3.891738833824290
9.865317811756737 2.198145463132392 153.179540263639382
3.118426543546831 2.583143352226966 18.875838411794465
2.619107717391968 2.365692909843094 9.754891416820341
1.064600385244738 2.478136476098625 1.167809898840590
2.217634702226104 0.557040093380367 1.558384438682323
1.867906422691840 2.515860729975323 4.816057669644485
7.651121735933435 3.642491652488603 1655.622590599703926
6.839657374667377 1.898971408037859 38.521780227818056
9.213785974318810 1.842936194661590 59.896013584943361
3.989555745518438 2.144179179592247 19.430764243086081
0.585299356760350 4.673740097618523 0.081806055008285
8.623077471765512 1.404129403562178 20.596381630540360
6.338572661577217 3.703791244329554 934.133606097168240
2.988391962391861 4.566504726033485 148.281804708870965
9.975657293931896 0.677834634119582 4.754634751746582
6.500813934742135 3.639020042218434 908.669361268257944
4.040354442476898 1.146041913867559 4.954297989892583
2.517493876390362 2.640409380270450 11.447767088227156
7.633869432558309 4.349102444270125 6904.738773819258313
5.068115860738338 1.650591806826375 14.568469030785499
3.221557060669219 4.646311312127431 229.420384931142280
8.192175638910269 1.861946199321345 50.199601684216269
0.772020731173455 0.668559449631177 0.841149674340248
6.129740365884353 4.562738613249833 3916.448164488082057
2.175663693059026 2.258329972276440 5.786202118129061
5.921443763054837 4.054626517786335 1354.894459365362763
1.075720927524887 1.688809510390743 1.131187547898104
4.666371947518337 1.409371437068690 8.766785720294267
6.696529302569057 4.095568699548515 2411.706662211380262
8.898536327980384 1.348816778952292 19.074660911038034
6.884610605159147 2.241581477475900 75.539638466058108
7.737322485685509 3.296267532872413 849.244355096025288
8.880195009190061 3.049162205431511 779.639888880343960
9.046801591966782 1.348249477782247 19.480225188129985
1.583883808424128 3.987083126366690 6.256241082453319
3.507013152626097 0.985260845636231 3.442749931135555
0.418929303339921 0.318831039403065 0.757751385702603
8.252743506735827 2.568493389544701 226.087627523744146
6.232579823659788 4.821051894390899 6778.520922998414790
1.812323389635633 0.847208175996100 1.654929099696454
6.320526092344715 4.348595085268112 3034.950094100157912
4.353324007643650 2.083921926687969 21.441396707975819
0.836971815435549 2.045589376069842 0.694861264548550
1.840844393394036 3.908304423567456 10.858439669448179
4.400872022270882 4.146260698458494 465.885703109569420
9.030448202577384 2.003647057922299 82.206117795590799
5.597100932133768 4.720849586970060 3396.420658882767384
4.884891661835257 4.222902877377131 810.900358721273392
8.113803414252944 0.562807030791684 3.248762253567472
6.113262690902798 4.719906355045133 5142.037076323014844
4.929190052235088 0.546037970072169 2.389360953890376
3.143436488361536 1.876325072347022 8.576160321551573
6.034188605349108 3.055219089998176 242.639613463950042
8.757568321382525 2.336505987633790 159.178632768639318
1.471269182935124 2.053265007804966 2.209613933349060
8.203658360631868 1.757428712369672 40.392723788278133
5.559797821558924 1.121573034543863 6.849172155830675
5.387744558070922 4.701925610617947 2748.028867454236661
6.104098810607323 4.473997057494675 3272.416141460964354
8.398540112662669 2.218274569179300 112.237449219227202
6.548875241100483 1.109599008690423 8.046699444469050
7.152916877635676 3.298688484647954 658.679004393356763
7.788120092287998 4.856719492139383 21351.986053853383055
5.230321784438019 3.723580550299845 473.694571308430739
0.932785293192899 3.293667038045188 0.795190071358296
4.349728642762980 0.192587110500541 1.327270932633214
6.441626419517614 0.683373037672032 3.571459550866221
2.240260515915302 1.956033723869337 4.843906232426489
2.926955015465908 3.714510487581144 54.014119520612311
3.834996639887008 0.602483239792661 2.247546165648795
8.726735385665114 2.035201290662633 82.190725253953659
6.297690087228392 2.920338179631334 215.714639181236890
1.930561511809461 1.701777045013910 3.063161303807250
4.748086321088904 3.112584249692650 127.561952299220451
9.469354346503284 1.829248108405457 61.084663657419604
1.520070117618939 2.351589186774512 2.677124236139096
7.804734519420139 0.158843619433613 1.385943085138132
2.812717514524984 3.510431026911704 37.724740225227592
4.015596898499939 3.016715930990190 66.273907236248704
9.222347205572055 4.961773748470135 61280.890910304704448
0.421021347152455 4.000983851752408 0.031394013240147
7.515500910661703 4.920305926609175 20416.486369786307478
4.084195136009467 1.799953892827300 12.588195944371421
1.811150974873267 3.205713721986843 6.713187448066293
3.029136524383879 2.494462814679709 15.872011421872978
9.787653430843314 1.246443838629215 17.172171452633254
5.997712005810521 1.123113301067787 7.477664653012012
9.103118281726674 0.248728726530801 1.732120706283734
2.492234613862558 3.131083678687613 17.448299429129257
8.999253310805264 4.239882016489926 11110.225653316214448
4.607013673338501 0.680190671248789 2.826518002249737
7.823312915702710 2.667016806038974 241.372625864230997
9.935738253096359 0.323109809213114 2.099931593698934
7.120660866900661 1.782620247276159 33.091766563282270
3.816041691992598 2.298728418389487 21.725540335577328
2.343003451446942 0.705930203410324 1.824037986671121
6.338474549248570 2.839096500353557 189.196065005644982
6.099234783309258 0.399801000708656 2.060411054595454
2.849068785373972 2.662947910959951 16.249882677301787
7.422094115756678 4.880482997050909 17725.135850339389435
4.676740020824274 0.187911066480295 1.336256240685785
2.514171826433948 2.799345212194531 13.208201976867681
2.096755675828769 1.721182564514111 3.576370583271780
2.791055485310779 4.541676960044760 105.812357524878408
5.517421538892913 2.408845038755302 61.196626687993074
4.675670681194002 4.635810027598580 1274.292534563534218
6.286884650513370 0.812574631413531 4.454391919244322
8.048223698483556 0.980874951727347 7.733542597428323
6.500926297228840 1.727013991277496 25.352431508189131
0.615322641124259 3.047425266031274 0.227670538700532
1.554806530363258 0.325506084977295 1.154494372285117
4.813027719854775 2.157922753618725 29.689720753516614
1.646293604097468 1.625101774688252 2.248259218103397
5.564285080758646 1.897263883461702 25.956030805821474
2.889329425955638 2.068084147487855 8.973608045841122
9.981578865318099 0.645934694556420 4.419951028191286
3.367430347768357 2.471703382077923 20.106004995883453
3.915413961536008 3.130799467684844 71.757625783914193
1.472287460180916 2.453154705818886 2.582925437671646
6.460449098441395 0.459300000197610 2.355882696772244
5.676669113854975 4.331506592179617 1846.551033799488778
9.423628514170366 0.697715205930875 4.783291216953654
8.697010058539316 4.343920429383501 12037.835760307416422
6.876336855178131 2.480606247142752 119.440980928517405
2.380402139417217 4.095072286796491 34.866659140062836
2.107859465797051 0.818328066829105 1.840808933850816
9.474015348582643 0.965854754821913 8.773847635017011
7.067358692069671 2.933886852186148 310.187533106488218
9.372150703154443 0.870648062283272 7.016652547024838
4.793935489754086 2.396287654373732 42.769510599750120
6.214984596309542 3.725673970806831 903.855419181379602
6.532734301801140 4.338067456628975 3435.081708679831081
2.758592137202854 4.043904080673276 60.547742506170955
8.388908133412839 2.280348898174096 127.752873950333878
7.934076661322462 0.562536103230658 3.206263384908809
2.576543540268752 1.293636075064753 3.401989116749597
6.845015501977273 1.046869134593983 7.490791567093810
6.539604054868634 1.515037484627188 17.202478515554777
9.882313978743948 4.823728793622521 62940.227208325493848
2.138554248980225 2.096521857688244 4.921577914973749
9.555858413007222 1.262442896609450 17.279633522967565
0.769910677436725 4.686424666513664 0.293637299037101
6.098017478051863 3.128321336507113 285.971302393011626
0.975275106653496 0.805550706866663 0.980034488635581
1.639325179498548 1.874718863283937 2.526019682231075
1.685679535535348 3.935580775482190 7.807129570289190
8.553287700143720 4.429730219873298 13461.643178092988819
1.464979138992596 0.236804332763190 1.094635689090310
9.659286712678851 0.241903154909101 1.730857509969266
3.315126359231654 1.097114576192345 3.724330656729367
4.503195998456941 4.552398635947656 944.250937980715776
8.548133787201483 0.794634993731956 5.501708207854903
4.268922586394429 0.907059260945205 3.730233624885606
0.480182696343742 4.949273432831872 0.026496815642351
0.744792163338792 3.319292903476353 0.376051227075747
8.903914346557952 2.539058775957071 257.656975394500932
0.717854113072703 3.846122054051282 0.279445826127976
0.176162965710740 4.140606504529397 0.000754447705128
6.930151035680727 0.673115848126551 3.680588250410428
0.389634803249284 4.642641502258273 0.012576814223132
8.454691378949097 2.478173507008365 198.385124908417197
7.358304054694861 3.546029584779622 1184.730235316952758
3.988483530663714 0.415044164001561 1.775668017118777
3.674937577074119 4.585221625736191 390.657683395099639
4.569598049430635 0.405417519343864 1.851510170393332
7.088535343563446 3.670761692296961 1324.921814629092296
5.472290797169243 4.721933592527137 3059.044466409249708
6.492303745425847 1.257016591211394 10.500229910091688
4.802076723166658 2.116723693884556 27.694728380299171
5.028122012981589 3.827910736393929 484.081875099238573
8.307566480708971 1.397212429885984 19.261950291897552
3.639244266309153 3.937985223313378 161.902606675072406
3.625937409875086 2.282775405337128 18.924783036764488
8.063773663300561 2.753851774079511 313.669424093577334
4.788106648393848 1.027794728732650 5.001137370884767
6.763221200428529 1.379672828243130 13.974631153872888
4.115515831601669 4.730166952498736 805.989545018327135
8.392181387744703 2.721968232541104 327.158362235904121
6.885891335012174 0.583656812983218 3.083764178187053
2.119495598243852 4.992549868622316 42.533597766274170
4.902536301442101 0.212549442346916 1.402001763417339
2.521968273661672 0.321836858249091 1.346773668785995
9.152203934968359 1.370869758676923 20.803024901324317
4.739834771014621 3.154474375007969 135.418408706824579
0.713793262860598 2.851938232931877 0.382294153444910
7.015576184182426 4.789836226574795 11285.085672273351520
0.747213765825233 2.251167381776749 0.518923342007702
5.400728883966943 0.567010762905789 2.602006521248764
5.358546555440183 1.899512877220443 24.256837581034798
9.015101196783823 4.422251540176870 16715.533176653581904
7.113808789706459 3.564345181816183 1089.397381834198313
2.550808479000483 4.643441624467147 77.336562680477655
8.957793583524909 4.739138413253408 32554.615958036010852
9.715337733994669 4.880117954626669 65903.888483834234648
2.447422012268310 3.457674200592130 22.081501586232630
0.634661743117190 4.824707651787913 0.111512723117873
2.746377068439558 4.255841719559976 73.670532942349041
0.353856774212450 2.267659454107466 0.094818798312256
7.521290338966209 2.848942075282233 313.693960136923522
6.627080301193701 4.901096486670003 10601.797646305849412
5.232733250878624 3.791359516510044 530.833720749474082
8.512031344512829 3.159313063090278 867.493207025533138
0.678608251312082 1.491764208061918 0.560809618647988
4.738350104412918 0.258846944610716 1.495836142811058
3.751056641708647 3.345359408150295 83.320184226324614
9.275294311980364 3.096531103331000 989.373575804417783
2.279723763889515 4.014724864458299 27.340010225854719
0.263963053362167 2.203532317321380 0.053131444363017
6.005028143862275 3.732985228070683 805.721904985848028
8.959979023912565 2.282535395169110 149.167571203655569
3.107298217130341 3.861918179823814 79.715470070876890
6.568031461169809 0.361286109511141 1.973912930594987
8.366995836746668 3.175859539816330 851.042631170162394
8.883995468181750 2.489456266548947 229.889400366218467
2.949247441133316 1.749371520917835 6.632838394367348
4.557449048661736 2.845863085819835 74.925925672654841
3.869085703551645 0.624651926292263 2.328362991015592
6.314756819521373 2.318146088163280 71.671021167472674
0.247470786043085 1.837977001732049 0.076791110046287
4.967441611467149 2.531359292795628 57.831193992065323
1.541940436204608 3.619140895218377 4.793394063041754
3.715004789434112 1.683828773033408 9.114104423270044
2.206655302967100 2.123935719902912 5.371183365958511
8.598015545715999 0.227459152243289 1.631313492951130
1.339247174464195 1.193105860902028 1.416962285251426
7.287860765845156 3.838454541113275 2046.685646535166143
3.244311261391564 0.877810912037576 2.809758024535232
5.791614750830135 2.330143977027986 59.900858449307790
3.780623758532693 2.967791379752976 51.771155180315738
7.474020780161623 1.310565715975392 13.958871776421645
4.568624954323078 0.238030094222028 1.435650764457843
5.355466270673152 4.866049172491524 3518.547693630620415
5.456596295778359 2.231261906378111 44.082436800659764
2.320057200566037 1.985123887075545 5.315696600459175
0.653345930547272 4.623620212613091 0.139730855691084
1.610101223257823 3.355985129713036 4.945340462026202
1.156263759729877 1.407727905470318 1.226780819950044
5.084038014666834 4.384833576236348 1249.131070021332107
8.024029587843684 3.988900209818012 4050.713417372232016
9.694108239046386 0.359476991739751 2.262699492577415
0.566566909692185 3.359644252093806 0.148255847727452
9.804765241160865 0.825561923315230 6.584045165474383
1.323145209359336 0.982005505879717 1.316495088207900
3.577542446371286 1.911689790922719 11.436217369260723
4.345836070980492 1.124140214109560 5.215355311664326
3.368067109179974 2.618891401996679 24.052093078731726
1.031096906480870 1.568033077344485 1.049189729490775
0.329716509485326 0.961820103481375 0.343983833410242
6.845175434695211 1.944236725563128 42.090626152075835
6.708907456720075 3.744672857129362 1246.064612031355864
2.853424631567400 2.356846738196583 11.836650607774221
6.707684192089464 0.858754303963451 5.126521510130858
4.796617435328772 3.245862225391458 162.263731785415388
5.959008608791367 3.965507338460439 1185.654725336055208
4.563792105136908 4.457467315888622 868.807255505266312
8.983299921678427 0.539819562153188 3.271021131924450
0.539542745913644 1.743156172736391 0.341098036961138
3.521528551538394 4.471683937347166 278.489731938107639
6.392408696260235 2.489261921767179 101.276817410290164
3.462161799625272 4.857407146043999 416.705969188154143
6.437243238982289 1.148396664992551 8.486102846523718
1.857115815592081 3.961372226509649 11.613718701219430
8.639665576434057 0.863168398981472 6.432126211725257
4.693147182093399 2.763502730764781 71.712205513892570
4.158864414053084 2.728060060588427 48.820286796229325
5.915552549912878 0.992327353882894 5.835419332274376
3.155932968343673 3.848545815397758 83.352012782086319
4.882032071746069 2.739115708592942 76.940817683420633
2.079213651646914 4.362100264368005 24.361713226051858
8.917333807550493 1.765874700649882 47.642658643757471
9.538152364512252 4.673989134505391 37844.719323390112550
3.614797259581078 1.733386085131838 9.276303375069460
8.078816316903422 1.777655637859493 41.015859311909409
7.864842221249407 4.634690476334843 14165.958989040567758
7.816591212390759 2.160068846160113 84.913954153053822
5.847783610204456 4.060552213065351 1301.392187233369896
2.630814974949987 0.204925656133633 1.219234607470965
8.122027908960229 1.762371156094208 40.102037321742507
7.635625089812356 4.365876949678394 7151.396757773127320
8.374178216735270 2.504775679146888 205.004395921813028
1.472478218574940 3.356445207972484 3.664771113000091
3.966569390310419 2.517638547444947 32.106488760281380
0.907916367832538 0.943204209172197 0.912911472720622
5.882623780910066 4.317977152912319 2103.731531027592609
4.531779747099507 0.850916293076129 3.617677173465253
1.998931054193417 2.980314451793030 7.879017680725211
0.604771908443548 4.667384073471419 0.095632202753013
3.699594322950778 4.188678208882854 239.780971891062336
8.415551826684124 3.786432465529514 3182.458769358946938
7.023067753112502 0.269085267063086 1.689615580746471
0.542143167656867 0.960722781470380 0.555337821045441
7.097967021858388 4.814359781736310 12521.754615546200512
1.391728238625298 2.408356125146302 2.216818888399986
3.824474216224852 2.050565253989127 15.653136144190521
5.287991683046960 3.786235723921623 547.708306233532994
2.751622711020607 1.132044932115921 3.145099357176694
5.113314869558471 2.430748099872671 52.805279347212597
3.806398556553694 2.142044284956554 17.518110158480386
1.711369752094287 2.664765427613144 4.186071372400425
0.366116094521786 2.716633663533424 0.065239736589773
0.424318957446871 2.173801900915941 0.155123326109911
1.234352530428123 2.845252941219288 1.820403601277131
0.386127745573054 1.725930688735916 0.193520227717699
7.932640031766303 3.134920378664484 660.089804490519555
9.533447459079088 0.838826953390835 6.628591798786736
9.410271625457396 2.911454389585644 683.279326479038332
1.424482308633868 4.141726982020061 4.329179476546344
3.973151018578745 0.780392165617866 2.934677058106127
6.541148099356175 4.158606150161780 2465.946594289287077
9.488291077916177 1.598935383800478 36.514088914097826
0.681151074498687 1.384969113974833 0.587553372231043
0.347510164338187 3.368404939268088 0.028431036931654
9.461358406737697 2.455934003994353 249.389045538448215
1.188202997807956 4.908336742431117 2.331248117277252
6.097833865334878 1.650779166795167 19.776594223832635
5.579727276716383 4.231206376235291 1442.359663672492843
5.963039490185267 2.553948933153732 95.610341189540222
3.879175622249196 0.958651505655888 3.667718133019162
5.667566412297381 1.084949598296464 6.567458814142359
6.810453764778079 2.651387815931185 161.835138793704118
4.607588746789935 4.938479895976540 1890.390704105064060
6.754081295007126 0.393773629771096 2.121589350063080
7.465600014124883 2.779431263485233 267.068933465569785
6.029011009446056 4.011640730772451 1349.170827922366470
7.445810138239878 0.501276309788943 2.735702130904035
8.735753333482092 0.593268798598008 3.617796508087102
3.030961820465327 3.986264439810306 83.120296887836048
1.681618298845409 1.871126831313381 2.644628298097885
7.539915184382028 2.772017142774173 270.442454695017318
5.638492777925591 3.208960311211316 257.307441050836530
6.475279153980185 1.399405912410578 13.654629972441555
5.661515051651682 3.461633121846154 403.995619453267636
5.147006289517510 2.457085752769784 56.021007248510294
6.154867582949331 0.222193414415879 1.497473690012275
5.330910006143623 1.500325320238799 12.315114944889332
2.441358143314205 2.629490417022477 10.453778645303087
1.486148304250606 0.200020193236358 1.082470088639686
5.925306749343553 3.885293901852816 1005.098693306392420
8.027121169731114 4.506370560676007 11920.150465610691754
6.648657507685378 2.220837399275163 67.167371298657173
7.061357665679170 4.370780411844208 5132.204559494934074
6.679841942132039 0.204160350215084 1.473616763990867
4.484008078672428 3.397811629536445 163.771990007231750
5.071391573942837 4.860068166696950 2672.797088660260215
0.582533134945972 3.812107383588428 0.127460921471983
8.709693110678209 1.526447847474191 27.218571663680454
7.875313784040961 4.783572012221097 19380.361929092323408
8.957327930122361 2.083367090546796 96.324618436655811
2.106045262810207 4.534468932674082 29.292351690855046
7.536255685305760 2.139290230727909 75.247219779029905
1.432335765424854 0.720414645668962 1.295439053383918
4.488156965452388 2.708796872297897 58.387497231837905
1.330194070215622 0.305604514757419 1.091111129671130
3.056931786653561 0.726588128344448 2.252178785203200
1.845445656797068 2.936331701435734 6.044516512927691
8.361703847144481 3.023296948030841 614.286539297860827
8.182537574355960 3.141321696738602 737.352075566449571
9.803404552000435 1.058162126429762 11.195345859654354
4.103626015861952 3.827048140489130 222.137863758973396
3.492101055923265 1.926554809450523 11.124653485206959
0.635077250658867 0.373768504920864 0.843922909558837
4.612027682939346 1.463593924978726 9.368458980891582
4.207131959756963 0.966762887503897 4.010944354312318
4.771523299879227 0.234462084693103 1.442511707076812
2.291023390182738 1.065809889809968 2.419485514831632
3.486512000239664 3.164205586896264 52.028002506941299
4.649841854743643 4.474336559123304 969.043026205407386
2.099993940824932 3.014509451187368 9.361152750717347
7.086432522072568 2.432471142672588 117.122607448106407
8.193282514225855 0.599861310717753 3.531409420703161
2.004437667147354 3.523829323226931 11.592316285928536
0.329783685075768 0.558915748569343 0.537936104915929
0.911614955684312 0.635464125298327 0.942891265830213
8.896715657699687 1.667535089409347 38.271356020200287
0.852015393755572 0.683893302373120 0.896258878788758
8.817556006650893 2.877607611412226 525.219997229425303
5.405407712049684 2.637208910570552 85.629170408821750
7.527712393854126 3.025997712602355 449.552365294854098
5.668558518363019 1.454288602001810 12.467135052235886
4.586191142355057 2.219622199366205 29.388260353230489
8.096682363490416 3.606618017788861 1887.629517391429090
3.512441354807222 1.509632782726135 6.662992991519678
4.856934042128350 3.890769670462273 468.249425286076814
9.755581078939729 1.463632537109179 28.048076747403929
7.734802210839019 4.329480489583167 7023.013970424035506
4.507161170377331 2.730038627373975 60.979054929226955
0.218827447323567 1.768726859598067 0.068048776148019
2.528720778276536 1.585481496254404 4.353032258213573
6.447092373137431 2.885173158461738 216.349043188928590
4.974144025617734 0.949979250383898 4.590584453952787
8.933698011061317 1.145834323704436 12.294879298498865
3.635115701935114 0.532344899676935 1.987874787232636
5.615958520774648 0.499158830842254 2.366364020566955
1.835032609595332 1.160713537080200 2.023088641398137
8.312290153307602 0.800033966960444 5.442617274395597
9.888528460968233 0.777989687850260 5.945688818422409
0.249762275019121 2.650185864768671 0.025312448195682
2.683049740129511 1.248308560583513 3.428158596716020
9.372489762072407 4.331689160752299 16209.650824487704085
9.700202719031793 4.090321954717195 10870.542377348012451
7.302837410425759 2.021735169709288 55.686689507722889
4.837927828879823 2.381460091474981 42.706010500213253
7.877653013870467 0.915087942157557 6.611225134466151
2.925410576453431 4.847563028281542 181.915635442864840
7.220878746225885 4.090538244680460 3251.587501849223372
1.488366243400413 1.365265399303790 1.721054922495401
8.303098661851706 0.413981970939062 2.401866523504974
4.777922520964973 1.481623577733845 10.147911470508145
6.424881189094939 0.512707932010674 2.595367400197484
3.416418390202791 0.203968017447122 1.284787875204145
8.430457676777223 3.766644551842830 3071.511878483407600
9.266652332845297 0.508980194250678 3.105593362969176
6.529516508195101 1.546941755918067 18.221053465579562
1.207275882059614 3.177650327200051 1.819501969994962
6.975013766103253 0.516276432994883 2.725853049404334
7.804108886485666 4.118141334349562 4728.392814454237850
3.539962921973127 2.062682253140030 13.564690925083857
1.678264869194670 1.876535424888310 2.642157489504122
6.279918933564447 2.496200419163446 98.141615588125205
6.651664234908323 1.396451641499743 14.098807935371489
2.967720704754679 3.575150265131914 48.863357949739552
3.574313415638385 3.915848712550506 146.628588068339241
6.678369843559933 4.675830726952499 7178.265311876782107
8.287776768549579 0.959289677150345 7.604105532067710
7.437896861195322 0.252405788353339 1.659430479038352
0.976931070317120 2.462072862263037 0.944157044308403
1.037428133181183 1.053408324102733 1.039466056836996
5.508669493540254 4.963567049882688 4766.889280439411777
0.288238821887763 1.163268067887049 0.235259572923042
4.246480207005004 3.962046925674388 307.808622520944539
1.797177919564781 1.008354892856159 1.806001702089342
8.050518231796859 2.443359732135734 163.400540919366108
3.691267409223151 0.531118131812271 2.000954422092701
5.774719015563093 1.182036074051954 7.946153400414074
3.470350775480186 0.749385827102514 2.540669349016093
5.581327459428064 4.642807183101373 2930.611472242921081
4.875824319133058 1.991199541131858 23.444499178018759
0.387495034821580 0.775302033555376 0.479492592862087
5.007182764138252 3.041513339884607 134.221717340335374
8.062389633904449 1.885260309606106 51.158781449905860
6.938457410126661 1.311700919549347 12.690693481321016
9.207448532228426 4.624681812145440 28763.218783752479794
0.335912589574649 3.724591857544911 0.017194369832157
9.842438698450167 3.048413413754943 1065.093289554781904
5.034193896644330 2.872438463752004 103.812716386471180
3.338282841740969 1.557654748608876 6.538351882562931
6.022952743434733 2.238702361660481 55.687955032573484
6.517420935358640 2.704826395168908 159.196543468357163
6.101618845343845 4.007973001545895 1406.185624276678254
6.785981949532132 0.311063084869836 1.814195193144405
6.884433462980835 3.173962323620230 456.417324527786946
4.705339794189575 3.494689532917231 224.128300086250874
3.257808647829489 3.080144384976803 38.008857889379179
2.449873803506196 4.979619973690620 86.653839406596518
5.898843939802442 1.044226723101717 6.380510110018965
5.537099302188257 2.008976555183892 31.134130332348647
4.082197414108518 4.291549216057469 418.486719904510494
9.327571162459398 4.920926136665948 59177.894313891622005
6.831618836996006 0.771406188817539 4.403081161694127
8.643585470846499 4.551907841056520 18354.579879685759806
9.798779835793267 2.948919725733939 837.310740026972098
1.484065971417815 2.060359503005548 2.255564468653619
4.740775455425357 3.143377419042392 133.183277292343092
7.864794056294541 1.874752584515601 47.774063611286664
5.132728971224867 4.410751215835222 1358.844530568832397
5.153582981090509 1.340717573979351 9.010261952948422
5.281449334735728 2.375215350952934 52.082797189459200
2.606118268906479 1.797732444372072 5.595593117952239
6.494228921329926 2.552024419378144 118.465054847008147
1.188772762402701 2.662767525320969 1.584786517583310
9.933204261932113 3.097963739879028 1227.288604885835639
3.031045496237430 1.236468727184831 3.939798496422187
0.256055374402047 3.318742415291718 0.010874582795505
5.969108437277022 3.108665399218394 258.251538684062268
9.516919288129987 0.530014913762656 3.300788349264498
9.451751111819274 3.697179974810341 4042.448128778971750
0.873368792244056 3.297212439453303 0.639906061474916
7.259369882880242 2.795396401603489 255.007972352017759
3.776091508552125 4.131800122437962 242.227984025695690
9.865599034206561 3.319124559257868 1993.515390023914506
6.269074533628787 4.798439546769110 6688.557745178166442
6.241737978204906 0.193850527515290 1.426167046261822
2.560439519924218 1.056067826806661 2.699030732804330
3.095321698319018 3.858898030725839 78.267888017415430
5.618662322177035 2.795607750234676 124.646369828832817
8.898204108884929 4.220568783750934 10153.035894786869903
9.610446240143425 0.309840286538457 2.016014002606295
4.346724478157312 2.441395671812950 36.141503897939693
8.010833256059817 4.274169821756859 7285.710661751623775
2.447829354765836 3.089570637842431 15.891569456773228
9.195375542262237 4.445715636394807 19220.109718128878740
7.837421435700439 0.733059225565346 4.523576234939293
6.761279682522100 4.431828031961037 4770.296250770195002
9.943365497568413 3.296901566852684 1944.327599196012216
1.524727125644664 2.437488253181391 2.795945211516301
1.890529380956163 0.367301354144972 1.263541378571385
9.631354369544646 1.787262673394228 57.293810186242744
3.700462281545500 2.726908305274851 35.447201696107918
9.949103677092069 1.536128832256499 34.097670057024175
9.713074282689160 4.656855284941233 39625.733424313599244
9.200148985984196 4.884049848787531 50959.146058867510874
2.446224661165627 3.813014868862241 30.293002547099505
5.547819344979853 4.474129376933058 2134.516370074948554
7.106258246628101 3.930639009455705 2225.836612041100580
7.499155642435888 4.401301899887009 7098.941458056293413
5.518446647280131 1.145846615187022 7.079593543349796
9.795295591746106 3.516648491267857 3055.345718434591618
6.554109191080653 3.046494433639938 307.258819780316799
8.693746346401650 1.241165455016107 14.645737296583878
4.290183319724663 3.996972476258401 337.278427486089640
1.861202691047255 4.153166613364513 13.197694472200386
0.105799412410864 3.447170521848358 0.000433737963026
4.709997130940603 3.840788573527986 384.529792659101702
2.229023274314741 4.438988136343745 35.097533207782519
0.122877756432913 2.576548795279759 0.004507995345290
2.706620155297190 4.926638038683473 135.024582155567316
2.585439758055688 0.557396316351932 1.698029252593911
7.465259562448487 0.815125435803270 5.148030541447739
2.532871285523644 0.269923734211210 1.285123190552136
9.594299071449429 0.942903632567377 8.432257544198222
3.221832435601030 2.083453335828677 11.444815211818067
9.336559586925150 4.246422164248083 13177.197102808231648
4.769014068976149 3.486375318096624 231.876501290647269
4.230366035848046 1.156668999121863 5.302881870305554
0.923659504291707 3.758407814545388 0.741958591756630
9.113017554416951 4.107671183814896 8749.370213669270015
4.697612025444480 3.519526643740812 231.573849699624589
3.648488357907421 0.801585849293970 2.822161079997002
0.188432452637471 2.817161709927631 0.009078129946099
6.042990423485221 2.533479584638429 95.342328510360659
8.590103569593321 4.696323992753199 24342.159037174278637
6.681386965973486 0.410688409848470 2.181539911068128
9.208743472133271 3.291818781027052 1492.701272698479443
6.821890955940569 3.715705930614370 1254.714483671611106
7.857561888688232 1.781822436828465 39.377116260757624
6.401304939635651 1.307243869410822 11.323731807269031
2.575414321120878 0.635422974546378 1.824154800355187
7.546950297959900 3.510636660867786 1206.526241732678045
9.726566503786900 3.410589541636398 2341.663813977178052
0.552102676594419 4.898280687899058 0.054493013601996
8.857504650052528 0.223670396724211 1.628866585147061
2.358190605067543 3.527864909315779 20.625669016640952
8.429271296144229 0.453326505353329 2.628361879839312
5.399073094531661 1.342519800864575 9.619511898110789
2.382496088961769 0.357561086895866 1.363992687196499
2.988303427182056 1.253418975012264 3.943722346065394
3.231328255218792 0.462921295993101 1.721089079076023
0.169957056687372 1.554454335743186 0.063620552236652
4.189262177737246 0.795191786933041 3.124054939609876
8.001343972798322 4.547882632865368 12807.933186430143905
1.218883484170313 4.660965021477627 2.515745890833172
5.928046787395014 4.068526767572581 1395.120196446585851
9.465416657817498 0.872541293688689 7.107587714259848
7.214693802193853 0.982459713216620 6.968904543734184
6.852217655994202 1.455044531095984 16.450213662008601
3.293844639903019 0.136596890012900 1.176837868954448
5.529638571636963 4.363542960500650 1740.961460198249824
1.657859952194535 3.577282736154778 6.100770674554136
7.822845417574911 4.779647957579082 18619.542063626977324
0.846885965861551 0.689376224608740 0.891752276900394
4.081845444576024 4.743059438426027 789.457865285235471
7.492526439366944 2.934147608426392 368.373591392950743
3.829171375977991 1.421171786406325 6.740499730499839
3.777277190311442 1.825333792785334 11.312121745478841
0.222255451284840 0.197701285593160 0.742799981242125
9.258871777728453 0.720656334287914 4.972287083639028
6.790440905609183 1.439864164867229 15.769578367136710
5.902003014559051 4.888875036588828 5879.221896104396365
7.496715651317435 3.963467662689012 2934.425378350410938
1.329271240974272 3.142830523495010 2.446226253950077
8.746057776873927 0.763701097050496 5.239177578103528
2.832498173168523 3.018335990673944 23.163271283913375
0.456169861861350 2.799043668530970 0.111142570572915
2.591403159244802 3.194590563158827 20.944739204670594
8.457654155643532 1.693542575011409 37.182383092009992
5.442171478698274 2.273883263147797 47.104255172270648
9.554120428216157 1.277611511567310 17.877341494607283
6.111176912343415 2.530379077518108 97.542501427758040
0.811272534619855 3.337207099801970 0.497588931273713
9.382076396679413 4.560302349084772 27162.970011500005057
9.067456647160700 1.069187696247919 10.561648334532633
6.999586467120447 3.809920790460657 1658.283733858681217
4.414789128069502 1.921981953230647 17.358224981439196
8.927051870489855 4.417284479116454 15832.443608450417742
9.645622547961487 1.898470829886854 73.913248756522123
0.427594482557606 4.904335031345639 0.015504500046758
2.980334847548113 3.173013823962969 31.977874531126577
0.150513830248989 3.291023320428347 0.001965100556280
8.453934257143446 0.573393613030814 3.400710268472233
6.806031448023639 2.593262327926522 144.514860335095761
3.101649676281398 2.569671118736750 18.332921371994402
9.809566368357023 3.415768163576076 2439.191229718479917
8.230065333637629 3.860207808084373 3417.015115454954866
9.820642600325078 4.611923011698996 37642.015062606253196
5.279761928448386 1.197247391492705 7.330745351974053
4.534110093011376 2.998740376432346 93.035618739202533
4.611664800484887 3.580008431766360 238.021551469740189
7.024751505349164 1.314575568686236 12.970609476968068
4.009698117608627 1.967641856288651 15.371200200297116
8.501460745849206 4.174560696817085 7589.746279558853530
2.756318078770451 2.037074594717484 7.888305085762561
0.196437260490662 0.948712818149273 0.213536649829900
3.277125369926648 2.429549863359838 17.881999730865221
3.084850985092904 3.010911667404644 29.719461166258117
7.414420193384648 0.855707981435430 5.553055322432335
6.463613032031858 3.033662890969014 287.547096709794573
7.493723301197299 2.791237651990068 276.368806811847776
8.970586287453681 2.224581920949591 131.712801709064706
7.658257732532795 4.238872035492582 5593.888941903313025
1.410236504074457 1.471088754422710 1.658141969935077
8.217154018590559 4.825173400446897 25923.253075509175687
5.661356011943289 1.745923643086126 20.632014922494957
6.737270905350559 1.248836710434907 10.830318946417760
1.162459532637401 3.272801153573731 1.636698486267211
2.982766194710292 3.776608285214059 62.008446301748634
7.299020229838916 3.808946291749489 1941.459666365240992
4.360492809049457 4.790617098184279 1158.163992964870431
3.017828780083936 1.022393019796842 3.093402317353446
1.532627714086085 3.241310658897907 3.990780759096053
3.935328106328211 0.699888277467866 2.608676286403208
0.836048302223525 1.999569162411095 0.699030691514892
0.836680659430472 0.612023939880742 0.896612317567511
1.485056902050098 1.571842387633597 1.861885954845282
0.338119876548414 0.668791030542349 0.484224444160527
2.200406373216842 2.702608050957882 8.426574780764119
8.304376124750711 1.563168107812423 27.354665038262588
3.039000921878859 4.918954836880411 236.881508531938152
5.671019468793796 0.646751462732679 3.072072378737190
1.843690494530444 2.746981607273318 5.368341002911669
6.058687028917986 2.492365331681147 89.119572955032666
0.406094763139918 3.778380002545416 0.033208216603175
9.172630171766283 2.101860756110370 105.445517390897834
2.447091291008929 1.432023301008605 3.602102787246455
2.462723815424045 1.364468745552417 3.420381140041187
0.903934692531085 1.738782754104609 0.838941865018621
1.344807777585566 4.494260973807542 3.786452999015062
2.148531180785738 4.552809693352302 32.522039496024647
1.311468781278208 3.735327833612332 2.753369987393215
6.420096105202720 1.724866719551150 24.711636583287742
0.364667712769414 3.586093325020685 0.026848676301488
4.783725108125949 4.053809752089701 569.695662880833083
4.021518231928376 0.157327913031372 1.244765159152033
6.140807415824153 3.023993107392157 241.873567970681506
7.607911143565385 1.133809407246651 9.981298336736936
0.604936518903697 4.471663681964881 0.105652469666783
2.163565676010839 2.492505301754394 6.845626634627796
5.873717062273356 4.295189003864490 2007.366905616204122
0.837597332123385 1.917792649501785 0.711864992393587
2.545558109793375 4.292954479239162 55.208762694078985
5.226901922193904 4.115072995521841 902.875634789313381
4.929058614557425 3.472808727706126 254.587341023932566
4.193294569911800 4.369122412739308 524.832387741662387
6.959397064490285 3.836376641805737 1707.741236016271614
2.894730054461435 3.766962901553450 54.810084988420208
6.408364215432051 3.696322443094157 959.395620997634637
1.642393380061301 1.031365988061890 1.668152845860574
4.401520743389207 0.670994010890020 2.703046971526828
1.681768963581989 4.040362866631733 8.169169558161347
4.243584594147964 4.830425661759703 1077.003055482099171
6.632727128937300 1.639652356823339 22.247921258052752
1.639802956844147 3.584779983282250 5.888177073299169
0.621535033247459 2.904104084752201 0.251305875807698
7.265058782973784 3.184524158210764 552.887566856795161
1.193731335527561 0.564595705829948 1.105149757885582
4.927102637386203 3.856190648307146 468.560081585201885
3.377224339921057 2.698006040888306 26.672138140403412
2.771082642677559 4.394976626318695 88.192998724210014
7.342597695294466 0.467545738804767 2.539945239233954
4.954334386255648 3.531887361073706 284.845820493918779
2.942178236062255 3.529593816414937 45.103591873158365
5.804121838403013 0.992117380100927 5.724219459867953
6.993873879731396 0.815983158665383 4.889624354363492
1.590158469413441 3.161159390148296 4.332965520459749
7.047456713458340 1.212639822564370 10.674754104606459
8.914772030473062 0.424301864382394 2.530075883462464
5.641331117640831 4.756753829918550 3750.915343784318793
0.837981701511239 1.144961756646314 0.816782602526551
2.211465685959376 1.556582377441474 3.439720328435562
0.324363533667278 4.578099901731943 0.005773720452870
9.048839494433883 2.467862610070766 229.477343492432738
6.249362421521987 3.369237980791504 480.131175300455311
4.139407056686775 3.098910100316811 81.627373016242203
5.770018103029721 1.772054905499467 22.327893305704180
2.036292030859858 0.769009846171270 1.727830151080253
3.466024122906610 3.005508368280484 41.924542700441350
8.870450131205732 3.152070840292777 972.729011619486073
6.304347599956841 2.859998161954341 193.628535655971888
1.533592716813891 3.996177908701511 5.522431641679795
2.857391662801665 0.225292089141455 1.266853462621752
2.703053416300049 1.335551125118732 3.773670131432078
1.462452118968862 3.345923293517934 3.567389735809602
0.795222385264362 0.399237731411518 0.912580728206201
2.839708448581715 3.198782837311151 28.178917361881663
7.828851656799106 1.589675646590793 26.344505300671557
0.675458707127288 0.212148699610251 0.920130883986162
8.592180879059169 0.583357008081384 3.506838542564820
3.716043474435966 1.279205140434678 5.361055116495717
5.555788325709942 2.947157887866951 156.632953544465266
8.711856103572833 1.851054149187521 54.978868781861557
9.670131667411237 4.160534891561934 12587.104308084022705
6.300088353477988 4.322663186455454 2853.029711537345520
0.194513500148637 2.396788542534511 0.019758906435228
7.556148650263658 1.796750861527894 37.851854991542425
6.117845671773274 1.486064963614149 14.754907697092975
0.463521694186782 2.354680620614084 0.163569246830995
3.657402387673806 2.701812248969476 33.234336914586557
3.402744668913101 0.692049886004184 2.333739889809119
5.403703024020452 3.426032521590348 323.761210504351368
9.868118819369998 2.693874961450164 476.807497012685985
8.621701241414653 3.957442039032096 5041.444023489328174
8.522955665801293 1.698511893583563 38.073129202300379
8.170268247998465 4.934736997989686 31742.877826749921951
9.616317423349834 3.491626538396984 2705.824222128755537
6.648783033152015 4.546853535181268 5506.657983709473228
0.658504342280530 1.686787654976040 0.494250319923855
0.480549646749196 3.049091212300347 0.107051050270470
5.887429178358650 4.926380204405093 6207.928513108878178
1.963206235126297 4.955705003009141 28.304318250508405
8.546424038984570 1.276716004637726 15.474766460465318
7.091185955816236 4.859530681615563 13617.408659021315543
1.158815814677418 2.651901005754920 1.478290845760123
3.816975758042750 2.046646242756370 15.508644034628894
2.942489150478909 4.037919778337206 78.096765047586544
6.197555069435026 0.161895841612031 1.343560376821381
9.557589992667914 0.131542314090936 1.345728024578813
1.448272601249878 0.898251907482136 1.394710601160563
2.498677869600928 3.415850033718510 22.830669141363963
9.116819808694082 4.371426034155578 15699.445064950252345
3.099762613063864 4.210950547514049 117.208672158379457
8.245566161039248 4.297802930885810 8664.331645477412167
4.473278673461418 3.819358149903149 305.473500434878872
5.067187428074591 3.628501634462701 360.784687802286726
2.897149368549958 2.632480865773053 16.448621981970046
4.783869803263716 0.913386019424231 4.177350882090134
3.916265410473869 4.952704185396898 863.615074665101474
9.018880562713603 0.432928544168824 2.591271031559634
6.459569083212429 4.131202953527039 2223.900166465985421
7.988513661539286 1.217072124065489 12.541982483717550
8.863298180965030 0.185001202036440 1.497291229491445
6.416663334970865 2.421842255083142 90.193587870245551
9.384496700927713 1.913523605907811 72.565697877528265
6.791438423976585 4.826942452318346 10371.261242530792515
6.421679448959807 2.261271806422117 67.036766937615837
9.637741290540355 1.710393956723379 48.193153535897260
2.745958658377232 2.937757554055330 19.443596332328998
0.113094720982551 4.351500180624138 0.000076042107208
