# Тип задачи: SQRT
# Формат: аргумент результат
3132.001786784707747 55.964290282149634
5559.791193948585715 74.564007362457289
9382.851081777689615 96.865117982572499
7363.221129223037678 85.809213545067749
1924.075530600832280 43.864285365212922
1951.400642999344427 44.174660643850387
9509.597775865146104 97.517166570123166
2904.454031921858132 53.892986852853667
8190.823545427309000 90.503168703793506
4882.096291708441640 69.871999339566926
2704.866321401778805 52.008329346382382
5859.706366476852963 76.548718908136223
539.035097204304975 23.217129391987825
5583.191957890010599 74.720759885657017
6395.467664732471349 79.971667887649261
9747.689548152540738 98.730388169765348
8509.976279539152529 92.249532679245334
5939.782199522868723 77.069982480359172
3250.347003184032928 57.011814592977416
8374.572552881862066 91.512690665731512
1009.621749430678847 31.774545621152143
8024.079634051627181 89.577227206760682
1795.320273522955858 42.371219872962776
421.610945178419456 20.533166954428133
5735.938221744811926 75.735977063379934
8830.820021726744017 93.972442884745448
7187.538334351464073 84.779350872435117
2866.680200991877882 53.541387738756619
14.044943610426381 3.747658416988718
9402.411200748238116 96.966031169416425
5152.218492490844255 71.778955777378400
8533.609608322614804 92.377538440481374
6226.364304580583848 78.907314645605467
9111.648338644394244 95.454954500247879
4468.287937971099382 66.845253668238101
7146.555790267801967 84.537304134138338
6906.803488711869250 83.107180728935020
272.423030924747081 16.505242528504301
596.087048061606197 24.414893980142658
3907.627624590166306 62.511020025193687
2343.131012582763105 48.405898530889424
119.961541377472429 10.952695621511284
5426.609092430505370 73.665521734597831
1793.306678030821331 42.347451848143372
2721.750799933156941 52.170401569598418
1477.384458416759571 38.436759208038850
6364.697007868259789 79.779051184306894
1160.371258447129094 34.064222557503484
4164.331494613021277 64.531631736792633
8700.853923558597671 93.278367929325384
3983.316504264446849 63.113520772212091
7796.709988265681204 88.298980675122635
9401.121095746131687 96.959378585808452
60.124726131467696 7.754013549863561
5929.277061763958955 77.001799081345879
6450.369735012874116 80.314193857704097
9378.219134684090022 96.841205768433568
6614.122193725904253 81.327253695953019
4134.872442307080746 64.302973821644372
8678.678266697084837 93.159423928538146
5261.032026340422817 72.532971994400057
8409.738197407416010 91.704624732929446
5573.215429919670896 74.653971293693886
1189.712056701959455 34.492202839220916
3938.588094892740628 62.758171538794379
3333.490677119160409 57.736389540039305
1264.416920975920220 35.558640595162245
9537.229594761491171 97.658740493421746
3459.006030622622347 58.813315079347653
5458.405622026964920 73.881023422980306
4824.074992298301368 69.455561276965440
5443.881340186276248 73.782662869987803
2348.367506918616073 48.459957768436162
1316.276194460005172 36.280520868091259
7990.813063504153433 89.391347811206842
6264.963778080486918 79.151524167766269
4607.018620606054355 67.875022067076003
3087.797092629865801 55.567950228795247
3032.448641850789500 55.067673292511550
3902.661137560920906 62.471282502930265
3036.409750861505472 55.103627383880145
3750.468120421716776 61.241065637541915
7515.233970085118017 86.690449128408133
6134.701328403079060 78.324334203382023
6524.327308127501965 80.773308141535850
7968.248704937412185 89.265047498656557
4560.794082263194468 67.533651480304201
773.018457643031752 27.803209484572672
1161.256316255745332 34.077211098558891
3154.083234308102874 56.161225363306514
6337.370788991009249 79.607605095185534
1921.861471558114317 43.839040495409044
2985.409561013003440 54.638901535563498
5568.456141684271643 74.622088832223611
8840.167482222117542 94.022164845434816
3928.570093977924898 62.678306406426813
8006.387989049512726 89.478421918636414
1487.887383766494850 38.573143296424455
8167.202020518417157 90.372573386611151
6818.904414856005133 82.576657808705264
7755.344264750273396 88.064432461410178
7186.115609402599148 84.770959705565431
8123.572496529015552 90.130863174214724
9349.984420125594625 96.695317467422356
9010.867457596013992 94.925589055828425
9893.692332115360841 99.467041436424367
2330.138063679461993 48.271503640133915
2781.254991223906018 52.737605095642202
60.141696990114163 7.755107800031806
7068.393900119613136 84.073740847660716
3471.263848289204361 58.917432465181342
9258.136882039969350 96.219212645084397
8143.535211059437643 90.241538168736014
2597.577715244587580 50.966437144895536
491.204208723106717 22.163127232480228
5612.814272985491698 74.918717774568805
3056.256036252931608 55.283415562471639
7907.807650285139061 88.925854790860114
7714.624252180515214 87.832933755969435
4580.526969433278282 67.679590493983326
2357.343113182964316 48.552477930410149
1646.733015386472971 40.579958297002634
1966.281919942207651 44.342777539777636
1150.746388842385386 33.922653033664474
7489.514379853996616 86.541980447953677
9364.309679186430003 96.769363329446520
8423.221910917327477 91.778112373906055
8986.196504790525069 94.795551081211215
6574.705878370587016 81.084560049189307
3053.720437108148872 55.260478075276808
4738.654129136330084 68.837882950714942
1033.618381504072886 32.149935948677609
9514.772305904323730 97.543694342096373
4698.002109065406330 68.541973337987628
9106.470747216601012 95.427830045624532
6117.805947585139620 78.216404593826354
8647.907006596737119 92.994123505718022
8394.955737014535771 91.623991055915781
7253.673961544759550 85.168503342167284
9399.719985442488905 96.952153072752793
8567.126899965258417 92.558775380648044
3196.237119276382600 56.535273230757298
4721.752671089944670 68.715010522373817
2860.922513304742097 53.487592143456432
8131.828560337057752 90.176651968993937
2221.667853297194597 47.134571741951731
4509.621908577023532 67.153718501487489
4670.016233147589446 68.337517025039688
5801.793058008823209 76.169502151509590
9500.832485628417999 97.472213915702241
8229.551994095138070 90.716878220621865
2184.967680035017111 46.743637856236830
5149.716165798048678 71.761522878197397
6547.545439422101481 80.916904534356121
9093.094589753978653 95.357719088461735
6636.257180573828919 81.463225940137121
7632.392188248110870 87.363563275819459
6087.396673984703739 78.021770513009400
9993.121067386891809 99.965599419934918
10.185493999340588 3.191472074034267
6711.365031207752509 81.922921280968438
453.488683380840882 21.295273733409505
8794.938861996659398 93.781335360489820
4435.194251281550351 66.597254082143280
8538.978387568884500 92.406592771126910
6178.347438489866363 78.602464582797055
7438.173555910023424 86.244846546967793
4425.198395791809162 66.522164695624639
8080.472309614724509 89.891447366335825
3166.535384901765610 56.271976905932192
4774.509082905988180 69.097822562697218
2561.121986620335520 50.607528951929034
9205.627132624917067 95.945959438763850
8759.664100161638999 93.593077202118096
4654.544614333388381 68.224223076070189
2596.755531883538424 50.958370577202899
7361.414226068752214 85.798684291012023
4682.112390666709871 68.425962840625857
2093.918483713811383 45.759354056999221
9977.436979211373909 99.887121187925800
6281.140569943047012 79.253647045060632
3882.585968375239645 62.310400162214009
1446.850757838775053 38.037491476683570
4483.302838528567918 66.957470371337720
580.880992981809754 24.101472838434788
9458.454085346535066 97.254583878326969
1480.095860154638331 38.472013986203507
6787.790956859370453 82.388051056323519
9154.826233875644903 95.680856151456155
7669.902851791931425 87.577981546687468
9764.668247219697150 98.816335932980721
6751.984996357542514 82.170463040909922
6716.468958649105844 81.954066150796365
6809.581367855639655 82.520187638272120
9407.999586408159303 96.994843091827093
3831.858347390477320 61.902006004575306
7357.931529662428147 85.778386145126490
5571.132425179254824 74.640018925367741
7268.889151624949591 85.257780592887528
9025.977705515342677 95.005145679143837
4011.136806605404217 63.333536192173923
4164.264406559341296 64.531111927188590
1202.227946529918199 34.673158877291783
8132.667754463246638 90.181304905524883
3574.377823145489401 59.786100584880842
3730.167365610864181 61.075096116263822
7615.016806015462862 87.264063657472789
1621.030549752597608 40.262023666882392
7372.214256116957586 85.861599426734173
8206.978623285103822 90.592376187431483
4982.866146353942895 70.589419507132533
1272.542361963393887 35.672711727080603
4505.129625876156751 67.120262409172369
6497.915618969781463 80.609649664105234
1670.106640716909851 40.866938235166451
9565.198441444375931 97.801832505553676
925.285454269286902 30.418505128774605
8893.671898561540729 94.306266486175460
4836.948819194084535 69.548176246355197
3024.289502543671006 54.993540552901948
1333.829681097080993 36.521633056273387
8049.011470855107291 89.716283197951910
6840.568298799341392 82.707728168529343
8246.674244032328716 90.811201093435216
6851.903140202352006 82.776223278199595
8545.342169521565665 92.441019950677557
3705.758973210396107 60.874945365153273
4722.105120158408681 68.717575045678146
2961.857191695313304 54.422947289680238
1386.131673404907815 37.230789320197175
1650.768592435844539 40.629651640591810
5737.997281118194223 75.749569511108078
5954.430769082789084 77.164958168088120
1735.543116615190456 41.659850175140939
6804.734940727384128 82.490817311549193
8438.408467765602836 91.860810293430376
8531.253171556612870 92.364783178203865
9819.843251227366636 99.095122237309781
2264.244509606894098 47.584078320451830
1617.542332518504509 40.218681387117911
8394.519260035394836 91.621609132537046
9506.057246549547926 97.499011515756138
9187.685397092805943 95.852414664904529
3387.836073558045882 58.205120681586479
2057.042521917965587 45.354630655733111
3800.139645244295480 61.645272691783070
9314.596045518008395 96.512154910757275
5483.757141878243601 74.052394572209778
6656.861522915092792 81.589592001155964
8943.973554015286936 94.572583521945120
5253.200954448840093 72.478969049296225
5363.862930160316864 73.238397921857342
3890.593524973166950 62.374622443532012
7362.726434978160796 85.806330972592932
4957.089790851626276 70.406603318521377
8029.201498961804646 89.605811747686346
7492.087645156509097 86.556846321689136
6882.617374854117770 82.961541540970160
98.220273029727934 9.910614160067373
582.780596379252870 24.140849122995920
5433.524707472500268 73.712446082547686
1117.560184302147491 33.429929468997500
4962.943032910572583 70.448158477781178
8694.912550987617578 93.246514953576778
2478.984493097885661 49.789401413331788
1051.577492268073911 32.428035590644001
483.726991417097622 21.993794384259793
412.662417305404233 20.314094055738845
9442.769960164934673 97.173916048314808
8009.900055221414732 89.498044979884426
5977.080380289515233 77.311579858967534
1141.177451493998205 33.781318084023873
4511.413543162231690 67.167056978568240
8107.725056845388281 90.042906754754355
1503.849911646834471 38.779503757098730
6061.222231314640339 77.853851743601226
3065.785189852058920 55.369533047083387
7554.915735472740380 86.919018261095999
8402.249263011408402 91.663783813518236
7154.107574575131366 84.581957736713164
7470.689750763319353 86.433151919638561
2688.012657949947879 51.846047659874209
6145.394244095291469 78.392564979692381
8493.787063299258079 92.161744033515660
2006.290720485135353 44.791636724785299
1016.961332382729893 31.889831175199561
2387.007361887382558 48.857009342441160
8767.181845673210773 93.633230456249933
3622.977222192401314 60.191172294551642
4785.500493372037454 69.177311984291762
8620.349759287275447 92.845838675124668
3515.702712701104247 59.293361455571940
6946.803480068590943 83.347486345231744
489.316126952751517 22.120491110116689
9013.697878784685599 94.940496516421717
2389.076597800626587 48.878181203893284
3497.386942626991640 59.138709341910662
4201.583940621328111 64.819626199333541
2252.085690193300252 47.456144914998106
3613.555986268412653 60.112860406641879
2862.961276511071446 53.506647031103263
6936.571001577932293 83.286079278460051
442.364904618172261 21.032472622546599
1968.263001864302169 44.365110186545259
4529.825416289276291 67.303977715208461
7460.853875262102520 86.376234435532680
3780.950291223853583 61.489432354054578
8176.600026153229919 90.424554332068624
4746.895351197931632 68.897716589143442
2295.003389036330191 47.906193639615431
4994.290668368093975 70.670295516348972
6316.222141133587684 79.474663516957321
6849.404693144687371 82.761130327857941
8875.873193575722325 94.211852723400582
669.168631479070655 25.868293942180852
8099.785967170391814 89.998810920869346
196.137110043696225 14.004895931198355
6493.550606173540473 80.582570113974029
4412.259777297229448 66.424843073184817
6137.214912423880378 78.340378556807352
451.181968726183584 21.241044435860108
6497.888611979095003 80.609482146823737
9682.751610340368643 98.400973624961495
1566.862553587915954 39.583614710987625
2844.745485225887933 53.336155515990164
769.680663718797518 27.743119213938392
4934.448767613010205 70.245631662139743
5371.317419275163047 73.289272197745035
2007.946316553949600 44.810113998448493
7794.740338097085441 88.287826669915745
4202.831165071470423 64.829246217054461
1027.783359852872763 32.059060495480409
9176.033701586353345 95.791616029725446
7627.350106246836731 87.334701615376446
2661.944417819992850 51.594034711582623
1681.316157583170707 41.003855399013041
5742.860903716870780 75.781666013072524
6690.455934553123370 81.795207283514628
1742.094057771443659 41.738400278058620
2179.128749161188807 46.681139115934059
6562.780675585620884 81.010991078900034
6382.806809074956618 79.892470290227962
1477.773562762556821 38.441820492304430
5720.880529866900361 75.636502628472314
9688.475662129751072 98.430054668936108
77.969453290849501 8.830031330117096
3975.062703589392640 63.048098334441399
3732.797905179571444 61.096627608891566
7413.728063894436673 86.103008448569540
8181.929153955002221 90.454016792815793
4192.538581197445637 64.749815298558545
8674.222463159980180 93.135505920996536
2873.773338613472333 53.607586577027249
2815.788279091233107 53.064001725192504
1452.698610123411299 38.114283544668808
708.795008271807660 26.623204320137869
3205.692331449639823 56.618833716791094
1662.841996478126475 40.777959689986041
4332.434811557417561 65.821233743811106
3606.967882029175144 60.058037613871264
1984.044881615899158 44.542618710802124
4786.684482061470590 69.185869092333235
1716.151853152729018 41.426463198693767
5682.993824376710108 75.385634071596897
8238.814484377195186 90.767915500892684
1728.047932104786241 41.569795911271761
4804.408459670382399 69.313840318297053
5289.427407316942663 72.728449779415357
2223.907870481317786 47.158327689617217
3327.826096062374745 57.687313129165368
3446.238193694506208 58.704669266545622
8908.522510271053761 94.384969726493281
5493.889654641556263 74.120777482710992
7927.118555826491502 89.034367273690961
5529.356221678764086 74.359641080889872
1995.128077470310700 44.666856588194236
1550.577497642039361 39.377372914429415
449.331366073915547 21.197437724260816
3890.067577941381387 62.370406267246501
368.694356397757190 19.201415479015008
6552.587799172235464 80.948056179084588
2169.563319766471523 46.578571465497646
2316.040313856351986 48.125256506914873
5739.907964008247291 75.762180301310281
3322.930252073510474 57.644863188956485
9528.177927262850062 97.612386136508562
3660.127357130025757 60.498986414071645
2959.459177184593955 54.400911547368338
6427.120806799809543 80.169325847232926
7060.588720357650345 84.027309372356143
1051.232235076665347 32.422711716891683
1942.706638566988886 44.076145913260028
4494.120159478541609 67.038199255935723
4688.491082887775519 68.472557151663139
5782.205155850455412 76.040812435497131
5965.944509512064542 77.239526859711304
491.531115599209556 22.170501022737614
2138.637671813697125 46.245407034793168
1078.338393418901660 32.838063180079629
9349.782455367352668 96.694273126009648
7500.474215600368552 86.605278220212242
1164.167998210312362 34.119906187009256
9425.048201341587628 97.082687443959784
3536.638140694692083 59.469640495757936
4239.803354384676823 65.113772386375189
7016.785664769286086 83.766256122434442
2014.039267001824555 44.878048832383797
1059.062505661807791 32.543240552560341
6991.735648065533496 83.616599118031189
1248.263667068448740 35.330775070304483
6080.551728041471506 77.977892559631741
9337.423505402563023 96.630344640814371
4166.165523591456804 64.545840482493190
8110.783979988543251 90.059891072488767
5783.699681022124423 76.050638925798154
1475.301047532739176 38.409647844424960
9125.748905153508531 95.528785741018964
6944.915204135223576 83.336157843610863
3530.061235722600941 59.414318440276674
9404.675695328065558 96.977707208038623
5683.213581309991241 75.387091609306637
9164.193101768159977 95.729792132690648
4416.570548667406911 66.457283638946663
4702.594350011791903 68.575464635770359
8547.906088120422282 92.454886772525029
6470.970449870083030 80.442342394227197
7156.292443717594324 84.594872443414644
9184.454964711098000 95.835562108807494
7263.014682286988318 85.223322408170574
6087.386229569849093 78.021703580284949
6379.175707865427285 79.869742129704079
6656.323187841232539 81.586292891889826
9250.740392181649440 96.180769347004343
5537.202293522113905 74.412379974854417
8634.202517829384306 92.920409587072868
1284.920490493357875 35.845787625512678
1043.015109949306179 32.295744455722122
4784.570255929209452 69.170588084309429
870.535212885404235 29.504833720687262
8553.832020162886693 92.486928915187178
2526.810178185774930 50.267386824717427
5358.663472254978842 73.202892512898558
2294.148003824096122 47.897265097540760
3911.561765453918269 62.542479687440583
7003.696484290417175 83.688090456709659
4294.786078906711737 65.534617408715462
5065.977536252209575 71.175680792333907
4553.663698905389538 67.480839494669809
3502.051891606530262 59.178136939299890
8655.892239034588783 93.037047669380556
7901.359351053734827 88.889590791350457
8180.367031951869649 90.445381484915359
6805.285530708354599 82.494154524477395
2917.700708090933858 54.015745001720873
7624.716753339824209 87.319624102144559
7577.131550130040523 87.046720501866361
907.810385669392872 30.129891896078764
1158.815578861825998 34.041380390075638
6835.092866121307452 82.674620447397928
3701.105450135402407 60.836711368510073
3522.853835122414239 59.353633714562200
9117.011964053084739 95.483045427201816
6849.731495854099194 82.763104677471460
4654.457299029286332 68.223583158826287
7913.647614742687438 88.958684875298644
4945.034812474797945 70.320941493091496
7046.644180687208063 83.944292126905253
3068.986612870614863 55.398435112109574
5701.891081026087704 75.510867304157543
2993.570337844267215 54.713529751280596
8238.988443481308423 90.768873759022199
2779.175122635470871 52.717882380037523
9561.955326884346505 97.785251070314004
5369.924358200214556 73.279767727526362
7731.739744038347453 87.930311861373198
7185.708140193584768 84.768556317738387
1460.714360649456921 38.219293042251017
3946.160359581865578 62.818471483966128
1070.367213602980883 32.716467009794634
5863.603008018093533 76.574166714487291
1624.558583004652519 40.305813265640140
3575.510300192879185 59.795570907826267
2130.323204890891702 46.155424436255501
2000.556407159443097 44.727579938550697
6160.911445762338190 78.491473713788423
2576.757328319425142 50.761770342644915
5932.773182948706562 77.024497291113207
4057.692189427411904 63.700017185456176
9457.956048463936895 97.252023364369833
5466.811600551834090 73.937890154857911
4454.874255700464346 66.744844412886792
5657.103748646463828 75.213720481348773
8158.667261832668373 90.325341194111573
5263.407597591796730 72.549345948752674
4811.296583346007537 69.363510460082736
8888.310588527081563 94.277837207517024
7073.775714936553413 84.105741272142382
6654.642215480769664 81.575990435181168
1308.139377673751824 36.168209489463976
1986.362192771294986 44.568623411221658
2967.251564014172345 54.472484467060731
698.628783267626318 26.431586847323910
8976.415438681828164 94.743946712609713
4576.932061751804213 67.653026996223929
1537.096780465596794 39.205825848534253
3417.115231211766513 58.456096612857813
4610.256714673761962 67.898871232692542
2113.034155768724759 45.967751258558700
8081.483762091758763 89.897073156425719
8736.276874900262555 93.468052696631389
8748.868350305705462 93.535385551702873
1465.524090466082953 38.282164129867098
6544.331957233907815 80.897045417208574
6624.188298207922344 81.389116583287247
7916.956974038088447 88.977283471895731
8907.677339745850986 94.380492368634378
2892.525820188702255 53.782207282601391
5910.383842337862006 76.879020820623509
5618.116860263271519 74.954098355348606
6741.488334469451729 82.106566938762285
6275.695145775615856 79.219285188491924
3151.543826956882185 56.138612620520668
2951.381781889478134 54.326621300146009
9891.663260404489847 99.456841194582935
4472.524463809767440 66.876935215437072
4090.015007492275345 63.953225153171715
7151.062473686683916 84.563954931676918
325.726689724020673 18.047899870179375
6090.041712889189512 78.038719318612536
7656.866585725744699 87.503523276070112
4368.883053235383159 66.097526831458552
5726.854665536588982 75.675984734502066
8798.350373699275224 93.799522246647271
7127.334795164944808 84.423544080812817
4486.916732388907803 66.984451422616786
7505.184006522226809 86.632465083952368
3829.765432745431553 61.885098632428722
2376.115181024700632 48.745411897169362
9726.778051776293069 98.624429284920538
6382.037739957093436 79.887656993787800
4520.050029080329296 67.231317323702129
5127.992213744858418 71.610000794196750
4936.741479529732715 70.261949016019571
6609.724287688669392 81.300210871120555
3686.244189089660267 60.714447943546851
1561.859047711031963 39.520362444074728
246.054567567721193 15.686126595425691
6358.776796914817169 79.741938758189320
8630.246217131760204 92.899118494912315
9362.215274983058407 96.758541095776437
6589.402744321198952 81.175136244549648
583.631783740701962 24.158472297326707
6607.896878722786823 81.288971445841199
4860.287764352043268 69.715764102188842
6437.010087209673657 80.230979597719440
800.311182339429934 28.289771691186019
8402.501403954178386 91.665159160687537
7734.757980763200976 87.947472850350863
7955.404881562428272 89.193076421673155
4367.922732531770635 66.090262009858691
489.421350689876192 22.122869404529698
1173.893340777052799 34.262126915547036
9032.210131874517174 95.037940486284299
1093.759755621646946 33.072038879114288
2669.145772223786480 51.663776209485370
1732.339354154128387 41.621380973654972
1799.084339627785084 42.415614337502944
7479.413657058827994 86.483603400059764
3188.201433967354660 56.464160615095970
5308.674251467951763 72.860649540530119
2426.679807471666209 49.261341917082063
9668.600357533008719 98.329041272316942
1832.147027551751762 42.803586620185833
3377.465472351928383 58.115965726742665
9588.881645812773058 97.922835160205466
1555.871875720395110 39.444541773487430
1191.136368043005177 34.512843522998871
1383.293054317057567 37.192647852997204
2831.153591618314294 53.208585694587995
5954.954557916832528 77.168352048730654
7427.349515963527665 86.182071894121506
2477.902431761543994 49.778533845037501
1413.991021162343031 37.603071964433212
2312.402707687683233 48.087448546244197
3249.545135916618165 57.004781693438822
9677.875371402578821 98.376193112981241
5254.886756999870158 72.490597714461359
8884.910845224439981 94.259805034937557
1192.590903862631194 34.533909478404425
9968.392661244022747 99.841838230493451
2001.953524272130835 44.743195284558418
4210.676345493605368 64.889724498518291
1684.833962938264904 41.046729016308532
7803.690742205466449 88.338500905355346
2812.896782222648653 53.036749355731153
8310.047574775482644 91.159462343606890
6239.254505764742134 78.988951795581784
9271.500712291415766 96.288632310836235
9163.928061765667735 95.728407809623931
2591.677184316322382 50.908517797283416
2868.058153152750037 53.554254295552937
4070.988244571678479 63.804296442886027
6137.909387384180263 78.344810851671468
7675.274830416998157 87.608645865673537
6827.331842263457474 82.627669955429923
6228.431160484316024 78.920410290902041
4784.936447506865989 69.173235051621418
8523.804512543109013 92.324452408574345
6923.623962117067094 83.208316664363949
6378.495485132262729 79.865483690592285
8727.071085551529904 93.418794070312913
3924.525849257222035 62.646036181527258
5192.950841991280868 72.062131816865374
9969.132731288100331 99.845544373738079
9315.486629817574794 96.516768645751782
7553.520160684539405 86.910989872883960
9867.773070588586052 99.336665288243822
5558.893557608907940 74.557987885999907
6439.806314513803045 80.248403812872212
1802.824699801725046 42.459683227760017
3829.683354201685688 61.884435476149299
8716.092864137019205 93.360017481451976
5084.149004301574678 71.303218751340921
1674.200224609049883 40.916991881234985
8920.271918914286289 94.447191164768299
7746.877380306679697 88.016347233378639
9261.904060800487059 96.238786675645940
1241.907819483297089 35.240712528030663
4696.643716415117524 68.532063418629946
4962.957918078994226 70.448264123958324
9699.390696140219006 98.485484697696535
8974.145387354932609 94.731966027075217
8794.032774547424196 93.776504384346850
3157.082729329955328 56.187923340607234
6767.121946308760926 82.262518477790124
683.728312286738401 26.148199025683173
9293.834272444599264 96.404534501467296
7789.324048500721801 88.257147294146790
1244.592333030220061 35.278780208933249
726.907878127381650 26.961229165736892
4361.254847466424508 66.039797451736817
3546.101339683175411 59.549150621005296
6115.848511387090184 78.203890640984667
9495.550025069029289 97.445112884479897
7462.357039804605847 86.384935259596077
4957.692381940334599 70.410882553340684
9576.234923588415768 97.858238915220710
8615.540211713720055 92.819934344480771
6551.258273133695184 80.939843545275622
4262.685849976101963 65.289247583167182
9582.896916560002865 97.892271996108065
9659.877872729355659 98.284677710868834
9834.853026943948862 99.170827499542170
7656.091274790301213 87.499092994100806
977.600953707545614 31.266610844598198
2072.386972466550105 45.523477157029099
346.664152224595682 18.618919201301555
2791.928706425546807 52.838704624787567
6554.962487716133182 80.962722827954181
6420.529851578322450 80.128208837951206
4498.099793614611372 67.067874527336940
80.252421802445554 8.958371604395833
5983.610683100151618 77.353801995119483
6203.938459989562034 78.765084015631970
3186.718812050140968 56.451030212478329
3783.812996818687679 61.512705978673118
1453.938698978671482 38.130548107503927
4036.680679322097149 63.534877660400802
4744.402297928746520 68.879621789965910
3037.597001696096413 55.114399222853699
9052.905997315205241 95.146760309088847
5346.712149711646816 73.121215455650400
3414.760641388366366 58.435953328309502
5481.554010066167393 74.037517584439357
8762.542722956772195 93.608454334834377
9025.374226474916213 95.001969592608532
6744.800396905562593 82.126733752813777
3971.047068298583781 63.016244479487860
208.727651108013731 14.447409840798930
2615.221683257380391 51.139238195903744
9776.560266713231613 98.876489959510764
740.478545609650723 27.211735439138216
5930.150765248909011 77.007472139065243
408.804695247677728 20.218919240347091
3095.557032423339479 55.637730295397020
6954.587824968789391 83.394171408850809
6903.455756281424328 83.087037233743175
1886.536932349502877 43.434282915106394
2461.512978986897451 49.613637026395246
1831.091012767911707 42.791249254583718
1888.511247030490722 43.457004579589821
1591.771879068012367 39.897015916832835
6911.836544368366049 83.137455724651360
3853.369232782561994 62.075512344100410
6916.193677834082337 83.163655991268698
8173.571332699339109 90.407805706694035
432.997826398492805 20.808599818308121
5813.568565262798984 76.246761014896876
3897.385342480929012 62.429042460067649
5045.520490126073128 71.031827303864802
4514.891088844634396 67.192939278205671
6842.335955131960873 82.718413640083554
9255.391454901795441 96.204945064699217
2823.203166953480377 53.133823191574315
6462.465080290071455 80.389458763509978
3067.403118502474172 55.384141398982379
3469.241075641365114 58.900263799420841
4077.340137691212931 63.854053416296239
3601.096065586373697 60.009133184760913
1607.118593455988503 40.088883664377441
5674.959570527879805 75.332327526287671
264.782570391771230 16.272140928340413
8735.605983131086759 93.464463744950081
9126.541541451546436 95.532934328699156
1373.096274543670006 37.055313715358963
5178.266947046211499 71.960176118782613
6366.973358484865457 79.793316502604810
3740.159267423191523 61.156841542244408
5487.345580947353483 74.076619664691464
5057.314002423194324 71.114794539696135
7763.590706712866449 88.111240524196830
1984.603067209885012 44.548884017558564
6015.287114843525160 77.558282051909359
8360.027820765497381 91.433187742556029
7464.042856556823608 86.394692293895133
4446.409243239937496 66.681401029372026
299.963699553468700 17.319460140358554
6429.881352233393045 80.186540966881680
5989.442730256687355 77.391490037708195
1115.752496821811519 33.402881564646655
6666.900051476009139 81.651087264506216
9330.510791981581860 96.594569164014501
9153.320996790997015 95.672989902014649
5156.051061531361484 71.805647838671860
8785.737677018169052 93.732265933445618
9289.439076848137120 96.381736220344862
9576.749500600377360 97.860868076061834
4759.141965172523669 68.986534665632561
1783.073838047997924 42.226458980691220
7330.607176987632556 85.618965054406218
9207.187233982520411 95.954089198858640
7704.065622460688246 87.772806850759238
8200.044932535298358 90.554099479456468
6343.757846810153751 79.647710869868405
7626.493919050554723 87.329799719514725
8741.854205824483870 93.497883429650344
4964.171514795749317 70.456876987244826
7252.050923383742884 85.158974414818687
1863.748091134679498 43.171148828062009
3616.318676843334742 60.135835213650559
1243.658520731512908 35.265542966634058
4490.129426661851539 67.008428027091128
6085.538672929040331 78.009862664467249
6857.957603849194129 82.812786475575095
6802.933770565521627 82.479899191048489
3033.283007564590207 55.075248592853306
1226.752107479163669 35.025021163150832
4915.314255519546350 70.109302203912620
3567.824291651468684 59.731267286501371
5061.495429172777222 71.144187599358929
9528.465233846196497 97.613857796145908
3648.137738969716338 60.399815719666861
6316.993939606569256 79.479518994559655
4105.416201581748282 64.073521844688301
7146.482967476656995 84.536873419098356
5756.329125266971459 75.870475978914030
6381.812165337977603 79.886245157335921
4049.516679918429418 63.635812872300370
6672.753372741920430 81.686922899212703
7405.665802691873978 86.056178178512397
5910.966217750485157 76.882808336782844
197.105073877453805 14.039411450536443
5342.468127408018518 73.092189236662065
3809.944223554062773 61.724745633773679
2026.830187295832729 45.020330821705791
8515.718732170200383 92.280651992550418
9244.584256808990176 96.148761077868244
3273.745620030252667 57.216655092990649
5957.984348267655150 77.187980594569609
6138.299153614776515 78.347298317266663
500.460290436439834 22.370969814392041
9128.236473326871419 95.541804846500938
9301.740237947265996 96.445529901324434
1966.912518073010233 44.349887464039973
1063.365509027552434 32.609285625839036
2446.604980248093398 49.463167915612658
2740.649368792514451 52.351211722294586
5818.351865260423438 76.278121799506991
6757.657038030017247 82.204969667472156
6798.966417626728798 82.455845260519453
3385.525990594571340 58.185272970009954
4931.940871841070475 70.227778491427955
4106.385190985484769 64.081082941734721
9085.536439867446461 95.318080340864228
2368.663691509495038 48.668919152879234
9323.762962008860995 96.559634226776467
4720.612095053025769 68.706710698832225
5692.269245803819103 75.447128810868733
4073.397632492888988 63.823174729034662
7538.923874941663598 86.826976654388147
9947.327595508808372 99.736290263418198
15.849687862125972 3.981166645862237
5584.507216276215331 74.729560525110912
1708.102528964948078 41.329197052023019
9067.891789365494333 95.225478677534056
5364.870963566419050 73.245279462682234
6063.588505780699961 77.869047161119809
8954.888124407401847 94.630270655892147
6975.413353267625098 83.518940087070220
6904.862002743086123 83.095499292940559
7139.152384372555389 84.493504983356885
9157.053644765095669 95.692495237427551
5748.919722085617650 75.821630964294201
6080.020099036702959 77.974483640718660
1007.506112546743680 31.741236783508352
8190.350035355954788 90.500552679837014
327.082743516566950 18.085429038775025
425.792678822634684 20.634744457410534
6368.911787918228583 79.805462143378563
1260.552522294110759 35.504260621707232
1179.928956290784299 34.350093977903235
8919.200339908582464 94.441518094048988
5338.563860450468383 73.065476529277959
9816.047393650051163 99.075967790630500
2482.307799657538908 49.822763870118031
7270.298308648236343 85.266044288733340
1961.048477973609806 44.283727010873982
4788.752918471307567 69.200815880098602
4224.074915251224411 64.992883573905416
8115.201318537452607 90.084412184003583
4524.625375976100258 67.265335619292799
4650.140055023573041 68.191935410454320
8712.978459556561575 93.343336449671440
1058.376948981413534 32.532705835534394
9884.637343612757832 99.421513484822583
2015.457973917352547 44.893852295357242
1058.030324295547643 32.527378072871898
7783.819845164451181 88.225959020939243
8998.846671831075582 94.862251037127905
2963.440967953429208 54.437495974313784
5188.792516914842054 72.033273679007834
1414.800344982795650 37.613831830628421
5104.674343638173923 71.447003741501817
5762.947739838859889 75.914081301421675
5022.403985701295824 70.868921155195352
338.982237772628991 18.411470277319761
9606.743346922294222 98.013995668589573
5208.217094208982417 72.167978315933041
6115.706844888639353 78.202984884776868
1071.194112410782282 32.729101918793653
5770.781114907771553 75.965657470384414
2165.194259061901448 46.531647929789692
1584.290899527605916 39.803151879312345
785.688651906099267 28.030138278397757
4753.275393042872565 68.944001864142407
7061.732231848233823 84.034113500698240
2044.489574415993047 45.216032271927546
7313.782804427944939 85.520657179584077
7235.501577187278599 85.061751552547278
9439.178647652452128 97.155435502355971
861.152546068209176 29.345400765166065
3684.162116937926385 60.697299090963895
3998.890380343061224 63.236780281281412
6973.156430942503903 83.505427553797389
6098.451074120203884 78.092580147669622
6470.472035044187578 80.439244371414802
3098.448027965011079 55.663704763202844
3444.223468804937056 58.687506922725362
8518.261474215330963 92.294428186187545
5546.524857796958713 74.474994849257683
723.910175614649347 26.905578893877184
5944.330558937438582 77.099484816290683
1578.211064837178810 39.726704681324613
6576.128673928430544 81.093333104074773
4780.765526284356383 69.143080104117118
3326.703753071284609 57.677584494076072
6051.853701607106814 77.793661063142579
873.813101945808398 29.560329868690715
4497.096341323096567 67.060393238655379
8869.584664164014612 94.178472403007333
775.045407670162831 27.839637348036035
567.104044371912437 23.813946425821833
9026.834555299998101 95.009655063577611
6153.970559783535464 78.447246986644060
7392.917926574799822 85.982079101256900
5975.349994219948712 77.300388059957044
5612.711983192752996 74.918035099652428
572.413684009787062 23.925168421764287
7401.651578291322949 86.032851738689459
4132.545819652535101 64.284880179187823
6937.722114640191649 83.292989588801476
8185.516873916915756 90.473846353058931
1566.692871911367320 39.581471320699627
4242.401577036963317 65.133720736934436
2879.280292760046450 53.658925564718928
6996.850594272115814 83.647179236792653
8441.411551545363182 91.877154677021664
6375.650049201380170 79.847667775592427
7.687910849040213 2.772708215633267
8829.807716349456314 93.967056548289605
5574.849198856236399 74.664912769360654
9285.579826257533568 96.361713487554454
5766.706095670246214 75.938831276694316
9321.311621233089681 96.546939988966457
5423.074143104563518 73.641524584330568
6036.912829844851331 77.697572869716154
9475.003307351069452 97.339628658378743
9758.242958512797486 98.783819315274485
1548.798115381953494 39.354772460045474
4863.354007260850267 69.737751664796662
2635.838602124502813 51.340418795764634
6983.963759006693181 83.570112833516589
9176.893716073336691 95.796104910760008
4623.602282512856618 67.997075543826568
5161.053913712589747 71.840475455780421
9128.155374182051673 95.541380428493142
9552.892954972508960 97.738901952971162
2702.898877348281985 51.989411204093109
6573.699883149869493 81.078356440852133
4690.143055765152894 68.484619118201664
2256.427926959243905 47.501872878437581
3373.969966091971855 58.085884396228074
4108.719107914986125 64.099291009456465
776.423843748280888 27.864383067785315
8851.489984551275484 94.082357456386447
870.174207760605896 29.498715357801700
4018.065855981062668 63.388215434582655
493.674025526573246 22.218776418303804
9566.593761672373148 97.808965650764208
8536.982437400638446 92.395792314372400
516.639636020191915 22.729708225584240
6853.054405697527727 82.783177069363120
6225.062785868457468 78.899067078568535
9820.527751350698964 99.098575929983468
9991.308193421959004 99.956531519565843
1362.385440212337016 36.910505824390121
9203.852506129092944 95.936710940750373
2350.988064917389693 48.486988614651970
3285.225691687633116 57.316888363619611
3647.625258268981725 60.395573167815719
186.832600734843851 13.668672237450274
8066.920049606852444 89.816034479411599
3215.972641501572525 56.709546299556763
9089.678243286174620 95.339804086678171
7898.452598580893209 88.873238933780812
6798.308575168562129 82.451856105054190
699.069431979040360 26.439921179516407
5673.881461414095611 75.325171499400483
1373.128718694910049 37.055751492783280
2629.095960088666743 51.274710726523523
7421.364896079329810 86.147344103456433
9763.005555844454648 98.807922535819230
307.622676321553683 17.539175474393137
7556.264406570270694 86.926776119733503
4399.827226152369803 66.331193462445484
6691.298468357934325 81.800357385270232
4966.567574475556285 70.473878667741545
7397.066007040777549 86.006197492045757
3720.272322326428366 60.994035137269186
7067.290909858430496 84.067180932028592
6718.794585226010895 81.968253520652809
7328.358097456524774 85.605829809987384
4977.820133020060894 70.553668458982770
1110.802355513604198 33.328701677587205
2728.982751549500790 52.239666457104228
396.974758856850258 19.924225426772562
946.297382353504076 30.761946985740419
1104.912704770192249 33.240227206958018
2137.392006965577821 46.231937088614160
8281.980454582570019 91.005386953644503
8402.628131107356239 91.665850408466497
1990.010058913217563 44.609528790531037
2438.876907149923682 49.384986657383273
7544.953488210390788 86.861691718561360
6310.389809106183748 79.437962015060435
619.287670234508823 24.885491159197738
3104.021425622218885 55.713745392158110
6751.149239082764325 82.165377374431642
7833.021299553321114 88.504357517318439
7373.627145867370018 85.869826748790928
4513.735075127943674 67.184336531128622
389.761381785715685 19.742375282263168
8883.061689929090790 94.249995702541497
1041.586650620459977 32.273621591331519
577.338940814699185 24.027878408521616
2241.890073541099810 47.348601600692497
9940.381803488624428 99.701463396926243
8138.533520464582580 90.213821116637021
6699.847211721711574 81.852594410450493
3826.480622135850354 61.858553346613675
1842.052957891519327 42.919144421709056
9523.009021335656143 97.585905853948276
7259.654907246604125 85.203608534184767
5501.009351054100989 74.168789602191168
6494.667132854503507 80.589497658531812
1661.569524908957419 40.762354261118894
3770.842784058083453 61.407188374473584
572.359864750849965 23.924043653840165
8314.884297940889155 91.185987399056486
2334.175123188375892 48.313301721041334
648.560526980811346 25.466851532547391
8621.931981759375049 92.854358980929774
6734.658139430024676 82.064962922248526
7204.190932298305597 84.877505455204712
7540.269947750670326 86.834727774955738
1651.504888504354312 40.638711698383773
6159.510650100568455 78.482549971955990
8778.535411168366409 93.693838704411974
2024.656050203292580 44.996178173299256
5827.666332223857353 76.339153337090778
9731.467365862361476 98.648200013291486
5021.390363006068583 70.861769403579444
7251.966188643834357 85.158476904203937
8410.627839455471985 91.709475189074510
926.696735223880864 30.441694026842214
3896.919598554160530 62.425312162248417
756.659265162427914 27.507440178294090
813.218616874324994 28.516988215348494
2395.184718966258515 48.940624423542644
904.663067864067330 30.077617390080409
1172.695964288929417 34.244648695656515
7215.265133305407289 84.942716776103921
7515.034496482352552 86.689298627237449
9794.634855142721790 98.967847582650407
6386.752407361891528 79.917159655244831
9446.388775340352367 97.192534565882951
9674.791322050436065 98.360517089177790
965.433854586905795 31.071431485963206
313.510025517189661 17.706214319192842
5695.675554064420794 75.469699575819305
9367.642639012783548 96.786582949357111
6896.491939789832941 83.045119903518909
8459.900930400992365 91.977719749953536
541.385035972653895 23.267682221756722
1176.978801851711978 34.307124651473082
9983.457756013856851 99.917254546018512
7359.542374927879791 85.787775206773375
1029.932290533429750 32.092558179949286
4866.694997041508032 69.761701506209747
4433.364621481325230 66.583516139366850
4069.877657052100403 63.795592771382729
5510.313542023654009 74.231486190319899
7112.686020230435133 84.336741816544205
4278.139084432529671 65.407484926669738
2695.468271313811329 51.917899334562946
1841.056591993014308 42.907535375421112
1581.968466338883900 39.773967193867946
6883.290554378499110 82.965598620021410
7397.384520693800368 86.008049162237143
6175.975137073538463 78.587372631190178
2844.685394929590984 53.335592196296005
7700.437123692188834 87.752134581970083
3443.431946468548631 58.680763001758493
9577.639859772849377 97.865417077601265
6828.456905789520533 82.634477706279000
7680.428370802284007 87.638053212073828
8234.592662539089361 90.744656385591597
3804.662322075056181 61.681944862942316
9172.427094611926805 95.772788904844603
1151.441670723286961 33.932899533097476
7986.017461879235270 89.364520151339903
1598.460469924022846 39.980751242617025
4014.233252229687423 63.357977021285073
6283.694892766668090 79.269760266867650
4536.795232086822580 67.355736445285956
8613.233929116579020 92.807510090059949
2790.764344536456520 52.827685398249812
1458.402287019928735 38.189033596307837
6680.314313702611798 81.733189792780095
4618.093749078066139 67.956557807749988
9509.816046346131770 97.518285702457518
6344.689051357807330 79.653556426300312
3724.273423369372722 61.026825440697571
2553.273656175359974 50.529928321494381
4807.200264979225722 69.333976266901246
8080.492244265165027 89.891558248064456
8837.310206176854990 94.006968923462551
6882.197553745394544 82.959011287173581
7470.575128693953957 86.432488849355451
2621.308792951762371 51.198718665136163
5880.245162598348543 76.682756618410295
5607.714500249167941 74.884674668780974
9880.583097909106073 99.401122216547975
4440.522101513898633 66.637242601370431
2034.672023116746914 45.107338905290646
940.059407478436469 30.660388247353236
1043.032676731330639 32.296016422019150
4060.237308014143309 63.719991431372172
763.538653616013221 27.632203198731968
9609.543102201476358 98.028277054131053
1599.724126642222473 39.996551434370218
8438.595854352915921 91.861830236246192
4332.409458964138139 65.821041156792248
9513.788286876386337 97.538650220701669
2424.925038901156313 49.243527888456128
7443.423757747875243 86.275278949116554
878.489098967188170 29.639316776322428
9243.620032214559615 96.143746714045633
3479.842262514446702 58.990187849458884
8798.632531012895925 93.801026279102601
7454.689858208072110 86.340545853081522
6284.727822235530766 79.276275279780464
4042.288747805667299 63.578996121405275
9057.810409816507672 95.172529701676567
6012.589378134045546 77.540888427551863
6666.943545885120329 81.651353607182287
1153.987548323596002 33.970392230935396
107.805531670035592 10.382944267886426
9310.757122412536773 96.492264572931120
2439.184347513452394 49.388099249854235
4124.561764055889398 64.222751140510084
7001.618613665967132 83.675675161100230
1266.416359183594523 35.586744149803792
8452.118130422199101 91.935401943006696
4400.554750617830905 66.336677265430097
2543.923065327659515 50.437318181359124
8537.638697366317501 92.399343598135573
6251.221586143814420 79.064667115873036
4768.345501822435835 69.053207759107295
6338.522682392417664 79.614839586552065
7764.938537548652675 88.118888653617574
456.766204845233858 21.372089388855592
7360.954896856369487 85.796007464545625
84.316943205480584 9.182425780014810
3822.706138713802829 61.828036833735901
2326.315431108547273 48.231892261330024
1756.787663796756078 41.914050911320373
3552.567084995916957 59.603415044743173
8714.389559854256731 93.350894799430051
9524.363539633521214 97.592845740010688
8495.464873174380045 92.170846112935195
9617.480496101044992 98.068753923464556
2905.581717908280098 53.903448107781379
732.268249800696026 27.060455461811724
8474.619875223217605 92.057698620067711
4736.115347273328553 68.819440184248293
4276.052288155164206 65.391530706622589
1964.669102307203048 44.324588010574935
4655.089031400264503 68.228212869752525
7903.112618482068683 88.899452295737277
242.945373276128691 15.586705016652131
8596.005897149005250 92.714647694682014
1266.973278611430715 35.594568105420677
7974.523108993637834 89.300185380511039
4397.270371526851704 66.311917266256529
6858.775664478626823 82.817725545191266
985.422064474690046 31.391432978994285
2792.804663573531343 52.846992947314718
6086.823798812558380 78.018099174566913
2537.551664200237610 50.374117006655688
2181.900793450681249 46.710820946015083
9954.288297699607938 99.771179694837770
4581.153285520999816 67.684217403475969
5234.423090356428474 72.349312991599504
8420.964056961294773 91.765810937196505
5638.799266952904873 75.091938761446997
7954.856537823339750 89.190002454441824
6641.419305407241154 81.494903554806669
143.431022143181707 11.976269124530464
9599.679821571322464 97.977955794001559
4978.387684022057329 70.557690466894229
8310.688102259016887 91.162975501346025
4237.658553583324647 65.097300662802638
1688.913875580086597 41.096397355243766
2026.770422085372502 45.019667058801893
1016.733239026778506 31.886254703661553
1689.125759615203833 41.098975165023326
3825.967320131012912 61.854404209651982
7267.075779803249134 85.247145288292501
6486.427351783939230 80.538359505169581
6504.229689209780190 80.648804635963330
2653.663534392814654 51.513721806843023
318.668101339331429 17.851277302740311
7259.203944274490823 85.200962108854682
8153.646074547802527 90.297541907561367
9245.443227661444325 96.153227858774684
5183.254574771915941 71.994823249813706
9173.656511948767729 95.779207096053824
1868.741852262489147 43.228946925208447
8484.698393022503296 92.112422577101412
7352.465232407195799 85.746517319406010
2143.239812870499463 46.295138112662535
8048.734868638119224 89.714741646164924
8735.384263792086131 93.463277621705984
133.033603255801438 11.534019388565351
7596.511896577283551 87.157970929670469
1170.013219639143699 34.205455992270352
6702.901599926442941 81.871250142687103
8995.124114642934728 94.842628151285084
5469.379662181943786 73.955254459584836
1924.481178770790166 43.868909021889181
9580.187732704282098 97.878433440182732
2607.825839765700493 51.066876150452948
9540.122363736465559 97.673549969971219
6944.796936269487560 83.335448257446174
9608.616777996430756 98.023552159654116
2605.075998568292107 51.039945127010981
8143.136437798089901 90.239328664380537
9570.931595443140395 97.831138169005982
1824.685146127311327 42.716333481787871
6369.541816267565082 79.809409321630525
2456.173569194768334 49.559797913175231
4700.524293359559124 68.560369699700132
8987.099877197504611 94.800315807477688
1887.622277489315593 43.446775225433193
5835.574406011001884 76.390931438299674
4879.529673731704861 69.853630354704578
8019.520918903926940 89.551777865679071
583.146404307369380 24.148424468427944
8883.970190512678528 94.254815211280743
2516.165238435519768 50.161391910866264
3240.309389179506070 56.923715525073611
6978.742552546810657 83.538868513685358
8287.658622009264946 91.036578483647247
751.643879241340869 27.416124438755762
9050.155822367894871 95.132306932860061
9894.371554888148239 99.470455688551809
4764.541398304315408 69.025657536196746
534.058892224835290 23.109714239359068
5986.061966261459929 77.369644992474022
1624.137117350225026 40.300584578269145
130.549992819209535 11.425847575528458
5214.673263114598740 72.212694611921236
3555.474276996244498 59.627797854660407
8684.408906338358065 93.190176018389181
3405.536205939124557 58.356972213602077
5056.657598227027847 71.110179286984135
8140.663844493003126 90.225627426430250
8521.371901165168310 92.311277215544848
3304.296206373731820 57.483007979521496
8383.621748037954603 91.562119613069001
8593.454469756148683 92.700887103393725
4250.390552253913484 65.195019382265031
6278.890393683961520 79.239449731077528
6308.978399055445152 79.429077793056649
507.584914305200414 22.529645232564146
9054.495427034049499 95.155112458732603
759.262985563873372 27.554727100152405
7945.900510884874166 89.139780742858434
5535.906996347202039 74.403675959909407
1541.977472060103764 39.268020984767027
6870.328410448785689 82.887444226787366
661.305481335833747 25.715860501562723
5862.536162424287795 76.567200304205244
7360.304277183631712 85.792215714385364
5989.683034462329488 77.393042545582418
7185.450194206265223 84.767034831980908
7743.550886517013168 87.997448181847943
7466.607190634090330 86.409531827421048
140.018331176699945 11.832934174442954
4399.503304066928649 66.328751714975979
600.424727141882158 24.503565600579076
5124.613536433024819 71.586406086861388
3335.306828073039469 57.752115355829517
2091.251731228106109 45.730205895317226
1951.891420786418621 44.180215264147577
3734.470557788763927 61.110314659546340
2354.827255383922420 48.526562369324310
2603.741045008324363 51.026865914029294
8005.654109468365277 89.474320950026581
5610.625416082200900 74.904108138887821
2471.935560749981960 49.718563542704871
5994.327112428226428 77.423039932750157
9443.626417598485205 97.178322776216334
6579.874643121735971 81.116426469129763
6000.197880865631305 77.460944229112201
5810.209796628124423 76.224732184692684
7661.566880444574963 87.530376901076892
1324.518377912898586 36.393933256971536
5411.083297565608518 73.560065915995537
3431.726937024002382 58.580943463075108
3780.965691725474244 61.489557582775582
1023.554722925285546 31.993041789196688
7051.023895593680209 83.970375106901130
3215.196061827527501 56.702698893681664
6587.494649357621711 81.163382441576587
7345.690514090715624 85.707003880025553
8747.389867061907353 93.527481881326764
8804.309456443646923 93.831281865077628
953.829684550128832 30.884133216752723
8550.278567081664733 92.467716350527795
1808.861471064939451 42.530712092145123
487.453923701512110 22.078358718471627
2275.032026258321366 47.697295796075501
2310.831536454660181 48.071109166053787
7284.972829281309714 85.352052285116784
3604.797928152312579 60.039969421647051
2913.618265900638562 53.977942401509139
5156.914668384140896 71.811661089158363
6410.461622107368385 80.065358439885657
3122.322517991690802 55.877746178525229
5093.863635965646608 71.371308212513853
5811.144978116565653 76.230866308317431
8435.402857333252541 91.844449246175202
5320.023694735620666 72.938492544990410
7309.423921028001132 85.495168992335479
4109.892215025234691 64.108441059077663
9551.985991238303541 97.734262115382563
7690.249623171796884 87.694068346563768
3907.684533634479067 62.511475215631243
5714.545487343159948 75.594612819586288
8900.924415260296882 94.344710584432320
5717.898966470894266 75.616790241790184
2372.045037283894089 48.703645010244294
2319.012262005079265 48.156123826623329
1492.564687944640809 38.633724748523029
8360.598626892544416 91.436309127679380
9660.091179547789579 98.285762852753962
1668.730603390706847 40.850099184588366
1558.431902347692358 39.476979397462671
2240.576745859717448 47.334730862863445
3027.580783082222297 55.023456662429183
1657.241943724099201 40.709236589797399
4051.496148612702200 63.651364075035360
532.563164534291786 23.077330099781729
9701.047150044121736 98.493893973403857
4239.768129229012629 65.113501896526898
6887.946130957784590 82.993651148493186
3745.754398056699756 61.202568557673295
9325.847808282474944 96.570429264254983
5369.939740555108983 73.279872683807994
8470.402639315167107 92.034790374701061
1944.827239126183031 44.100195454512253
6441.729636833028053 80.260386473234902
1498.004500314233155 38.704063098261834
689.606922506045976 26.260367905001750
7863.410041859309786 88.675870685656704
9198.838440536199414 95.910575227845442
4806.070942498573459 69.325831711553036
3103.920311840134673 55.712837944589886
7796.681704271431954 88.298820514610682
8225.964193047966546 90.697101348653732
9533.223442038932262 97.638227360183734
6397.366047842664557 79.983536104892636
1243.248737763728741 35.259732525413867
911.625844582634500 30.193142343628868
2777.034794774498550 52.697578642424347
1536.475400515803130 39.197900460557875
1367.494542788200988 36.979650387587512
1915.529982197979962 43.766768011791548
923.326853024880052 30.386293834965791
8442.075882655863097 91.880769928510418
8006.009965694247512 89.476309522097793
6048.327932592543220 77.770996731381445
926.831003192348476 30.443899277069427
6347.714299235458384 79.672544199588970
4015.540799907757901 63.368294910844476
2002.120028429991635 44.745055910457765
7366.839791336611597 85.830296465389253
9948.693334891557242 99.743136780891135
7086.148134684965953 84.179261903897483
9192.986651610011904 95.880063890310439
8944.916823928720987 94.577570406141859
849.908646368778932 29.153192730278771
5115.427539991427693 71.522217107633253
7091.876585031799550 84.213280336487301
7543.273667456610383 86.852021665915245
2610.318531083971266 51.091276467553357
732.805375685979243 27.070378196212538
2349.864679915635861 48.475402833969682
6061.102604676484589 77.853083462869250
9726.655008345484021 98.623805485011999
529.841894362444123 23.018294775296543
5549.465605690805205 74.494735422651218
9647.370622088417804 98.221029428979307
4715.844574398704026 68.672007211080583
1675.358371050804863 40.931141824420251
8963.444123176488574 94.675467377650108
2768.452105228607707 52.616082191936407
2427.929565694492794 49.274025263768465
8916.870636153649684 94.429183180591210
7849.255494746765180 88.596024147513333
422.848763754120910 20.563286793558099
4438.964173835257498 66.625551958953835
7520.029787617768307 86.718105304588889
3636.933737181276683 60.306995756556113
5930.196360543233823 77.007768183107572
2179.960697176403755 46.690049230820094
5556.953652038224391 74.544977376334515
4034.438651497507180 63.517231138467515
3423.331084344502869 58.509239307518797
2968.687671326885265 54.485664824124932
5956.725723120413932 77.179827177316312
1164.723009092528173 34.128038459491457
4785.917693158428847 69.180327356542833
5209.382180022877037 72.176049905927087
3521.724764363510076 59.344121565353973
3283.495701128752444 57.301794920654558
7816.989557080428312 88.413740770767234
9680.498518976128253 98.389524437188584
8407.388325052859727 91.691811657600368
4567.584809218750706 67.583909395792958
1116.831856915490334 33.419034350434039
7577.137731292104036 87.046756006712300
3361.112747827569365 57.975104552105549
4371.777522640462848 66.119418650200359
2505.653903001835261 50.056507099495420
3002.516545144433621 54.795223743903385
2929.660649598309192 54.126339702572807
6518.413806684774499 80.736694301195996
6671.951458827485112 81.682014292177470
6910.122227799180109 83.127144951569093
7065.623934702746737 84.057265805537284
8195.247633962922919 90.527607026602240
9587.406617342930986 97.915303284741611
5666.001114341162975 75.272844468248721
9529.430577760418601 97.618802378232544
693.980224501109547 26.343504408128954
7687.061036901520310 87.675886290938166
830.210470350392256 28.813373116495615
563.882457779791821 23.746209334961062
4477.535465898295115 66.914389079616470
7260.598739562148694 85.209147041630146
8355.229441776211388 91.406944166054529
3404.224034867007049 58.345728505752732
8934.214467452680765 94.520973690777652
3110.955179850618151 55.775937283479315
3582.546258134948857 59.854375430163408
5264.835817940116613 72.559188377076794
5355.154072757817630 73.178918226206491
89.151868473242786 9.442026714283475
3152.991205926947714 56.151502258861676
7796.367685522201100 88.297042337341068
643.514656400559375 25.367590669997799
3707.760233791248993 60.891380619848398
5281.115022909361869 72.671280592193796
4538.031914322576995 67.364916049250567
4992.206171930305572 70.655545938944570
7178.910624735731290 84.728452273930571
7180.016132476886014 84.734975851043274
5132.791253561334088 71.643501125791829
2140.064750607387850 46.260833872806359
5831.303785033328495 76.362973914282094
7090.813292126714259 84.206967004676727
569.736905636662414 23.869162231562765
3038.655569374398510 55.124001753994591
9038.139394044295841 95.069129553416531
4929.464922848767856 70.210148289608156
9196.477627466503691 95.898267072280845
2871.412067283976739 53.585558383616537
3828.010546402714226 61.870918422169183
7014.228937394536842 83.750993650192214
646.442582592706458 25.425235153144730
304.843905914543313 17.459779663974665
6232.241908962860180 78.944549583634085
8170.202367556295030 90.389171738412870
2169.136515143487031 46.573989684624259
437.533027624557576 20.917290159687454
8271.319352341948616 90.946794074018626
7527.527114769421132 86.761322689141963
9991.382759090072796 99.956904509343786
7449.555805907010836 86.310809322511915
8795.766625954360279 93.785748522653265
8479.381580089835552 92.083557599008060
1846.694520805060620 42.973183740619689
8084.178346572790360 89.912058960813425
2270.896079546955661 47.653919875986652
437.240578537122758 20.910298384698454
2779.141893428776712 52.717567218421379
3233.064017081212114 56.860038841713887
2239.517541587811593 47.323541093073452
239.437825483928833 15.473778642721008
1899.537509479888513 43.583683982424986
7522.153124185872912 86.730347192812928
9462.197708077463176 97.273828484734082
3219.336643097095020 56.739198470696564
6416.381698808124384 80.102320183675857
4065.510687861181395 63.761357324489111
255.603537593741464 15.987605749259064
223.488797514911454 14.949541715882512
332.631116716494489 18.238177450515568
79.541690301269171 8.918614819649360
6244.651589765098834 79.023107948024290
8044.169039295286893 89.689291664586619
3136.384714035276374 56.003434841403042
5104.718720836876855 71.447314301076958
8029.848991154145551 89.609424678178499
2347.570888949965592 48.451737728898493
2703.214583506016879 51.992447369844179
8558.856569709967516 92.514088493104481
4959.821464906892288 70.425999921242806
30.447743901033597 5.517947435508388
9465.385656583779564 97.290213570450035
8202.824582453045878 90.569446186078920
2158.598614027234362 46.460721195728702
9517.969214136623123 97.560080023217608
9716.610777589030477 98.572870393374615
6366.279076857330438 79.788965884120415
3664.972918111321633 60.539019798071735
9076.451446663948445 95.270412230996186
7105.851100893892180 84.296210477659628
8879.546139872902131 94.231343723163064
8554.641404179339588 92.491304478741895
9368.381506211855594 96.790399865957042
9527.895985625687899 97.610941935961705
6239.251298445404245 78.988931493250391
3289.668309453029906 57.355630146072230
2722.802790896615079 52.180482854191901
2362.551514224328457 48.606085156329229
9886.857406087767231 99.432677757806402
8466.760104014900207 92.014999342579472
9565.979434644747016 97.805825157015818
9534.047071166069145 97.642445028614830
4125.082540724134560 64.226805468777087
1290.641322964615483 35.925496836712163
4620.242235727138905 67.972363764453121
2679.143312426849207 51.760441578746693
844.528126197055826 29.060766097903471
8110.822945534077007 90.060107403522878
1992.123340002443229 44.633208936871696
2503.532981433341320 50.035317341187529
8029.132302478527890 89.605425630809478
3311.827083754493287 57.548475946409681
1242.931415978880977 35.255232462414440
702.850508336959024 26.511327924812800
3360.039020026953040 57.965843563489635
1681.959901313400678 41.011704442919715
2401.504600529979598 49.005148714497132
4462.146483623887434 66.799300023457491
5339.267174396629343 73.070289272703917
1739.650314634178812 41.709115486116204
2896.967824679721616 53.823487667371772
9895.681771109349938 99.477041427202437
3813.021260937365241 61.749666079561642
920.375195961033000 30.337686068008434
105.012456526710380 10.247558564200078
103.708811885142083 10.183752347987557
139.437574668395740 11.808368840292708
4443.086537332519583 66.656481585308114
8548.092713801255741 92.455896046716546
3122.900061098960123 55.882913856553330
3895.455814319096135 62.413586776591330
2904.422080166368232 53.892690414993837
7340.624791930576976 85.677446226708796
6543.760257581991937 80.893511838601697
6622.417708811376542 81.378238545764660
2044.361713126664426 45.214618356530053
4821.072369335477561 69.433942487341724
4620.614965912308435 67.975105486584638
3199.185468022711575 56.561342523164278
1515.080243003187661 38.924031689987970
7042.759169070615826 83.921148520921804
6390.381221342769095 79.939860028291079
1901.998838087590229 43.611911653670838
6843.875267887960945 82.727717651872652
5368.886365495482096 73.272684988988104
3351.786921309465924 57.894619104969209
9670.547564562017214 98.338942258710603
4248.873003449091811 65.183379809956861
750.509827124896788 27.395434421174940
4011.695062162044451 63.337943305431416
8424.728051043333835 91.786317341112095
6349.563233929703529 79.684146691357014
78.109773088833578 8.837973358685439
436.674931980598615 20.896768457840523
9982.587058721965150 99.912897359259702
6656.621040743363665 81.588118257154107
54.567887694427625 7.387008034003187
6555.861521712824469 80.968274785330735
4582.534427589389452 67.694419471544251
6084.633805366041997 78.004062749103284
8342.160412697439824 91.335428026026349
4778.795279804306119 69.128831031663665
2381.673402291116417 48.802391358325018
8465.656835418421906 92.009004099698970
7544.307887717000085 86.857975383478745
4628.582381502621502 68.033685638091228
968.520899106325487 31.121068412031189
4399.636451512839812 66.329755400670976
259.395054521158329 16.105746009457565
7554.738830235899513 86.918000611127155
5944.799997641356640 77.102529126101672
2187.223291910127045 46.767759107211106
1201.887832270437684 34.668253954741324
9793.046181543246348 98.959821046439075
5047.591472451316804 71.046403656000194
9646.480085458348185 98.216495994605452
7359.377451448865031 85.786813971897018
2390.255269472421787 48.890236954553842
2309.852907595508441 48.060929117064603
7318.154545617560871 85.546212923878528
3917.800892512676910 62.592338928280007
4760.708438654728525 68.997887204281326
2950.887441519738331 54.322071403065422
7895.647388031148694 88.857455444274052
3168.267101724676650 56.287361829496653
58.888153835961354 7.673861729009805
5807.375305868559735 76.206136930489791
2822.654786503190735 53.128662570247243
425.050029176611361 20.616741478143712
8582.568158486177708 92.642151089480748
301.766376571008323 17.371424137675309
137.443651973811399 11.723636465440721
4743.733899075840782 68.874769684376005
5683.267815825009166 75.387451315354923
7488.199124275698523 86.534381168849293
9733.397022781155101 98.657980025850691
6821.691857526610875 82.593533993446556
9466.819237068439179 97.297580838726091
5989.270397454419253 77.390376646288644
2424.205094678104615 49.236217306756053
2791.237008656917624 52.832158849103614
2168.283555952877578 46.564831750505419
6204.755461750533868 78.770270164260154
2830.435364256626144 53.201836098546693
5633.274125728946274 75.055140568311145
9663.543377647874877 98.303323329620326
2211.382535253113474 47.025339289080236
991.846846247320059 31.493600083942770
6390.705697598919869 79.941889504807932
5960.794880935646688 77.206184214320857
9311.285569602234318 96.495002821919414
8569.412961835469105 92.571123801299237
8736.041791512174314 93.466795128067673
721.551846216281433 26.861717112207877
111.481141569453669 10.558463030642939
4445.582905253355420 66.675204576014281
1055.422894950194404 32.487272814906987
4691.438466826029071 68.494076144043504
4738.917585511591824 68.839796524333167
7647.352634677927199 87.449143132897120
2350.768190295940258 48.484721204684064
9136.668212482072704 95.585920576631324
6600.668745582840529 81.244499786649186
6370.798801195227497 79.817283850023529
1060.463177380537900 32.564753605401926
4156.836936003440314 64.473536710835404
1942.265207910921845 44.071138037392700
4834.633280701077638 69.531527242690984
4363.674080692506323 66.058111392110703
3346.546170101872121 57.849340273696050
5716.152319867528604 75.605240029164179
8163.706705406498259 90.353232954922532
5043.824480221825979 71.019887920369356
4817.835944852294233 69.410632793919220
6563.740646862314861 81.016915806899945
1667.160146700031419 40.830872470473018
3275.020900700188577 57.227798321272054
8172.384804911857827 90.401243381448339
1143.227656937429629 33.811649722210092
4865.929356585083951 69.756213748920487
4938.197905661222649 70.272312511125051
7586.253426036173551 87.099101178118786
9650.691423136642698 98.237932710010966
3189.255836026368343 56.473496757562025
2300.612054334482764 47.964695916209898
595.292192814638611 24.398610468931189
8134.466843316434279 90.191279197694243
7233.064960313508891 85.047427711327686
4539.307698931085724 67.374384590369999
5019.010522993617997 70.844975284021501
2953.185953818401231 54.343223623727006
6493.451944839043790 80.581957936246766
3332.790101374691858 57.730322200509946
579.720270093763588 24.077380881104233
5001.022757072647437 70.717909733480155
5719.874166411961596 75.629849705073212
3368.655466879060896 58.040119459551953
1955.203273025794942 44.217680547783090
8725.839947767557533 93.412204490460226
9814.274892409923268 99.067022224400802
4260.838862689235611 65.275101399302599
2414.419374166589932 49.136741590856325
2901.621587280338645 53.866702027136753
1341.435146919370482 36.625607802729640
4462.015775393683725 66.798321651024168
7174.905242264215303 84.704812391411480
5108.825478324944925 71.476048284197589
9709.382225322027807 98.536197538376868
3100.257557945385088 55.679956518889142
4026.686891092134829 63.456180873829261
1207.152172862368388 34.744095510782380
302.706572028456947 17.398464645722534
3748.910747298436036 61.228349212586451
4909.557761800307162 70.068236468461990
3533.984329976581193 59.447323993402605
2269.958617287805737 47.644082710110034
6154.260885215968301 78.449097414922292
6185.306308781948246 78.646718359903289
2634.008198599679417 51.322589554694915
8693.448273601301480 93.238662976263782
6515.410585095775787 80.718093294476276
6459.123873271149932 80.368674701472770
2682.377362999537127 51.791672718686513
8394.034139224149840 91.618961679469763
8748.433762095977727 93.533062400928458
3212.476854813083264 56.678716065319293
4577.548389249540378 67.657581905131224
6154.909378756916340 78.453230518296166
7514.426237720146673 86.685790287221508
6855.024545989354010 82.795075614370660
2355.510267772601310 48.533599369638772
9730.404208215477411 98.642811234349352
4137.799900003545190 64.325732798029946
709.171707184556908 26.630278015532561
4420.136882826806868 66.484110002517198
9030.628464811054073 95.029618881752100
3452.535402154677740 58.758279434941571
5460.528414951098966 73.895388319915469
580.172389243918474 24.086767928551943
3778.349229941198701 61.468278241229427
9979.011545829343959 99.895002606883921
7468.586203481811935 86.420982426039402
3542.816587317655831 59.521564053019105
2775.507961758151851 52.683089903290146
6662.744440558142742 81.625635927434843
6652.396721764124777 81.562226071657250
8824.548115003462954 93.939065968336422
9777.841146634371398 98.882966918647682
9724.302634314608440 98.611878768810655
707.903130990786508 26.606449048882613
2636.366889993984387 51.345563488912887
355.163767695238789 18.845789123707153
4177.492467692036371 64.633524332903562
3845.078437871139613 62.008696469698016
6588.074868870325190 81.166956755014070
671.307032938087787 25.909593453740023
1928.154561540542090 43.910756786242501
9513.256326877930405 97.535923263574688
6495.393339906842812 80.594003126205635
7646.155389895297958 87.442297487516285
1226.277198802318708 35.018240943861223
4667.128429896222769 68.316384783565809
8497.935711852091117 92.184248718813620
935.210795908152477 30.581216390264014
5586.661332203490019 74.743971878697280
2638.913322774140852 51.370354512832989
1060.617038278649261 32.567115903602044
4362.603509103541910 66.050007638936293
6933.397919606009054 83.267027805764798
1778.167414405530735 42.168322404448709
381.716646001963284 19.537570115087579
3135.353298131362408 55.994225578459094
3143.292516349459220 56.065073944029173
3608.890260316573404 60.074039820180012
6174.828674101670003 78.580078099360975
7494.390189726423159 86.570146065063469
92.566354927452124 9.621141040825258
8155.335449256531319 90.306895911976355
1879.038420430184033 43.347876769574121
3520.604560269987360 59.334682608656358
2902.400844059253359 53.873934737118034
5586.835293643001023 74.745135585153633
8684.469868357957239 93.190503101753649
7128.161292691720519 84.428438885790854
2239.823601675114332 47.326774680672187
3468.330021574484817 58.892529420754926
9011.201468952564028 94.927348372071179
461.638706382292696 21.485779166283283
5406.442664769533621 73.528515997329450
9224.450314717605579 96.044001971583867
1246.336834033219930 35.303496059642875
1606.871176929326111 40.085797696058464
9495.776284999457857 97.446273838456534
1331.589825980154274 36.490955399662454
6446.435690187992805 80.289698530932299
233.506579900017471 15.280922089324893
9558.361192664398914 97.766871652234016
9706.072188137075500 98.519400059770334
2844.520012211912217 53.334041776448110
4188.786010404480294 64.720831348218013
5774.646632013482304 75.991095741629380
8276.485691611682341 90.975192726433306
2830.461699697411404 53.202083602970021
4082.024899754034777 63.890726242186624
5168.459984649434773 71.892002230077267
8303.696129176982140 91.124618677813856
4757.534690062612754 68.974884487490172
5941.419682242553790 77.080605097797161
9869.315643643378280 99.344429353856469
7870.652840702388858 88.716699897496127
6223.474790172766006 78.889002973625963
7744.849219029919368 88.004824975849587
5233.955491277890360 72.346081381633169
9830.439516861473749 99.148572944150203
1492.047485365614875 38.627030501523343
817.426059632808119 28.590663854356514
2602.607389278502978 51.015756284490216
7670.179848574583957 87.579562961769710
2936.446037407373751 54.188984465547733
2408.387491751007474 49.075324672904685
3737.847764564732188 61.137940467149626
7307.863257872943905 85.486041304255892
6766.566328699456790 82.259141307817316
7575.548130173240679 87.037624796252572
5246.162553617753474 72.430397994334896
3440.145951351480562 58.652757406207940
2702.629861655829245 51.986823923527290
9020.362662929805083 94.975589826701281
4879.371040469613945 69.852494876486801
1981.537505313817292 44.514464001196480
9202.244868129415408 95.928331936552595
4684.530571417979445 68.443630612482707
2881.233263186259592 53.677120481507387
86.280539397151784 9.288731850858426
9411.002462593723976 97.010321422999752
6886.963020169083393 82.987728129941502
1799.584710360218423 42.421512353524342
6298.174096067763458 79.361036384788747
5767.547227814865437 75.944369296313639
6483.195182190623200 80.518290979072717
954.460576261726146 30.894345376811696
363.742487425510092 19.072034171149916
7388.073879107527318 85.953905548890134
5367.676251132289508 73.264426914651352
3954.555041543066181 62.885252973515705
2105.859152843197080 45.889641018896597
1410.141228944501336 37.551847210816426
8112.624378533619165 90.070108129909670
3192.052289369548362 56.498250321311261
2457.999101478864759 49.578211963309698
8818.348129783882541 93.906060133432717
9237.507609447404320 96.111953520087212
3563.140625402999376 59.692048259403862
3514.151215829588637 59.280276786040638
1943.646579590692909 44.086807319091420
6238.664852034696196 78.985219199763549
4930.482208761446600 70.217392494747671
9736.930181187215567 98.675884496604411
6045.587887340751877 77.753378623316124
6848.277359483256078 82.754319279921916
4960.293389409332121 70.429350340673537
3886.646657955508090 62.342976011380046
7797.482828025782510 88.303356833281157
3229.979789375232940 56.832911146405593
1839.380234195007006 42.887996388208755
6488.728949049143921 80.552647064197359
3252.579446859082054 57.031390013387210
2775.079852263038902 52.679026682950770
4795.503303833841528 69.249572589539071
9750.135877714579692 98.742776331813658
906.982076585488016 30.116143122675719
9039.119116883113747 95.074282100277330
407.405538125755243 20.184289388674433
8041.581135104912391 89.674863451833104
7217.430792774617657 84.955463584013344
2367.931054003221561 48.661391821476109
1639.899990718685558 40.495678667219366
5087.356407333658353 71.325706497262672
9251.152122686589792 96.182909722500028
1124.736873384889577 33.537096973126481
2156.728847283022787 46.440594820512608
6236.450638288635673 78.971201322308858
9737.962868565489771 98.681117082071424
1640.654224842257918 40.504990122727570
5172.409535854088062 71.919465625476448
2704.606643696125957 52.005832785334050
2313.340519639987633 48.097198667281937
3319.218256219245632 57.612657083485097
5140.993323458027589 71.700720522586295
5902.780489538818983 76.829554792012289
2175.259160174307453 46.639673671395983
2179.075374650314643 46.680567419969464
6697.937984211747789 81.840930983290676
2173.135542451715082 46.616901896755380
7433.349895730232674 86.216877093352394
9881.848992957644441 99.407489622048317
1153.521579671151585 33.963533085813552
3219.045968141119374 56.736636912502306
3353.707080834059525 57.911199960232729
724.790934085119943 26.921941499177208
1074.802513601089913 32.784180843832132
2574.066828569893460 50.735262180951558
6942.192449395877702 83.319820267424234
6661.443876309985171 81.617668897794331
2395.699604402796012 48.945884448059530
1274.202511632873438 35.695973325192767
2354.672497594895503 48.524967775310223
2777.356385549249353 52.700629840157028
1423.535978420722813 37.729775753650095
5304.056751993127364 72.828955450377890
4624.733352998914597 68.005392087678715
8037.627032713065091 89.652813858311575
6427.569901562232189 80.172126712232298
2698.856198328130176 51.950516824456429
9624.581749017379479 98.104952724199293
4694.110939904076076 68.513582156416817
8235.853528327334061 90.751603447693057
6836.090377255771273 82.680652980342217
852.145746243959252 29.191535523914450
900.176558850558649 30.002942503203894
2367.141627729382890 48.653279722228213
3003.299404979770770 54.802366782646992
6606.707485297191852 81.281655281479061
3213.575834055295672 56.688410050514698
6728.068108447751001 82.024801788530709
6863.580785742082298 82.846730688314324
2742.471650548173329 52.368613219639236
6562.707910075346263 81.010541968779265
1886.328913319378444 43.431888208082533
9152.226738362225660 95.667270988370035
1680.463678607398379 40.993458973443538
1634.517612385137454 40.429167841858153
65.894508457457746 8.117543252576962
1044.325798033594083 32.316030047541332
549.821257143217508 23.448267678939899
7572.813073663675823 87.021911457193795
8090.985903821790089 89.949907747711393
7811.429684551200808 88.382292822438146
3397.414908293238113 58.287347754836453
9463.705317780062614 97.281577484023472
8249.194401411252329 90.825075840382610
7258.189650747731321 85.195009541332468
7795.932939173272644 88.294580463204383
8461.582610684383326 91.986861076375376
1247.497990168482147 35.319937573111339
6257.026288789925275 79.101367173961819
885.735425956510312 29.761307531029452
7772.428306476014768 88.161376500574306
9889.907251598622679 99.448012808696291
5019.268637073412719 70.846796942934631
9720.557150371630996 98.592885901426129
2230.361298930875819 47.226701122679273
3284.387154937105151 57.309572978143059
628.503346865313802 25.069969024019830
1071.130465035390898 32.728129568238252
9321.601625466528276 96.548441859340898
6247.794658891076324 79.042992471762332
4827.660646679107231 69.481369061634837
1866.108610322418826 43.198479259372299
5859.075173836497925 76.544595980620983
1348.516692260373247 36.722155332447102
9394.774259909856482 96.926643704968228
4086.942609538905344 63.929199975745867
6111.682468779005831 78.177250327566554
4221.342227985473073 64.971857199755902
6063.837648911162432 77.870646901840757
154.404838538247361 12.425974349653526
6406.738426049601912 80.042104083098678
4874.395515583265478 69.816871281827474
5240.974455331414902 72.394574764490571
9815.137446215314412 99.071375513895603
6664.090043105232326 81.633878035440858
534.293854711946324 23.114797310639485
7389.724433074699846 85.963506402860858
2180.155583445941375 46.692136205638967
1519.299931523815303 38.978198156454276
1089.084827237256832 33.001285236142799
9555.620781275725676 97.752855616988114
337.163940381078476 18.362024408574303
3782.313732861513472 61.500518151162872
8827.365376095611282 93.954059923430719
2880.099298549796003 53.666556611634739
1840.571410250487588 42.901881197104721
4106.454953158501667 64.081627266779847
118.901089003169247 10.904177594076925
6955.315783253692643 83.398535857973499
1739.517043737447239 41.707517832369831
9078.931290738966709 95.283426107266763
7454.022344084354700 86.336680177572006
7729.332650840739916 87.916623290710731
3255.988614791573582 57.061270707824001
8046.214772382992123 89.700695495536664
2019.913037385932284 44.943442651692052
6117.470794484444923 78.214262091286429
3654.066163826129468 60.448872312278326
3360.018838321542717 57.965669480491144
5238.481951785653109 72.377358005011857
9533.450313671000913 97.639389150439698
6683.524910943457144 81.752828152568867
3381.823354508365355 58.153446626217828
4519.618590563067301 67.228108634432573
4924.768971020102981 70.176698205459218
7778.701556645324672 88.196947547210073
5242.157721676140682 72.402746644558590
5099.646365906762185 71.411808308617722
455.232835793740378 21.336186064846274
1272.578729103107889 35.673221456760920
3608.997085705940208 60.074928928014060
1985.435592381903689 44.558226988760488
3687.783568554889371 60.727123829100364
1472.202506677434030 38.369291193315441
584.188392216119837 24.169989495573219
6540.039641155351092 80.870511567291018
2244.265192595642475 47.373676156655215
6449.025515937478303 80.305824919102093
1789.614706432099183 42.303837963382229
3291.962712741042196 57.375628212168991
2189.448217058114551 46.791540015884436
4402.349157250759163 66.350200883273587
6916.898768753219883 83.167895060252789
8096.533841807014142 89.980741505096603
968.477536122289848 31.120371722109777
4483.263512423970496 66.957176705891428
7506.095762530756474 86.637727131606795
1222.292591611379294 34.961301343219183
4266.584338909400685 65.319096280562547
9424.165478735496436 97.078141096415195
6739.042931017793308 82.091673944546855
9193.335685638699943 95.881884032588246
3698.370899344050486 60.814232703735158
686.428898404627034 26.199788136636279
9786.607025700444865 98.927281503640060
836.002331154116632 28.913704901899319
4247.217195557403102 65.170677421348046
88.357403134417609 9.399861867837080
6876.571569642172108 82.925096138878075
2260.997710657215976 47.549949638850471
5616.405524745759067 74.942681595641872
4614.079683780850246 67.927017333170539
1487.513066356961417 38.568290944206503
4615.471439895980438 67.937261056771931
2164.960514647036689 46.529136190639051
7707.973701305563736 87.795066497529135
3380.742268868802057 58.144150770896999
7037.543094375845612 83.890065528498937
630.027345117902996 25.100345517898813
7687.267632181822592 87.677064459194924
2896.480922451712559 53.818964338341857
8225.107158290797088 90.692376516942133
4358.110472856922570 66.015986494612974
7846.809636845471687 88.582219642801178
9254.414872116414699 96.199869397605809
3698.817835853779798 60.817907197253838
8926.996673320505579 94.482785063314608
5201.244063722429019 72.119651023298971
9765.649023164376558 98.821298428852757
2637.474524585630206 51.356348435082786
2131.990874416608222 46.173486704131498
5865.411299651101217 76.585973256537656
9760.129633574337277 98.793368368399797
7629.381570875019861 87.346331181538588
5964.295065685749250 77.228848662179018
1484.547125355563821 38.529821247386600
8869.630104916224809 94.178713650783237
2675.722452268041252 51.727385902131580
7739.937056095550361 87.976912062742628
1813.602426590548703 42.586411290346462
7878.184800266418279 88.759139249242494
3893.415705012776016 62.397241165076970
4829.933993235481466 69.497726532854884
6747.083162489156166 82.140630399876741
1117.566196275632592 33.430019387903926
6122.127610653269585 78.244026038115322
9768.786221883659891 98.837170244213581
7034.300006146313535 83.870733907283253
2955.072903026320546 54.360582254298201
9750.315321407922966 98.743684969763621
7278.090305810730570 85.311724316243485
2282.073472647361541 47.771052664216661
6666.994592485508292 81.651666195402953
4930.841781985090165 70.219952876551332
7495.618432164461410 86.577239688987902
5436.542929807548717 73.732916189498084
6036.950459941945155 77.697815026820066
8359.788079244010078 91.431876712905819
4295.731306223860884 65.541828676226757
7349.440497340773618 85.728877849536644
7319.200965790547343 85.552328815705224
4551.013254496242553 67.461198140088229
8663.652026032665162 93.078740999396132
3397.580844593377606 58.288771170727024
6313.456913999279095 79.457264702475626
8332.361395109486693 91.281769237397484
9516.730663509495571 97.553732186469915
5697.161661973144874 75.479544659285963
8166.587666229739625 90.369174314197096
700.053597887435558 26.458525996121470
9895.377061432589471 99.475509857615663
8680.008037246121603 93.166560724576073
8880.782874950378755 94.237905722434107
8219.158832036308013 90.659576615139272
4095.303282056491298 63.994556659582315
1045.686928541115549 32.337082869997964
7799.173625624292981 88.312930115721400
8166.025509399166367 90.366063925564262
8571.074093815095694 92.580095559548298
5537.674935509105126 74.415555736076485
9511.155179969389792 97.525151524975286
5808.270640073594222 76.212011127338670
7729.416862149249027 87.917102216515588
9802.923216039422186 99.009712735869613
9952.324382827198860 99.761337114270873
5494.310552874368113 74.123616701253638
5241.487736574069459 72.398119703304928
1450.306854863699300 38.082894517928906
3447.848785805370426 58.718385415518455
3233.011403499509015 56.859576181145677
6063.957063645636481 77.871413648691629
328.712887497159556 18.130440907412030
5508.921283485097774 74.222107781206930
238.834638061784347 15.454275721035403
6898.969762797890326 83.060037098462033
6840.612307129789770 82.707994215370675
965.448129785110723 31.071661200925686
4740.535827725449053 68.851549203525181
1699.357065610704012 41.223258794165027
4912.876860455950919 70.091917226281879
7248.886890196244167 85.140395172892198
9643.993080512467714 98.203834347302688
9573.068932085165216 97.842061160245208
1028.467654693481336 32.069731129111162
5075.222172513453188 71.240593572158375
3717.390845936856749 60.970409592989093
2742.085862866611933 52.364929703634779
5999.424885330711732 77.455954485957449
9142.792829242107473 95.617952442217188
6576.372472385558467 81.094836286816431
4672.731124545960483 68.357377981794770
2752.267278574657212 52.462055607597549
2374.720406586818171 48.731103071722252
6428.795935061633827 80.179772605449770
3266.817774117507724 57.156082564478716
4668.959840434481521 68.329787358329170
2303.357080905498151 47.993302458837924
2404.159227746779379 49.032226420455146
7914.627767434612906 88.964193737900047
7271.181128631064894 85.271220987101302
8055.359036806241420 89.751652000429729
8012.183519333073491 89.510801132226902
7606.892767040118997 87.217502641614999
98.804525282241983 9.940046543263366
1619.445066960731538 40.242329293428476
4189.421118340756038 64.725737680931502
929.580011548663833 30.489014604422096
2336.481288597022285 48.337162603911935
2905.336541670638780 53.901173843160770
95.449766223736560 9.769839621188085
9952.248119882548053 99.760954886581487
5208.358100845716763 72.168955242858530
7487.531874490615337 86.530525680193435
6931.773001025042504 83.257269958995423
2170.963369205388517 46.593597942264431
1603.109261156720095 40.038846900937592
6378.246933836599965 79.863927613388768
4230.127406921395050 65.039429632503655
5817.943781875710556 76.275446782537500
8354.590336341549119 91.403448164396664
5023.839274030940032 70.879046791212843
4010.321574222865820 63.327099840612199
8156.038115459962683 90.310786263103495
695.528332822983884 26.372871152435867
6742.835438276793866 82.114769915507850
8196.635040069704701 90.535269591854117
9025.459534297904611 95.002418570781160
5866.092075515646684 76.590417648134334
1797.623490219969426 42.398390184297909
3269.148956278838341 57.176472051700060
7731.159041530326249 87.927009738363822
5432.536066205556381 73.705739710049428
4597.553095720110832 67.805258614064073
7666.990607671698854 87.561353391046325
4839.193525866152413 69.564312156925354
3960.176736421524765 62.929935137591912
7081.491011793157668 84.151595420367144
9994.032025682270614 99.970155674992682
4402.716062581139340 66.352965740659542
3252.351818085553077 57.029394333848167
8547.765902908724456 92.454128641768747
149.243582291377379 12.216529060718408
6856.526862047258874 82.804147613795649
3175.218092848456763 56.349073575778128
6528.759560867581058 80.800739853466567
7336.818612426008258 85.655231086174808
4903.693820994018097 70.026379465127405
3009.619954679576949 54.860003232588099
7995.381847346299764 89.416899115023554
373.153166886701626 19.317172849221535
7858.456194823475016 88.647933956880664
5944.470689926240084 77.100393578283629
4735.515417755583258 68.815081324921664
7176.329762954862417 84.713220709372521
488.808686608853918 22.109018219017639
3127.951138334984989 55.928088992338949
8426.204459763885097 91.794359629357871
5579.989035299437091 74.699324195734448
1265.063944219374434 35.567737406522987
8516.889368445879882 92.286994579116509
1355.478512114873411 36.816823764617084
1351.770548416223392 36.766432359099291
2189.474664829513586 46.791822627778814
6364.208844950265302 79.775991657579951
1238.442158029785332 35.191506901947029
2652.550650939453590 51.502918858443877
3970.285735339429266 63.010203422457138
4975.086699634250181 70.534294493063797
3041.137271679972855 55.146507338905636
276.987463983308203 16.642940364710444
6085.788407909708440 78.011463310911608
2791.873160470696803 52.838179004113087
2127.983043931666089 46.130066593618373
6878.273003774720564 82.935354365763217
5572.731154945329763 74.650727758979883
7586.349431403587005 87.099652303574587
9675.961991064634276 98.366467818381253
660.774224490861229 25.705529064597393
3856.457268039052451 62.100380578858392
9776.111534725832826 98.874220779361053
8270.880487145437655 90.944381284087243
841.772602151015690 29.013317668805403
4857.835378625944941 69.698173423884967
5161.587263083515609 71.844187399423731
5193.701908611965337 72.067342871872043
5875.077629214163608 76.649054979263525
9026.593049117809642 95.008384099077333
511.144718991093669 22.608509879934452
1124.398475652418711 33.532051467997285
4102.276772400202390 64.049018512387860
3772.111813803133373 61.417520413992079
2279.454345520659899 47.743631465575177
1533.992902434058806 39.166221446982334
6868.140724283243799 82.874246447755070
5234.881160371539409 72.352478605584338
2134.817336544396312 46.204083548366114
2670.206723020603931 51.674043029557922
6099.338471893678616 78.098261644505754
6257.348864347542076 79.103406148834964
5159.453960150770399 71.829339132075901
4734.640813420423001 68.808726288316251
6290.640785863993187 79.313559911682148
3066.438074921219595 55.375428440069150
368.636840123771890 19.199917711380220
3678.432389767527638 60.650081531416987
2639.556934959469800 51.376618562917024
8020.437771820216767 89.556896841171408
970.792386672704197 31.157541409307381
3634.003342458874158 60.282695215616179
636.253258322791567 25.224061098934715
4212.189335171568928 64.901381612193504
4211.880371224326154 64.899001311455677
7945.521716581684814 89.137655996675647
2927.292847346948747 54.104462360760493
4047.432500236638134 63.619434925474138
4326.694474520202675 65.777613779463010
9652.118782331175680 98.245197248166676
2870.064242406480844 53.572980525694859
829.819249857866566 28.806583446460056
6561.082669789051579 81.000510305732348
7170.014921052998034 84.675940626915974
5572.457371823898939 74.648893975891554
5436.528935118606569 73.732821288206566
8561.775073319182411 92.529860441476856
3903.291023728532764 62.476323705292813
3292.813932141505575 57.383045685476695
7054.206011396669965 83.989320817569833
6208.680802658900575 78.795182610733889
4112.733800492904265 64.130599564427158
9055.959931130617406 95.162807499204320
1432.619090336157115 37.849954958178706
8239.548823044295204 90.771960555252392
3095.658063469897115 55.638638224438033
8666.779639959497217 93.095540387064176
9520.279631024412083 97.571920299973655
8318.624446258971147 91.206493443498701
1271.635766517938919 35.660002334799962
5593.164692187837318 74.787463469406674
6020.086686176107833 77.589217589663235
9462.559468681154613 97.275687963031928
4539.173403443156531 67.373387946897523
4515.811539836251541 67.199788242495615
2355.647377662061899 48.535011874543329
280.627616835560048 16.751943673363996
9368.698749099825363 96.792038665893514
974.657678316880492 31.219507976854480
4230.857197636282763 65.045039761970187
5723.621546477013908 75.654620126447099
3402.971756611116689 58.334995985352712
3397.209203073663502 58.285583149468991
5726.127959391323202 75.671183150465694
7502.411922010686794 86.616464497292242
182.190130950564424 13.497782445667303
1644.366243027037626 40.550785972987477
4146.095127717359901 64.390178814143383
5330.437268716314065 73.009843642595996
466.999483760704095 21.610170840618178
4112.247257105420431 64.126806072853967
6020.751839173604822 77.593503846479351
2776.159568288153423 52.689273749864434
8665.914048691736753 93.090891330418231
2534.289888480862828 50.341731083474500
6185.129388679706608 78.645593574463575
2694.092031440517076 51.904643640434685
2676.045436199141022 51.730507789882957
5532.151285761867257 74.378432934298019
6141.606861261813719 78.368404738528483
5581.603405978140472 74.710129206006201
416.053923268851861 20.397399914421737
7772.634826687142777 88.162547755195590
7310.543863304117622 85.501718481584433
3326.053064971864387 57.671943481834077
6410.198594983958174 80.063715845468721
8851.867400304190596 94.084363208262147
6158.005359010078791 78.472959412845384
306.122474191378558 17.496356026080932
4960.802645400888650 70.432965615547445
5694.745357392672304 75.463536608037870
8857.874854491867154 94.116283684024978
8145.421076387642643 90.251986550921103
4156.397089038592640 64.470125554698527
7613.326444776300377 87.254377797198813
7549.988840562008590 86.890671769540418
6113.337623478904788 78.187835521127610
8538.383035909822866 92.403371344934286
1326.710103892668258 36.424031955464081
5101.515224430251692 71.424892190539936
5919.343976640661822 76.937272999766904
9017.176292178619406 94.958813662443248
3364.311323401057962 58.002683760331799
5702.931505270920752 75.517756225082067
3372.137130359886669 58.070105306946765
3430.864169527978902 58.573579108058432
9238.408978075216510 96.116642565557896
6918.327787561422156 83.176485785114906
9784.161118313404586 98.914918583161182
5334.458795597517565 73.037379440924070
4603.730376539690042 67.850794958789464
9351.496101590350008 96.703133876779560
8717.508357506112588 93.367598006514612
6990.736109830970236 83.610621991652295
9644.578078937171085 98.206812792887092
7581.424666190065182 87.071376847906023
99.946751325559745 9.997337211755926
1408.068050089289500 37.524232838117953
2940.121461780220216 54.222886881650076
1964.381323278918444 44.321341623183280
6264.030851558929498 79.145630653618085
3035.003745508501652 55.090868077282117
9930.358061609258584 99.651181937843859
773.923532133292497 27.819481162187273
4795.411226842987162 69.248907766426086
8897.273985430945686 94.325362365754771
2324.345226068614465 48.211463637485792
5950.185549476587767 77.137445831947190
1096.241897887161940 33.109543909379994
2564.455167476475253 50.640449913843334
1672.532556730547867 40.896608132344518
8921.630379414635172 94.454382531540773
5750.729415240830349 75.833563909662260
6388.892785917925721 79.930549766143400
2906.060083964713158 53.907885174292574
4682.517024579224199 68.428919504689134
9604.099423102941728 98.000507259416480
1516.142735398405193 38.937677580954997
791.280307009210560 28.129705064383639
186.206577370210880 13.645753089156013
9168.972034046035333 95.754749407254124
9037.298143613777938 95.064705036168803
3704.394383685991215 60.863736195586867
5185.324546405431647 72.009197651448886
9871.506687011977192 99.355456251843449
7186.026930640131468 84.770436654768574
2011.002410581012100 44.844201526853077
7502.761030986494916 86.618479731443543
8563.584601263530203 92.539638000499707
7526.028453731056288 86.752685570713354
6186.760602030103655 78.655963550325311
3125.160585242709658 55.903135737118625
6977.722779622119560 83.532764707162187
8311.804322144396792 91.169097407753227
5919.642325341345895 76.939211884066935
1913.444179616365091 43.742932910544134
9982.739668851376337 99.913661072204619
2314.152027320486013 48.105634049667053
1876.460378518674588 43.318129905602738
1064.076598099207104 32.620186972168128
3798.570448513922202 61.632543745280564
5612.043917516072725 74.913576323094290
4222.983667640804924 64.984487900119703
3745.107522697213426 61.197283621883194
3050.216047741924740 55.228761055648576
1278.507658605660026 35.756225452439189
2967.884467324986417 54.478293542703653
680.036102092597957 26.077501837649212
3745.282245849368337 61.198711145328609
9759.673046449526737 98.791057522680291
9499.668931411035373 97.466245087266159
6773.551665337090526 82.301589689003521
2154.267930593613983 46.414091939772064
6744.678655939368582 82.125992572019300
4106.633301920653139 64.083018826524182
1366.793991904478617 36.970177060767220
4695.484706138438924 68.523606925923261
9041.775986091779487 95.088253670428614
8268.836811037977895 90.933144733028882
2224.708996729687442 47.166820930922270
3666.816235080447314 60.554242089885392
9791.874682885512811 98.953901807283543
6205.040568660961981 78.772079880253017
7076.379216419107252 84.121217397390936
9314.352666670512917 96.510894031039385
4502.366054061976683 67.099672533194806
4990.861365762778405 70.646028662358503
1544.838749830261349 39.304436770296824
4362.720033223820792 66.050889723181029
9209.527096640464151 95.966281039959370
7668.470560375310015 87.569803930209360
1195.311993711557534 34.573284392888645
2533.096301794134888 50.329874843815524
1065.449996417891725 32.641231539540470
7464.650561106237546 86.398209247103253
1721.297801467395857 41.488526142385389
8453.563755320883502 91.943263784362600
1892.691702831246403 43.505076747791705
5005.255644057197060 70.747831373528314
6959.503339843694448 83.423637776374235
7973.233189144186326 89.292962707842690
9270.607546240973534 96.283994237053619
8546.812336396107639 92.448971526978639
6949.547803119729906 83.363947861888889
3147.482183429582619 56.102425824821360
4555.198792815270281 67.492212830927912
9720.564768352847750 98.592924534942398
9484.361224509806561 97.387685178927043
1781.061397799301631 42.202623115148917
7441.274666225278452 86.262823198787544
7207.909943010125971 84.899410734174865
341.407595407124120 18.477218281092100
8230.617358932033312 90.722749952434938
2837.944320917701134 53.272359821184018
1390.375297567177540 37.287736557307653
5790.412922864601569 76.094762782103487
1306.524282077159114 36.145875035433285
1240.052216295032395 35.214375137080488
682.429306158850750 26.123347912525507
3769.602328862180002 61.397087299498011
4547.256654462123151 67.433349720017048
8249.770048819162184 90.828244774514729
3299.960706923678572 57.445284462031161
3463.444853469055943 58.851039527514345
8443.406265885243556 91.888009369477814
6114.346337673208836 78.194285837733744
5452.896484902052180 73.843730166494510
9103.088382417832690 95.410106290779453
5864.531896667009278 76.580231761643347
3786.202473023337916 61.532125536367893
5545.874399262334919 74.470627761972935
3129.834163250041456 55.944920799390196
7149.979103223822676 84.557549061120639
3012.703242036309803 54.888097453239439
9699.139245388281779 98.484208101544283
9933.387810272883144 99.666382548344174
7292.968911733983987 85.398881208912712
9944.596073934899323 99.722595603679011
377.478192781903545 19.428798027204451
6989.592008747094951 83.603779871170275
4589.072193938283817 67.742691073932718
3049.761739229324576 55.224647932144613
3935.122791638143099 62.730557080565951
1078.526557904034689 32.840928091392833
553.058543858014787 23.517196768705549
7225.286517382953207 85.001685379661467
5134.461053398735203 71.655153711360740
4831.035911416318413 69.505653808998289
9122.007134283576306 95.509199212869419
625.704975483131079 25.014095535979930
3056.050872484370302 55.281559967898609
6352.070299810844517 79.699876410260785
9519.400536820508933 97.567415343548532
52.556096530162293 7.249558367939546
3097.399995047615903 55.654289996797338
7965.767500815031781 89.251148456560671
7689.813088596063608 87.691579348282147
1880.334333444682670 43.362822018921726
597.984698290843880 24.453725652563534
2096.085400454278897 45.783025243579949
1442.804625736173648 37.984268134797247
1563.736614036561605 39.544109726185035
9243.753686374569952 96.144441786171754
4071.878234914208406 63.811270438020649
1728.053874289410260 41.569867383591813
9026.170789918502123 95.006161852368834
4917.579872256525960 70.125458089459400
9892.093444003370678 99.459003835768286
7441.986109411685902 86.266946795465557
4327.759387762368533 65.785708081333055
6183.660432505857898 78.636253932304385
6053.741048950284494 77.805790587528151
6111.143353475411459 78.173802219640123
1276.065660233831068 35.722061253990248
7610.045863545176871 87.235576822447712
7133.735341937900557 84.461442930711883
1193.575066592130497 34.548155762531387
9916.847205956048128 99.583368119159573
4697.301417749942630 68.536861744246380
9637.530357833638845 98.170924197715678
3591.160590566342307 59.926292982015354
3887.717585614941527 62.351564419948133
4448.725229722823315 66.698764829064288
3950.249868651131237 62.851013266701841
8440.063427927261728 91.869817828965253
5780.364554920756746 76.028708754790500
9531.019000046719157 97.626937881133600
5943.671221393405176 77.095208809584307
4792.190589054462180 69.225649791493197
6473.017734997777552 80.455066558904647
3527.218249565446968 59.390388528493794
9391.918183694251638 96.911909400724596
6456.470721583286831 80.352166875469436
5368.031109340380681 73.266848637978015
3649.774449808947338 60.413363172471598
5076.927836014580862 71.252563715382067
3414.211245506535306 58.431252301371529
7880.075453768336047 88.769789082594627
694.372019886835005 26.350939639542933
6547.275304747897280 80.915235306757268
2010.552221536045408 44.839181767022083
9083.316938083160494 95.306437023336258
6715.528839662967584 81.948330304301919
7691.407024897768679 87.700667186160956
408.777388696345895 20.218243956791746
2551.363901160448677 50.511027520339049
3862.541640758813628 62.149349479771821
4060.421354609250102 63.721435597522834
3215.573240263277967 56.706024726331137
3188.448733088540848 56.466350449524725
3177.204969776866619 56.366700894915489
5950.125073360538408 77.137053828627259
3486.942501059574624 59.050338704020781
328.372004145501364 18.121037612275444
72.247349129794557 8.499844065028167
8888.205893618318441 94.277281959220261
8536.141177469618924 92.391239722549557
1906.886682864623026 43.667913653672798
7727.793049158328358 87.907866821794329
6045.404706559669648 77.752200654127279
4579.697822612006348 67.673464686034848
8132.627772693970655 90.181083230874819
7477.401824190260413 86.471971321291505
5235.304560171563935 72.355404498707372
1401.739126493144568 37.439806710146684
909.852417563028212 30.163760003736741
9200.992722009821591 95.921805247867496
1253.280191377416941 35.401697577622137
6361.524128757931976 79.759163290232252
164.106423218280639 12.810402929583466
6825.504417784982252 82.616611028200509
5001.588698814195595 70.721911023488303
5057.017264988971874 71.112708182075110
9309.820662907082806 96.487411940144213
2625.744012302185183 51.242014131981435
5331.261553915787772 73.015488452216687
4714.413211771048736 68.661584687298387
9438.700843019780223 97.152976501081937
8626.812873574361220 92.880637775450069
8802.158514204806124 93.819819410425254
518.245626871585273 22.765008826521136
3349.556062616109102 57.875349352000541
7764.885449033637087 88.118587420779946
8927.792224897624692 94.486995004061939
8315.172214331618306 91.187566116941724
4138.134264348769648 64.328331739201587
7841.982790070532246 88.554970442491438
553.530020553800682 23.527218716920210
6486.723313603952192 80.540196880836788
2438.027813761044854 49.376389233732397
9529.896800437172715 97.621190324832511
2164.335165572971619 46.522415732343177
6555.165300016650690 80.963975322464563
7812.628913560910405 88.389076890535009
6711.993709350611425 81.926758201155565
5490.322465147133698 74.096710218113827
9472.698623635838885 97.327789575412837
2278.062016877594942 47.729047936006381
9077.600461044978147 95.276442319415864
4962.966000438370429 70.448321487728649
4484.494122314071319 66.966365604787541
3100.467144649927832 55.681838553067983
445.031675533903638 21.095773878526089
7353.298733327915215 85.751377442743831
1130.730940792560887 33.626342958944569
8967.092123387070387 94.694731233511988
391.335976745470475 19.782213646239658
9968.136003560281097 99.840552900914375
3787.461327272407743 61.542353930219534
3743.771896824513078 61.186370188339438
2631.417048264004734 51.297339582711352
4738.738663533187719 68.838496958701739
276.107235391579366 16.616474818431836
743.670991010742796 27.270331699683133
7673.205786026876922 87.596836621118214
3324.057665980202728 57.654641322101753
8628.113351878413596 92.887638315754444
7076.184145499757506 84.120057926155511
9908.488587215824737 99.541391326502080
5011.415153873856980 70.791349428258940
5011.182597476039518 70.789706861068723
8837.505911077227211 94.008009824042261
2790.843145976172309 52.828431227665398
9371.750079392488260 96.807799682631398
8785.068111318427327 93.728694172694134
1129.774056133661816 33.612111747607614
1515.362735713899610 38.927660290773957
8857.763025007741817 94.115689579409349
4200.739441156574685 64.813111645380630
282.118949684151289 16.796396925654957
686.418143910736831 26.199582895739709
2774.099401409145230 52.669719967065944
8011.671634139505841 89.507941737811763
3582.143875020401538 59.851013984897548
3366.216714799309557 58.019106463296289
530.073294582620861 23.023320668023125
489.913723154736203 22.133994740099137
8610.446811020321547 92.792493290245858
1332.691862441025251 36.506052408347649
3164.571308716189833 56.254522562334401
3805.060523241726059 61.685172636880303
7485.062530444793083 86.516255873938476
8658.365799422952477 93.050340135987426
4321.258023394078009 65.736276312201298
4508.020423548784493 67.141793419216796
8236.610551921370643 90.755774207051815
7638.692613657562106 87.399614493758278
9874.356855316629662 99.369798506974092
7768.798784665154017 88.140789562297172
8705.000928451332584 93.300594469978236
9984.307266314553999 99.921505524659480
3614.892119764539075 60.123972920662347
6382.879404197354233 79.892924619126035
6714.653263379818782 81.942987884136969
7789.737731763033480 88.259490887739844
7861.853815259646581 88.667095448422387
6186.702081559020371 78.655591546685486
3451.236637739939852 58.747226638709847
2178.194014756943488 46.671126135512772
5213.258423847849372 72.202897613931327
568.125564981006391 23.835384724837279
8141.476796735783864 90.230132421136261
5390.316537583053105 73.418775102715060
4967.792855072021666 70.482571285900335
6672.894562004791624 81.687787104344991
535.651096574425651 23.144137412624080
7342.194149252838542 85.686604257916756
1443.743944266775088 37.996630696244310
5974.040991323931848 77.291920608327047
1786.127530326663191 42.262602029769333
6956.518657227944459 83.405747147471459
8829.312832881070790 93.964423229651501
6194.966052836763083 78.708106652598133
5680.437743398620114 75.368678795628497
3333.171474297810619 57.733625161579887
7763.054688797354174 88.108198760372773
827.112698274852391 28.759567073842618
2174.833418272678955 46.635109287667362
528.898588175767600 22.997795289456935
3228.859521770340507 56.823054491731966
3805.366790791965286 61.687655092343761
6378.232115456317842 79.863834840660630
3303.347078351438995 57.474751659763079
409.120973977552580 20.226739084131989
5116.829546223779289 71.532017630035980
8498.375021232779545 92.186631467001661
6748.587538288647011 82.149787207811116
756.097845185476103 27.497233409662801
7553.417247816190866 86.910397811862481
2586.750175291672349 50.860103964617224
9327.400206474019797 96.578466577565933
5451.003900548896127 73.830914260551424
1579.340391697411405 39.740915838684586
3927.771495079797660 62.671935466202079
7113.422580673448465 84.341108486155477
9159.915442808496664 95.707447164828807
3794.673053662972961 61.600917636533410
3206.823121503643961 56.628818824902609
7143.496196664742456 84.519206081604565
711.540982677591046 26.674725540810933
7347.169718407851178 85.715632870602150
7368.723739877982553 85.841270609643132
4386.079821201269624 66.227485390895438
6945.736207431655203 83.341083550861370
4895.861887447035770 69.970435810040769
3915.634632073235025 62.575032018155895
1033.606728459249553 32.149754718492794
3914.082413450501917 62.562627929543545
1325.674924375641922 36.409819065406545
8681.066827204149376 93.172242793678365
9337.966402206169732 96.633153742419950
4116.452884281431579 64.159589184169747
4806.486673087898453 69.328830028263837
8011.161532754091240 89.505092216890603
3124.072473416068988 55.893402771848386
2596.307638717291866 50.953975690983050
6306.981942577506743 79.416509257065101
7058.546251303119789 84.015154890669095
2578.915538471929267 50.783024117040618
3881.157019651700011 62.298932732846232
1658.250704207836179 40.721624528103447
7991.077512055580883 89.392826960867396
6195.717473613557559 78.712879972807229
3861.480752158643554 62.140813900033876
8615.590503543266095 92.820205254800342
4853.462454971323496 69.666795928701376
578.750226724062827 24.057228159621026
941.439655326663228 30.682888640521824
3246.398229801221532 56.977172883543645
803.777238317952992 28.350965385996172
3332.983097150227877 57.731993704965952
8317.461366859457485 91.200117142794596
7119.675015750392049 84.378166700577182
1133.424702497997714 33.666373468165496
1380.272800585276855 37.152022833020503
3173.569025381892061 56.334439070446884
5411.774206256211073 73.564761987355141
2847.633991006282486 53.363226954582522
624.617243367335391 24.992343694966571
1729.418548624864115 41.586278369491829
6971.579469058555333 83.495984748121600
6556.362117534132267 80.971366034754112
3131.045833616803066 55.955748887999015
5819.804011623559745 76.287639966272124
6077.180733322251399 77.956274496170295
9751.760809063343913 98.751004091418451
5794.718473946116319 76.123048243919641
6020.421295107223159 77.591373844695028
1135.764980390138589 33.701112450335202
607.127812469724859 24.639963727037522
7963.171667642733155 89.236604976000365
8870.127723279549173 94.181355497144708
3591.998296091523571 59.933282040044524
9350.015126408063225 96.695476245830974
69.846574579783763 8.357426313153097
9924.584578162344769 99.622209261601625
7536.641026551552386 86.813829696377013
6619.186128902107157 81.358380815390532
5567.771361690359299 74.617500371497030
533.194865572140998 23.091012658004868
4765.134707462213555 69.029955146024932
9741.234566700333744 98.697692813461117
7632.350142206147211 87.363322637169347
8786.415674505993593 93.735882534416845
745.814424112484517 27.309603148205660
1148.132119786437443 33.884098332203521
5113.682313919478474 71.510015479787711
4205.164814984202167 64.847242154036138
3741.615889858584978 61.168749291272789
4361.079974633468737 66.038473442633943
1807.721351211052706 42.517306490546325
1481.800915078986236 38.494167286473235
626.751360506106494 25.035002706333117
4442.576905875762350 66.652658655718767
8893.640070122502948 94.306097735631624
4529.796821970725432 67.303765288211963
917.206360109872321 30.285414973380707
9390.608685808974769 96.905153040532241
4389.007692090061937 66.249586354105347
7946.321509361075186 89.142142162733975
5254.988333052125199 72.491298326434503
6719.715868436042911 81.973873084270224
1660.676982884132258 40.751404673754891
4075.318380956450255 63.838220377423198
8414.407343935150493 91.730078730671281
6055.365825452668105 77.816231118274217
1785.106942023788861 42.250525937836429
9142.691637400637774 95.617423294087132
5256.412391500087324 72.501119932729921
283.407036843197261 16.834697408720992
326.268915237143801 18.062915468914309
6116.187403017814177 78.206057329453799
6968.612244164947697 83.478214188882518
4630.043996753166539 68.044426639903193
5655.052177026106619 75.200080964225734
8036.135750990516499 89.644496490250404
2681.527049346855620 51.783463087619545
5477.890990811359188 74.012775862085860
747.042405044343468 27.332076486142494
3449.960264070249650 58.736362366682613
6933.383312841656334 83.266940095344296
5253.087232885141930 72.478184530830674
8455.897761299798731 91.955955551012565
7576.129467950086109 87.040964309628862
3725.671556976373722 61.038279439843109
987.937396577155937 31.431471435126227
4440.657814531810800 66.638260890661087
2405.220311465045597 49.043045495411945
1475.628587235250279 38.413911376417403
1395.611079829025812 37.357878417129442
5981.340001511857736 77.339123356240975
8543.374067210546855 92.430374159204547
8238.545788871835612 90.766435365017145
4822.968342307794956 69.447594215406738
1860.098876376667704 43.128863611004959
2818.639068838278035 53.090856734830318
12.273423653015628 3.503344638058841
7586.571531546109327 87.100927271448199
9495.571730903706339 97.445224259086743
4948.251319836545008 70.343807970826717
966.346232434967988 31.086109959835245
6127.609407107511288 78.279048327809349
7494.976290089854956 86.573531117136810
1911.003191050200030 43.715022487129069
6605.023058601641424 81.271292955148937
3254.352374177822639 57.046931330070883
4872.737477296373072 69.804996076902498
1254.137890068482875 35.413809313154701
4545.851116892503342 67.422927234676663
1400.883693606395127 37.428380857397443
3310.152296717153149 57.533923008231874
907.292329466183560 30.121293622057198
9825.556637305817276 99.123945832002761
646.872996466944983 25.433698049378211
8373.319209416586091 91.505842487879349
4959.359674390819237 70.422721293562773
6814.675448326715014 82.551047530159877
1731.558977262740200 41.612005205982804
1527.811120602151277 39.087224519043957
2600.015006403061761 50.990342285604065
4648.479815309563492 68.179761038812416
5598.879387436225443 74.825659953228779
8835.262312053195274 93.996076046041381
4801.585588680954970 69.293474358563913
775.082620880304148 27.840305689419147
1653.577479549791860 40.664203908963863
9076.699897656561006 95.271716147325492
2112.079553789365491 45.957366697727203
1772.778868617805529 42.104380634534998
1451.755372427981683 38.101907726883987
5491.047519525693133 74.101602678523037
2196.353780712480329 46.865272651639188
543.063076943680016 23.303713801531291
9000.550201316224047 94.871229576285259
3875.693069352702423 62.255064608051789
2066.303875178276030 45.456615307106581
4537.762858418594988 67.362919016463309
9462.819573787619447 97.277024902016919
1499.478695044983624 38.723102859210336
7061.128717308766682 84.030522533831515
2700.315386031578328 51.964558941951758
6846.142242250870368 82.741417937154480
9446.094569531267553 97.191021033484716
620.255439229730086 24.904928010932498
8828.659947204718264 93.960949054406200
1496.672441546033724 38.686851016153199
3316.865229191055732 57.592232368532613
3382.739067234361755 58.161319338838609
6568.342721883629565 81.045312769361502
8231.599305030600590 90.728161587406817
9730.092082708486487 98.641229122048586
1325.569190182638067 36.408367035375782
5526.624380675686552 74.341269700454319
5149.049863024632941 71.756880248688574
4401.742351462467013 66.345627975492604
6548.933952369226972 80.925483948934328
4243.485876191410171 65.142043844136566
2010.245031061692316 44.835756166944392
8445.420061252985761 91.898966595130901
8228.292699905774498 90.709937161844479
4648.395933795991368 68.179145886377839
627.354022863012233 25.047036209160801
3666.922396210686657 60.555118662345023
473.678844612409819 21.764164229586438
9709.410613617108538 98.536341588355654
7012.227819998678569 83.739045970196472
4674.935204492786397 68.373497822568552
3995.412318000227060 63.209273987289450
4126.349938406283400 64.236671289897046
4036.288658426591155 63.531792501287029
6367.795595702421451 79.798468630058437
9970.141603034713626 99.850596408007064
9927.712397848743421 99.637906430478267
4688.595126948962388 68.473316897525578
761.350661302876688 27.592583447420733
9554.545244668526720 97.747354156869775
4117.136581658076466 64.164917062660308
938.946380555992619 30.642231977386906
4967.842294445306834 70.482922005584498
8953.771120472150869 94.624368534073454
9839.889136022664388 99.196215331143875
5857.108450460871609 76.531747990365872
1024.196735721451887 32.003073848014225
156.247242929905610 12.499889716709728
8127.643653591982911 90.153445045610894
5138.325055914211589 71.682111129027248
4519.884786981726393 67.230088405279716
8053.642476445847024 89.742088656582126
9262.632850133277316 96.242572960895416
5911.445342982535294 76.885924218822623
8083.022612416642914 89.905631705787172
3380.113369845898433 58.138742417134367
9239.551743791193076 96.122587063557503
7437.333496963237849 86.239976211518268
5272.528806264480409 72.612180839474036
7584.337727544000700 87.088103249203911
119.005537287367332 10.908965912833688
467.787958082128853 21.628406276980485
8640.564499376156164 92.954636782551930
2381.269423453746640 48.798252258187965
2659.739780159586644 51.572665048061914
6634.913999938862617 81.454981431087830
3485.246189017625056 59.035973685691211
5999.412732461879386 77.455876035726817
9873.376068830280929 99.364863351339039
2586.598190563874596 50.858609797790130
4353.516157611205927 65.981180329024170
9117.596474833972024 95.486106187413313
9749.098205736931050 98.737521772307673
5629.709023872898797 75.031386924892303
1111.047099933652362 33.332373151842226
7291.947048962015288 85.392898117829532
8052.917510806743849 89.738049403843988
2421.928463959537567 49.213092403948131
5864.240967693212042 76.578332233688741
4074.256905744019605 63.829906045238857
9255.239026604527680 96.204152855292733
1681.984050587534966 41.011998861156904
2847.874779076416417 53.365483030479695
9561.701885932510777 97.783955155907407
811.375132825292894 28.484647317902549
3465.261003883348621 58.866467567566417
1996.942510551417627 44.687162704197476
6152.095328402488121 78.435293895047579
9820.262244714216649 99.097236312190944
7411.890017296871520 86.092334253967536
384.591483218601127 19.611004135908011
4024.949765801275589 63.442491800064694
2195.904266617148096 46.860476594003480
5778.604134969500592 76.017130536277818
2454.203523143256461 49.539918481394942
7252.870267387805143 85.163784952219004
3471.253380836500583 58.917343633572791
2739.558773260032012 52.340794541734191
4701.270573220030201 68.565811985420481
1074.163916725486388 32.774439991027862
14.007107334036439 3.742607023725098
8498.891676828912750 92.189433650657122
6828.215048670623219 82.633014278014954
4283.725538940801925 65.450176003894768
5482.397572064400265 74.043214220240330
2846.595759820648254 53.353498102942119
789.098380854265315 28.090894981368347
1576.717317516494404 39.707899938381210
6371.919290800831732 79.824302632724780
2800.047931038092884 52.915479125092432
6260.681381821055766 79.124467655846232
6501.587879643041560 80.632424493146928
1621.718175702257895 40.270562147830240
1710.037606371360880 41.352600962591950
5513.606457660701381 74.253662924199915
3461.533277109233950 58.834796482262384
5261.423226204246021 72.535668647943453
2612.855882544112774 51.116101988943882
1991.596786710370907 44.627309875348423
8929.127270660817885 94.494059446405501
1458.534017672236132 38.190758275690676
320.236839236048581 17.895162453469055
5748.556088480748258 75.819232972120915
6695.215750791814571 81.824298046434933
6754.815019646538531 82.187681678257221
7199.439985355787030 84.849513760279066
6366.634621379804230 79.791193883659901
6827.021080433833959 82.625789439096039
1440.760539665553779 37.957351589192228
8008.760288024818692 89.491677199753155
7486.278320683191851 86.523281957419940
4017.560004361565461 63.384225201240454
8555.332450770871219 92.495040141463107
2751.320980767598485 52.453035953771050
7007.253677628612422 83.709340444353117
5124.754979726334568 71.587394000105462
5778.468902074789185 76.016241041469485
8618.411377019472638 92.835399374481455
1918.529219366877442 43.801018474082056
8243.576405850859373 90.794143015124376
7802.421131124444400 88.331314555623166
5059.874847520863113 71.132797270463527
9942.930934055370017 99.714246394662027
3385.951103349890218 58.188925951162652
6837.211439580110891 82.687432174303922
9239.451435751285317 96.122065290708804
442.138211772016120 21.027082816501583
1663.746662383546436 40.789050765904648
6781.032539479724619 82.347025079718122
4344.814919482176265 65.915210076902397
3055.545487222058455 55.276988767678532
6963.058846942745731 83.444945005331178
5532.589955555140477 74.381381780356435
8700.344000159981078 93.275634547077630
3438.233436984259242 58.636451435811317
4260.299447803322437 65.270969410629434
652.081210166383926 25.535880837879549
6320.612574541220965 79.502280310323300
6642.935739751547771 81.504206883764894
926.230362467180953 30.434032964219202
2706.217434826561657 52.021317119297947
8978.449015927610162 94.754678068829989
3867.257101469750523 62.187274433518553
3802.393350647754232 61.663549611158082
5493.549590099928537 74.118483457906294
4043.084142503292696 63.585250982466782
8615.822007792019576 92.821452303829091
3738.406642921257571 61.142510930785768
4236.798340716462917 65.090693195851458
5605.206055918352831 74.867924079129864
9071.791223919690310 95.245951220614572
4764.612046090896911 69.026169284488745
299.482737629336611 17.305569555184729
4935.361662466776579 70.252129237958172
8414.338843937719503 91.729705351852729
5089.974310053898989 71.344055884522703
3086.208102962077646 55.553650671779238
4492.643044942992674 67.027181388918578
9233.867130516200632 96.093012912054121
727.030533028672608 26.963503723156467
2431.584339434673893 49.311097528190082
7055.831521789424187 83.998997147522090
6069.818138801667374 77.909037593861129
2343.531629211086056 48.410036451247237
3381.715528329313202 58.152519535522387
4607.211737690256996 67.876444645327865
9122.806763034262985 95.513385255859632
3376.718250313951557 58.109536655474649
3824.570106989059241 61.843108807603286
5364.067396104524960 73.239793801624842
3874.763938649100965 62.247601870667282
2797.660711265458303 52.892917401722684
7307.789657913262090 85.485610823771168
2004.798364408808538 44.774974756093485
8393.507846977990994 91.616089454734919
3158.616037398384378 56.201566147202556
5773.745745781755431 75.985167932839076
3617.872718150318633 60.148754917706476
2184.100230525235929 46.734358137512018
7691.506696807758090 87.701235434899999
7831.031929807619235 88.493117979917614
2993.834056474009685 54.715939692872034
5139.907239280646536 71.693146389879189
1401.346877525143100 37.434567948957863
8876.516094363534648 94.215264656867220
7216.163676385878716 84.948005723418120
319.734096863567800 17.881110056804857
6484.849326815889071 80.528562180234474
1279.083650372725742 35.764278971799861
5771.092975182286864 75.967710082523126
606.188579862539882 24.620897218877705
6753.243503408848483 82.178120588200656
9771.620595757254705 98.851507807201685
2325.361329306194875 48.222000469766854
1235.754831579443817 35.153304703533124
4626.702452429772165 68.019868071246449
4458.269827558348879 66.770276527496492
7162.799136750041725 84.633321669127710
5077.110904434732220 71.253848348245242
6225.470194217379685 78.901648868812487
6167.083622561001903 78.530781369861600
1316.314771183179801 36.281052509308211
6057.569646343013119 77.830390249201585
9332.271532574863159 96.603682810619929
7286.495472268588856 85.360971598667902
7007.594342225361288 83.711375225983247
5657.051116937484039 75.213370599498361
684.006034864155936 26.153509035388655
5376.732541039159514 73.326206372886631
940.635677637674235 30.669784440678324
4033.486768936932549 63.509737591466497
8855.528720583131872 94.103818841655581
6828.910590946311459 82.637222793038674
2773.770169849049125 52.666594439445667
8470.219519408605265 92.033795528645911
4133.668495033016370 64.293611619141572
1867.363837576330980 43.213005421705290
3625.823582378058290 60.214811984909979
5159.515745944253467 71.829769218230496
3006.133956050666256 54.828222258711492
7916.884859678682005 88.976878230688015
730.339219368607019 27.024788979168868
2254.428734343895030 47.480824912209506
7074.394369148461010 84.109419027529015
4481.015324991108173 66.940386352269499
4599.554226990526331 67.820013469406845
6348.889436495182053 79.679918652664185
3718.973062997928992 60.983383499096938
2927.890961027039339 54.109989475392055
8908.281633976263038 94.383693686866607
1060.669347490157179 32.567918992317537
9768.388747252820394 98.835159468950224
5767.188812289928137 75.942009535499707
1254.013168587132441 35.412048353450729
5445.864953293605140 73.796103916762476
6757.141363955948691 82.201833093647906
589.091493598385227 24.271207089850005
2366.651101700968866 48.648238423410241
8149.644856663074279 90.275383447887251
4362.935839526311611 66.052523339584170
4079.850077320452783 63.873704114607705
1363.302116668181952 36.922921291092095
7938.721226793180904 89.099501832463574
739.406239792901488 27.192025297739438
2209.159828315297091 47.001700270472099
2366.563055438643460 48.647333487444548
5708.135046514043097 75.552200805231635
2956.920300494729418 54.377571667873596
7164.767009725920616 84.644946746547845
8200.026295642719560 90.553996574655500
719.702320443519056 26.827268225511130
6979.881435028893065 83.545684718176162
1086.103300224232498 32.956081384537093
5377.414355673324280 73.330855413484201
9628.554120672617501 98.125196156097530
8712.666750825228519 93.341666745485256
1600.903128093322039 40.011287508568401
7453.100635375292768 86.331342138155676
8346.982069186156878 91.361819537409374
3698.122323410804256 60.812188937833874
4137.912223368653031 64.326605874775126
2177.841126406929561 46.667345397043206
1721.009384456041289 41.485050132017932
6973.416634345583589 83.506985542202301
966.635347095003112 31.090759834635808
3431.824305566686235 58.581774517051684
9738.490902590570840 98.683792502064748
7507.394784063837506 86.645223665611468
9076.579247534515162 95.271082955608918
8763.241415122929538 93.612186253302141
5788.102398437654301 76.079579378685153
6378.949439042921767 79.868325630646112
8734.575352504711191 93.458950093100825
8476.497223992186264 92.067894642987170
7474.367342206279318 86.454423497044260
5941.533316762581308 77.081342209140217
4002.305526710072627 63.263777366752869
2948.887011120184980 54.303655596287300
4467.347735540715803 66.838220619198978
6614.433723650266984 81.329168959545299
1807.542157643065593 42.515199136815362
2371.731966747919614 48.700430868195816
602.572777917421035 24.547357860214223
1947.662525705784674 44.132329710834263
415.689774856280849 20.388471616486626
9514.513448032499582 97.542367451443880
1391.269760040411484 37.299728685882037
6579.146110482276526 81.111935684474190
3894.605176939314333 62.406771883661108
7443.962796036860709 86.278402836612941
2159.608285382716076 46.471585785108687
5181.216347660074462 71.980666485245010
3852.278313407126461 62.066724687284136
5209.747321618282513 72.178579382101191
9037.210778262815438 95.064245530392839
8439.211254432495480 91.865179771404655
5305.149281042308758 72.836455714445009
9950.306639229036591 99.751223748027456
5672.402297718277623 75.315352337476838
7682.958230122807436 87.652485590100682
863.725235304846478 29.389202699373225
3643.684607080515889 60.362940676217193
8360.036767832283658 91.433236669344069
2444.736703741385554 49.444278776632849
213.253931401010817 14.603216474496666
244.174922380598105 15.626097477636510
5515.294562668591425 74.265029203983971
7015.720086313147476 83.759895453093463
6611.109081678357143 81.308726971207449
4886.796869737693669 69.905628312301815
9102.486453309938952 95.406951808083349
2670.931397789384391 51.681054534417001
8179.493470050018004 90.440552132602647
7693.059864332055440 87.710089866172495
1940.066980938776396 44.046191446466473
1362.988054400775354 36.918668101663357
5886.731028372542823 76.725035212585880
5919.589685896125047 76.938869798666303
7565.721487275528489 86.981155932049603
9519.883085557479717 97.569888211258501
7664.832594191162570 87.549029658764141
3730.914739485267546 61.081214292818927
8060.043000082673643 89.777742230926449
3067.756149349019779 55.387328418592460
8806.845902972601834 93.844796888120555
5860.764707588891724 76.555631455751779
9854.263250995791168 99.268641831123034
395.013671045206650 19.874950843843781
7380.918521480856725 85.912272240238508
14.636719158790331 3.825796539126242
9334.103407565746238 96.613163738518296
7620.586348162249124 87.295969827720285
5723.089383634334808 75.651102990203228
5667.497429695582468 75.282783089465966
5911.307255509826973 76.885026211284000
6888.353663705182043 82.996106316532604
6587.955971393499567 81.166224326338480
6126.279432796868605 78.270552781980967
8418.558257260807295 91.752701634670174
2304.983462392656747 48.010243306951246
8264.914720102025967 90.911576381129962
9455.468349311080601 97.239232562330940
859.458004044163772 29.316514186447264
7951.996445267515810 89.173967306986611
8012.268719275877629 89.511277050860343
7024.688346066522172 83.813413879083356
3525.687622182746054 59.377500976234643
7384.867494599542624 85.935251757352418
2397.341634415633962 48.962655508209863
4321.327060368356797 65.736801415708968
704.384411935355843 26.540241369199261
7649.181020513216026 87.459596503260954
8776.831849536471054 93.684747155214495
9250.423523978974117 96.179122079477182
3828.417758746563322 61.874209156534384
7732.099231195728862 87.932355997071568
2874.463036032173022 53.614019025178230
3027.504540443175301 55.022763838643868
1131.452644848614909 33.637072477381487
2756.061933476339618 52.498208859696724
3943.009679548335498 62.793388820387257
6610.232290810521590 81.303335053431368
5536.926662943780684 74.410527903945024
6096.788445573643003 78.081934181817260
7037.624020445178758 83.890547861157629
8971.491770997161439 94.717959073225188
7433.494629349909701 86.217716447084754
2144.528291717796492 46.309051941470322
1320.236141156510257 36.335053889550103
7187.416632255635704 84.778633111507730
306.562701014443235 17.508932035233993
1681.223064582824691 41.002720209552251
6272.653106834886785 79.200082745126522
5619.363454865047970 74.962413614190993
9106.490300370871410 95.427932495527074
310.717529224042096 17.627181545103632
7243.500948460120526 85.108759528382976
8768.613689883832194 93.640876169992296
3016.993614334629910 54.927166450988800
589.995873441501544 24.289830658971287
4530.331345235238587 67.307736147007930
7401.348082321746915 86.031087882937683
6254.338082239765754 79.084373186109062
9414.696312205755021 97.029357991309794
8897.363102105548023 94.325834754353210
2262.700954492716846 47.567856315927429
364.580054532595568 19.093979536298754
1853.999308023256162 43.058092247837180
5364.363120293883185 73.241812650247013
6792.253885090472068 82.415131408561578
6057.584791868581306 77.830487547416666
6352.851130590085631 79.704774829304213
8211.817261767220771 90.619077802454058
350.881513297634001 18.731831552136967
1713.374086529486249 41.392923145502614
3382.931786026088048 58.162976076075132
2103.347686214380246 45.862268655337800
8028.590101902815150 89.602400090080266
7865.830448709226403 88.689517129755686
2343.311753893400692 48.407765429664288
8639.030465165222267 92.946384895622600
7892.352097655491889 88.838910943659656
9270.853738801151849 96.285272699417291
8301.940374202995372 91.114984356048680
3088.309855062519091 55.572563869795673
4315.128287326268946 65.689636072414572
8770.405761757787332 93.650444535825812
476.893917097913629 21.837900931589409
7058.695411834293736 84.016042586129316
5732.468864094264063 75.713069308371487
9437.041084042912189 97.144434138260920
560.222752062495033 23.669025160798132
5721.448490020666213 75.640257072677016
7693.919511677803712 87.714990233584388
1543.550392782435438 39.288043891016457
8714.652922939960263 93.352305397027877
9484.192788237647619 97.386820403161579
7300.583330089237279 85.443451066124652
2487.871930410912228 49.878571856167980
7498.924490823351334 86.596330700690501
3408.511321528192639 58.382457309779220
5049.016046306927819 71.056428606473943
8973.839225283110864 94.730350074741679
3010.779443874761455 54.870569924821822
8315.221092399488043 91.187834124950513
2070.083611469862717 45.498171517873800
672.210502851918363 25.927022637624983
7025.293714426420593 83.817025206257597
1049.346414252088152 32.393616875120443
5889.581155753328858 76.743606611582493
5699.619604703492769 75.495825081281765
4829.802772194449972 69.496782459294110
4810.906623211978513 69.360699414091684
3085.933646674932788 55.551180425576312
8284.213550452073832 91.017655157953143
9055.527782157925685 95.160536895069725
6183.671909488629353 78.636326907407295
5224.543617394682769 72.281004540575410
1161.410422705614792 34.079472160020536
8091.208571429807307 89.951145470359677
9530.493327967678852 97.624245594870942
6717.759143260626843 81.961937161469208
9065.466756641208121 95.212744717507263
2467.787579338980777 49.676831414040294
1635.758612474977781 40.444512761003537
1812.634044569267417 42.575040159338279
6184.438694882096570 78.641202272613413
2798.792465540793728 52.903614862699065
2015.910574704874534 44.898892800434119
9502.379639397686333 97.480149976278170
4889.180655737003690 69.922676262690374
1606.467915231421557 40.080767398235047
646.694975302528519 25.430198097980451
9694.672051759836904 98.461525743611332
5613.724931167154864 74.924795169337330
4936.396207450242400 70.259491938457984
7693.219529432966738 87.711000048072464
9772.208412445812428 98.854480993254995
9681.658406493239454 98.395418625529715
9383.299810237935162 96.867434209015443
9505.305125654054791 97.495154370122691
6204.749173021395109 78.770230246085958
1461.191552919805417 38.225535351644268
5198.872716646171284 72.103208781899383
5240.931063348458338 72.394275073022584
3732.903523432822112 61.097491956976612
5083.051012617138440 71.295518881744158
785.473325020315087 28.026297026548388
1402.348052200250777 37.447937889825802
4295.635303992610716 65.541096298373063
6647.404835509534678 81.531618624368875
6115.655647038083771 78.202657544600640
1554.526266479472724 39.427481107464537
558.238002534737575 23.627060810323776
5715.047886536464830 75.597935729333670
3970.056159305979236 63.008381659156896
1657.523854281698050 40.712698931435362
6951.204887150066497 83.373886122394865
974.302708190755652 31.213822389940578
3361.503263502914706 57.978472414361825
400.141408126002887 20.003534890763753
8028.747132595403855 89.603276349670409
7028.500270303507932 83.836151332843926
1346.218683331014518 36.690852856413876
6424.227088465166162 80.151276274711719
3301.173212359923582 57.455837060823711
1057.204867674259049 32.514686953348622
2881.894421880738719 53.683278792196909
6256.071112969469141 79.095329274044175
7113.954191016808181 84.344259976697927
8887.113397479623018 94.271487722850878
1215.406614331430092 34.862682259565602
1011.903658889477242 31.810433176702848
7794.717829341171637 88.287699196100760
7462.576961309681792 86.386208166059021
2288.546412191175932 47.838754291799610
8949.534866436151788 94.601981302910104
5813.371915803272714 76.245471444560380
1799.277759937659084 42.417894336443190
3758.751762234425314 61.308659765439543
671.839041941819914 25.919858061760674
9845.104881589442812 99.222501891402857
7842.138561565595410 88.555849956767929
6417.393240679159135 80.108633995838176
6558.432827659014947 80.984151706732192
3729.589430995749353 61.070364588691866
3664.762715448297968 60.537283680788804
1913.452492740926118 43.743027932928079
9863.456628646672470 99.314936583812369
2293.641030260727803 47.891972503340554
2446.451957789844073 49.461621059057940
8830.085016034718137 93.968532052143487
1000.237464839314612 31.626531027593188
5206.016860483779055 72.152732869128243
8223.198125061413521 90.681851133848241
3833.570742821264048 61.915835961579845
2385.625052579362091 48.842860814855655
401.048228467091860 20.026188565653023
1415.943558335227863 37.629025476820786
5854.418751166605944 76.514173531226263
2971.493759149695506 54.511409440131850
8731.617887227552274 93.443126484656716
2111.530309937818402 45.951390729093482
3801.788148544359956 61.658642123747420
180.896940417971706 13.449793322500227
9299.111234426938609 96.431899464995183
1272.942507546100387 35.678319853183957
3901.083601228981024 62.458655134648723
2517.422260460141842 50.173920122511277
7255.475505923093806 85.179079038946497
8232.500901053834241 90.733130118242002
3258.528676835792339 57.083523689728480
4952.395188462181977 70.373256201927887
1621.198941763098446 40.264114814100886
5556.008750711922403 74.538639313525991
5331.917024630107335 73.019976887356705
1183.410045034005634 34.400727391059711
8552.912960567391565 92.481960189906175
1184.235712985933105 34.412726032471376
4125.433145585031525 64.229534838616345
1401.227715371461045 37.432976309284584
5745.247062256247773 75.797408018059883
9258.353408801825935 96.220337812760903
3086.532944750397746 55.556574271191323
1678.549234005075505 40.970101708502938
652.189588994653377 25.538002838801891
3978.980173400636886 63.079157995336594
4607.322629998787306 67.877261509277076
6763.754283814318114 82.242046933513990
2545.352704700850154 50.451488627203560
7968.950756172966976 89.268979809186618
2104.263290237237925 45.872249674909533
7468.089914533960837 86.418111033127545
2695.003815008778929 51.913426153633694
8067.721705753192509 89.820497135972218
5175.827624420114262 71.943225007085374
8580.648717242553175 92.631791072193749
2428.316089715363432 49.277947296081273
5426.057452912641565 73.661777421622418
6461.602827612768124 80.384095613577486
2760.414936882742950 52.539651092129866
720.593678693588231 26.843875999817691
8690.433444928255994 93.222494307587894
6538.480481915852579 80.860871142449682
7261.744296987778398 85.215868809675229
9804.790180962703744 99.019140477802083
9638.299418636861446 98.174841067540626
6476.416430246680648 80.476185485189845
2940.938354511376474 54.230419088472630
4812.500521291560290 69.372188384766702
1846.740271895582964 42.973716058721088
9541.086838873856323 97.678487083256243
4898.023866041054134 69.985883334005678
7089.233916026098996 84.197588540445139
8973.069855851412285 94.726289148532643
8925.775162882659060 94.476320646406734
6032.376912346334393 77.668377814567066
4746.963035642183968 68.898207782511903
1692.103460143577877 41.135185184262610
9328.747092927382255 96.585439342208218
5750.176492940881872 75.829918191574507
344.650381879227211 18.564761832009243
2105.930579709575341 45.890419258376525
8151.448067398126113 90.285370173678345
2673.267077165039154 51.703646652485155
4115.725488140732523 64.153920286610173
3184.497839982138430 56.431355113820707
7268.405977597992205 85.254946939154166
2845.883700242696705 53.346824650045448
1789.980182296910698 42.308157396616913
9946.864313156924254 99.733967699861040
5238.293215379102548 72.376054157290881
5494.984550481512997 74.128163004903286
4745.548978731180796 68.887945090060427
7833.387793974585293 88.506427981105332
7158.236961178849924 84.606364779364270
6925.640509853687945 83.220433247212114
5498.200103961789864 74.149848981382220
2931.748506701158476 54.145623153687673
4688.911707774361275 68.475628567939125
895.480705250622350 29.924583627021818
7771.733293027073159 88.157434700807130
3037.466092591609140 55.113211597507267
9161.964756656823738 95.718152701861229
4921.830347210589935 70.155757762357538
3313.681453449654327 57.564585062776700
6652.145995999162551 81.560689035828787
9147.175849654247941 95.640869138952553
6525.946542329173099 80.783330844482848
5308.670813839663424 72.860625950095042
665.124327806522842 25.790004416566564
8900.697249300879776 94.343506662095621
1764.440170346633749 42.005239796323430
8857.030545132431143 94.111798118686650
8618.853270720635919 92.837779328895166
7607.217738300595556 87.219365615100614
2388.533445124767695 48.872624700590492
5819.879092108286386 76.288132052818582
6652.099864860136222 81.560406232804752
1866.070573597309021 43.198039001756882
8677.725922999708928 93.154312422988284
3314.424496724252549 57.571038697632098
8295.140597865956806 91.077662452798805
3438.544646103868672 58.639105092965636
3490.411185695402764 59.079701977036095
2299.458132408758956 47.952665540184093
7119.701191340259356 84.378321809219813
8414.275926127191269 91.729362399000635
528.258278517102099 22.983869963892115
1180.481443630352032 34.358135042961109
7566.271491308200893 86.984317502111850
4813.025527382136715 69.375972262607874
6874.973802732271906 82.915461783266167
9116.804397490021074 95.481958492115254
3996.986003067758247 63.221720975213557
641.182292714172604 25.321577611084436
1365.849575051726788 36.957402168601178
1449.684995202980872 38.074729089029390
4186.593596261011953 64.703891662410939
510.773476700394838 22.600298155121646
766.865479113433935 27.692336107909600
1339.594080352836727 36.600465575629457
6878.740747054333042 82.938174244760972
6045.855700662765230 77.755100801572922
4787.122639051129227 69.189035540691918
7918.580130546234614 88.986404189326777
5598.183007245232147 74.821006457045414
5565.227736013776848 74.600453993348978
8022.455544402907435 89.568161443689959
9749.879564993743770 98.741478442414177
730.655732344138414 27.030644319811142
3929.324900648490711 62.684327392486956
6280.734346510270370 79.251084197695803
7890.990427692076082 88.831246910600527
9111.213997835138798 95.452679364359071
5284.344234109134050 72.693495129269536
6580.066849887358330 81.117611219064869
6770.792789406402335 82.284827212593711
6821.368180641244180 82.591574513634527
1403.934514924505493 37.469114146514130
4861.319208815171805 69.723161207845209
8342.889818279603787 91.339420943421814
641.050274068613476 25.318970636039165
813.713463958346438 28.525663251857026
5732.272241117222620 75.711770822753991
4942.431395195832010 70.302428088906225
8642.760958048793327 92.966450712333824
3861.070951466758288 62.137516457183565
8982.082744736655513 94.773850532394505
8030.619835996007168 89.613725712058240
6859.959427265304839 82.824872032894234
4856.309779287758829 69.687228236512311
8836.574001552120535 94.003053150161676
3598.192047955927137 59.984931840887569
2683.762778797590727 51.805045881628082
2481.863778333028677 49.818307662274407
5240.455584269661813 72.390991043566061
1275.152350508698646 35.709275412820951
5169.825767832921883 71.901500456060873
1768.082771646669926 42.048576333172925
3478.675181444637019 58.980294857220215
7383.586591283590678 85.927798710798996
9645.498075806372071 98.211496658010319
1932.222621292214399 43.957054283609750
825.908383425431566 28.738621808037898
9441.188130046873994 97.165776537044536
7777.497811310857287 88.190123093863846
4737.048301503408766 68.826218125823303
8346.894070762706178 91.361337943151355
5706.523066154901244 75.541532061210546
3890.217312974380548 62.371606624924937
2992.832797352658417 54.706789316799231
2760.243064904760104 52.538015426020422
2733.845398699000725 52.286187456143722
8066.070011678441006 89.811302249095803
5997.698099432769595 77.444806794469883
4059.529610040497118 63.714438003018572
3128.441879227558729 55.932476069163599
2476.760346868412853 49.767060862265240
2335.319052608366746 48.325138930047231
2187.984440099233780 46.775895930481482
7735.624215342268144 87.952397439423265
4793.977561523338409 69.238555455203851
3392.369502760097021 58.244051222078440
171.214891052535847 13.084910815612609
3687.419879299611694 60.724129300465165
7750.794893701657202 88.038598885384687
6864.562522055062800 82.852655491873421
51.687610437831424 7.189409602869447
8894.881019650994858 94.312676876711521
4921.232083202165995 70.151493805920950
9505.428423447372552 97.495786695874060
7184.537194732756689 84.761649315788787
1426.063294398154312 37.763253228478000
3446.534193922243048 58.707190308532418
2240.515567630970054 47.334084628637008
7137.391397352249442 84.483083498131450
7072.736701041772903 84.099564214339267
8287.293722014050218 91.034574322144493
9081.010484561131307 95.294336057087520
4020.799546455729796 63.409774849432559
92.068035577830358 9.595208990836539
2691.433616135418106 51.879028673785115
2963.104333998262518 54.434403955570808
8743.505625914724078 93.506714336002219
8233.084054515415119 90.736343625448200
3157.174634035088729 56.188741167916270
5250.547170776834719 72.460659469651773
6958.271307666484063 83.416253258381744
3507.732746643748214 59.226115410718506
2205.044348904728395 46.957899749719729
5624.990562056636918 74.999937080351188
5220.897619262055741 72.255779140924474
564.543696752038159 23.760128298307613
410.994080602623455 20.272988941017637
3241.278533325447370 56.932227545788578
5878.514877162345329 76.671473685865365
5763.563047347120119 75.918133850530864
5945.879754200218485 77.109530890806354
5747.483006567564189 75.812156060671199
2204.164479355356434 46.948530108570559
273.453464463395903 16.536428407107621
7831.277738219008825 88.494506825107564
7192.472508700951039 84.808445975038069
3715.988694236694755 60.958909883926687
9675.208048055830659 98.362635426547158
982.545361517459810 31.345579616868786
7436.717929469924456 86.236407215687763
896.090575570697979 29.934772014677144
28.026217764766940 5.293979388396497
2158.035366889409033 46.454659259211112
6442.117319665761897 80.262801593675775
7609.270750884614245 87.231134068545813
7681.672736543162500 87.645152384733535
5021.461423773094793 70.862270805930962
5713.436363173625978 75.587276463526763
2022.870901556595754 44.976337129168222
1326.306488583524242 36.418491025624938
9081.928515117688221 95.299152751310899
5213.945243086373921 72.207653632328856
9643.428450372841326 98.200959518595553
4570.479880606109873 67.605324351016250
2589.948639041361275 50.891537990528064
9461.265067510814333 97.269034474034001
2905.582711772622588 53.903457326711639
2278.818741844330816 47.736974577829407
2152.460775381817712 46.394620112485214
8512.708052979147396 92.264337926303611
8002.520588106572177 89.456808506153251
7475.639162020715958 86.461778619345537
8593.241809033717800 92.699740069936112
3577.631971470758344 59.813309317164169
5649.376068091136403 75.162331443956262
828.102719942271165 28.776773966903782
1354.486015257856707 36.803342446819372
7461.854275700730796 86.382025188697270
4595.554834553846376 67.790521716194561
107.974090896064169 10.391058218298276
8724.181208604846688 93.403325468662231
3873.019253625354850 62.233586218579390
3876.377639581645326 62.260562474022393
5966.274654759066834 77.241663982329300
1555.209558877330437 39.436145334925044
57.631790779203186 7.591560496973147
8733.161073815621421 93.451383477269189
5141.245303871393844 71.702477668985708
9250.899875380326193 96.181598423920605
5255.873373494250700 72.497402529292387
5896.427942938617889 76.788201847280021
3961.820690044437470 62.942995559827288
284.819690960272851 16.876601878348403
5750.481517380196237 75.831929405628316
8700.046491147570123 93.274039749265555
9670.265432316686201 98.337507759332027
9609.491520960356866 98.028013960093858
8623.930594244742679 92.865120439510235
721.573842285751311 26.862126540647360
1039.607103374624558 32.242938814174870
8695.711140510704354 93.250796996651474
7137.917960773019331 84.486199824427061
4539.489865068958352 67.375736471440206
3075.682745565984987 55.458838299823633
9965.590823653865300 99.827805864167246
6864.917639942637834 82.854798532991666
9443.950240962221869 97.179988891552270
3467.028285395870171 58.881476589805985
2813.509174781814181 53.042522326731543
4907.913151705258315 70.056499710628259
2387.247016275051010 48.859461890968987
5416.664554143405439 73.597992867627894
1797.577223677454867 42.397844564051304
2341.964523276128148 48.393847989967981
2172.594493265840811 46.611098391540196
4390.258281637891741 66.259024152472179
3625.975972045118851 60.216077355180808
2464.417211095772018 49.642896884607488
3259.650103667222538 57.093345528767387
749.532363121547291 27.377588701738276
3533.244819921902490 59.441103791247876
1218.584673603955480 34.908232175290053
645.798061644369795 25.412557164606039
6878.292840965900723 82.935473959976264
9234.624415742802739 96.096953207387401
7357.475838334404216 85.775729891003579
353.782898631447324 18.809117433613075
2671.598875571459303 51.687511795127641
6155.323774952473286 78.455871513561519
6214.372772570439338 78.831293104771788
3939.458641082870599 62.765106875419804
3538.989669743922605 59.489408046676026
9086.214958666483653 95.321639508909428
9790.409462300201994 98.946497978959329
5520.519334311758939 74.300197404258341
356.638588049959651 18.884877231529984
6596.132736629306237 81.216579198026466
3293.281948444649515 57.387123542173200
307.231074031182800 17.528008273365881
3076.417601073008427 55.465463137640960
9504.002900414003307 97.488475731308895
4391.106880894095411 66.265427493483330
9102.502863229101422 95.407037807643420
9389.524874015260139 96.899560752437154
6802.163390499234993 82.475228950874907
5681.712971287275650 75.377138253500149
5301.687323721868779 72.812686557507746
3906.958165934629051 62.505665070732825
7181.735337008928582 84.745119841846517
8167.282947023672932 90.373021123694173
5586.757861894057896 74.744617611531453
5185.562614777983981 72.010850673894865
6834.758826918369778 82.672600218684124
6385.196383287981007 79.907423830880575
9347.017898938565850 96.679976721855724
2335.870132397511952 48.330840385798297
4547.566666921866272 67.435648339152678
575.334318957437404 23.986127635728060
2283.659138353255457 47.787646294343219
2755.176687238148133 52.489776978361682
7205.534885515331553 84.885422102474891
9361.666884282180035 96.755707243976985
1236.053977405591695 35.157559320942511
2189.966029547735616 46.797072873714392
5527.485156203314546 74.347058826851480
9900.079138440078168 99.499141395491847
6892.026613867667038 83.018230611520906
2852.032196098652548 53.404421128766600
8307.794628484134591 91.147104334060629
5763.658953518583075 75.918765489953685
6819.089835173253960 82.577780517359841
7844.031682215177170 88.566538163209117
1547.200282028061338 39.334466845605796
7842.391352283957531 88.557277240687327
5481.415113172667589 74.036579561542865
8929.675992528289498 94.496962874625183
8408.810858130045744 91.699568472976168
3599.541708271005518 59.996180780704748
5666.258917987369387 75.274556909937161
7743.341821763088774 87.996260271463171
2258.255334574712833 47.521104096755927
9710.742214690544643 98.543098260053426
1597.969089594296292 39.974605558958253
2825.092690192261671 53.151601012502546
8438.010673365257389 91.858645066021182
1200.221497879897470 34.644213050376791
5651.274817825457831 75.174961375616661
5132.385344933565648 71.640668233438234
6962.471329418659479 83.441424540923677
5309.859433115871070 72.868782294723928
243.009026111024582 15.588746778077594
1077.759941757318074 32.829254358838519
9541.291686299306093 97.679535657676553
5404.886101914070423 73.517930478993151
6886.344939872386021 82.984004120507379
5215.543858254462975 72.218722352686797
9539.842733731618864 97.672118507441098
4446.247900262349503 66.680191213450712
9869.992923728341339 99.347838042547963
800.777370045401540 28.298010001507201
8251.435679089707264 90.837413432405199
5251.518172904317908 72.467359362021170
4630.113407561068016 68.044936678352997
12.869717352569690 3.587438829104922
7064.087005722851245 84.048123154076748
6325.534157201832386 79.533226749590838
2265.510887086289131 47.597383195783877
9571.712867488402480 97.835131049579545
5021.834626730298623 70.864904055041933
6601.421956364245489 81.249135111484392
3604.740322453653789 60.039489691815781
3266.050051200827966 57.149366148723189
9165.140713923949079 95.734741415663464
7541.298607050972350 86.840650659993173
9972.058636756739361 99.860195457232805
2972.763693823879294 54.523056534129481
6955.404091196628542 83.399065289705902
3216.178249575456448 56.711359087712367
9641.801778492024823 98.192676806837412
5437.409752625977490 73.738794081717785
818.807870216276910 28.614819066635331
3117.440478123878620 55.834044078177598
675.114612950102924 25.982967747162810
1695.735780098192208 41.179312525808299
5175.713068466348886 71.942428847421809
1577.963742377726021 39.723591760787770
5017.534170293240095 70.834554917026480
7446.374371848616647 86.292377252273084
104.966527515829270 10.245317345784331
8050.682240013695264 89.725594119034369
6304.000912041293304 79.397738708613687
6591.109167832841194 81.185646316530864
255.935528932153375 15.997985152266937
7533.106045675694986 86.793467759248415
8550.990097754056478 92.471563725039587
742.260091597302903 27.244450656919160
4437.285688855211447 66.612954362160011
8251.276523054501013 90.836537379264414
9334.744921523644734 96.616483694676262
7471.236011542272536 86.436311880726791
9402.500299103530779 96.966490599090619
6835.423850113282242 82.676622149875485
9411.867471577073957 97.014779655354957
4048.934571770033017 63.631238961456916
8946.736632362741148 94.587190635744861
66.607975085756863 8.161370907253074
5925.046202495766920 76.974321708578685
1150.346958176123280 33.916765149054577
7735.345965142036221 87.950815602483388
3889.657047162160325 62.367115110145669
1193.119281564013363 34.541558759905627
5925.515204175641884 76.977368129701873
6947.362484597700131 83.350839735408186
4113.458575793130876 64.136250091450862
2455.801432826675409 49.556043353224595
3895.520936755911407 62.414108475215052
9848.464643033214088 99.239430888297690
4626.435688603086419 68.017907117192948
7686.725459899202178 87.673972534037730
1465.868108191164538 38.286657051656583
2339.679707816847895 48.370235763502826
2876.779740482429133 53.635620071762283
9712.339955245666715 98.551204737667547
9409.360416019893819 97.001857796744773
5147.180900677216414 71.743856187670985
2264.509922246232236 47.586867119471442
755.237327251721354 27.481581600259496
4336.719246271361044 65.853771693589124
7446.434705626035793 86.292726840829616
4022.000065046434884 63.419240495660581
3711.756058499518076 60.924182871003843
743.748347141552131 27.271749983115349
5073.768932692683848 71.230393321198804
8211.846302074483901 90.619238035168252
460.633034591909563 21.462363210790873
4003.654831739624569 63.274440588120768
9195.096075445313545 95.891063584910313
8721.318364529042810 93.387999039111250
1284.526851876101546 35.840296481420204
4284.388070549534859 65.455237151426886
9089.156682459921285 95.337068774217727
4780.371002516978479 69.140227093328079
2251.472518601964111 47.449684072730811
543.760379300615455 23.318670187225845
1328.889302226481050 36.453933974627226
7452.530784507851422 86.328041704349175
8513.852618519376847 92.270540361045775
6829.071366013728948 82.638195563635875
5377.947060095820234 73.334487521873498
5624.332877778531838 74.995552386648455
7253.038193296873942 85.164770846265270
507.334269570836739 22.524081991744673
9055.058975408763217 95.158073621783473
4472.607468423786486 66.877555789844678
7341.783898109501934 85.684210319693690
5650.277270735327875 75.168326246733258
3183.930662079804733 56.426329510963271
6872.498695378337288 82.900534952304966
4498.723084520311204 67.072521083677117
3684.658228112097277 60.701385718219790
9330.587728057098502 96.594967405435256
7609.302721497075254 87.231317320656544
4132.923122795484232 64.287814730285277
7286.016221353529545 85.358164350889894
851.353425252578518 29.177961293630137
7514.858764515105577 86.688285047722019
3259.855617618963606 57.095145306925737
1748.268583970611189 41.812301825785809
9003.209711805557163 94.885244963616742
5364.772248131846936 73.244605590663440
4865.150437174395847 69.750630371161492
7843.850820041018778 88.565517104802240
315.605515483685394 17.765289625662888
52.467045879355005 7.243413965759172
5047.675044003834046 71.046991801228529
4152.814964302030603 64.442338290149209
1969.903999869397694 44.383600573515864
7971.740143374863692 89.284601938827407
9590.846292539326896 97.932866253057895
444.240925660432879 21.077023643304880
6025.789784407764273 77.625960763186470
6553.486725428121645 80.953608476880888
3748.756347994435146 61.227088351435064
3843.616105524469276 61.996903999510081
8806.041433256430537 93.840510619116046
1610.383949020417276 40.129589444952181
5992.567549272797805 77.411675794241773
1570.905330970868363 39.634648112111051
2420.688913645270077 49.200497087379816
328.777208372233872 18.132214657129833
6783.050246388184860 82.359275411990993
4768.112394814374056 69.051519858829863
3561.966803827998774 59.682215138414549
7797.232323646946497 88.301938391220759
2834.094016486554665 53.236209636736483
5760.312822328564835 75.896724714104522
7046.632385194595372 83.944221869016062
8324.400387007004610 91.238152036343905
90.289945594676354 9.502102167135247
9365.360118697473808 96.774790718954662
3708.158546352620306 60.894651212997523
1061.291058477118213 32.577462431520324
5323.329091992077338 72.961147825346586
4743.795259198606800 68.875215129962442
4178.357609866458915 64.640216660113836
9256.137004405727566 96.208819784912279
1283.988596806552323 35.832786617936264
123.414394474263915 11.109203143082041
4185.732073085867341 64.697233890529404
9509.141346121026800 97.514826288729182
9217.678745343620903 96.008743067199987
1662.305906006015903 40.771385873011674
8783.272441387274739 93.719114599889792
2582.005820840819979 50.813441340267637
8868.600517249460609 94.173247354274991
2675.858253991792481 51.728698553044929
5112.298400085302092 71.500338461333882
3596.040884397524678 59.966998294041069
8980.816741609112796 94.767171222998485
5579.518183340145697 74.696172481193074
7687.740515956194940 87.679761153621968
4693.445240826048575 68.508723830079106
8783.341189989499981 93.719481379217527
9571.117887538730429 97.832090274810810
1292.479655089194239 35.951073072847130
1581.376655253083072 39.766526819085961
5440.243821158964238 73.758008522186685
7503.332490006874650 86.621778381691485
5804.777719665024961 76.189091867963782
1560.592347433202576 39.504333274125798
1527.746372932791473 39.086396264337182
233.702392076864413 15.287327826564864
9308.997531666103896 96.483146360730302
3742.244791091394291 61.173889782254278
4829.391253492493888 69.493821692956956
9967.607837726403886 99.837907819256728
4445.312742536651967 66.673178584320183
1601.994232866112043 40.024920148154102
3073.501317534253303 55.439167720432579
6636.912485502870368 81.467247931318198
4811.833121207094337 69.367377932332815
9111.763290161921759 95.455556622765144
5476.890676036770856 74.006017836637923
8493.793151641544682 92.161777064255574
610.731291502467116 24.712978199773232
492.271511547931880 22.187192511625529
9541.298779207218104 97.679571964701083
2774.630359321959077 52.674760173369172
504.027264643404749 22.450551544302975
9898.288655805212329 99.490143510828304
7299.355824575340193 85.436267618473011
5825.739900758107069 76.326534709484264
2938.551476917165473 54.208407806512504
4129.640001466683316 64.262275103412605
2309.243794990383776 48.054591820037174
5828.397251599798437 76.343940503485925
6182.326967039939518 78.627774781179838
8039.058127843536568 89.660794820498538
2992.957214003799436 54.707926427564402
8819.065240790279859 93.909878291851058
55.860750991761293 7.474005016840790
2525.225001567206618 50.251616905003232
3110.345307703398248 55.770469853708406
6796.985387228572108 82.443831711223680
8043.287602982069984 89.684377697467852
6686.961327060408621 81.773842560200194
1689.833121886318850 41.107579859270707
148.410666450632249 12.182391655608198
2382.875791941966781 48.814708766333602
9742.961801661776917 98.706442553978093
6244.142296324684139 79.019885448693756
2155.792158009260675 46.430508913959372
5472.188062967025871 73.974239184779904
9945.527605442153799 99.727266108332444
5138.448217986810960 71.682970209016943
8407.520352096380520 91.692531604795278
1553.451984323354964 39.413855232942574
612.475734410896735 24.748247097742027
949.934266243527304 30.821003654059147
4621.804182560785193 67.983852366284637
5177.636339490049068 71.955794342707719
2379.279008275042997 48.777853666136672
2849.787714360339123 53.383402985950035
8973.572102083049685 94.728940150743000
2080.688260959695072 45.614561939798293
9958.740634738584049 99.793489941671965
1800.456195613034424 42.431782847448616
8816.869347420213671 93.898186070979108
2918.687443342597362 54.024878003958484
1079.266864966662752 32.852197262385097
4330.956644172666529 65.810004134422201
4718.136877074173753 68.688695409609963
9138.908500550896861 95.597638572042655
3360.498799403613248 57.969809378706891
3638.009068068340184 60.315910571492992
2105.120733727036622 45.881594716476855
9292.395788271278434 96.397073546198897
3171.322120492990962 56.314492987977715
1776.803549411898985 42.152147625143598
7699.992084257545685 87.749598769780974
9606.093468149974797 98.010680377956646
9141.854143790738817 95.613043795241339
6300.176559421189268 79.373651543954992
110.499919830823671 10.511894207554777
8649.676542133891417 93.003637252173590
7405.526197374351796 86.055367045724410
5422.017117353821050 73.634347402240351
8614.759497497252596 92.815728718236400
4548.889922509768439 67.445458872408665
5220.066854561692708 72.250030135368746
9293.957635529330219 96.405174319272561
6649.879811602697373 81.546795225825377
5153.212998472974505 71.785883002669649
589.892478232783105 24.287702201583070
4221.185221997313420 64.970648927014068
5068.784263016054865 71.195394956528304
4324.286890000726089 65.759310291400766
8221.237948566726118 90.671042502922205
1532.562624503966617 39.147958114108157
311.615483495493322 17.652633896829485
3005.457799852502376 54.822055779152450
4772.961766340359645 69.086625090102345
9025.643094970006132 95.003384650074480
6959.847685891997571 83.425701590648899
2459.358013089937231 49.591914795558530
5891.386305880088912 76.755366625924523
1271.872547445742612 35.663322159408295
7741.328120865274286 87.984817558856562
392.123800145503992 19.802116052217855
4460.208183087949692 66.784790057976153
5667.427940483585189 75.282321566776787
8586.460315638838438 92.663155113771296
7632.796964406338702 87.365879863974001
1391.876732046206826 37.307864211801338
3949.067248763666157 62.841604441354505
3.427750598520747 1.851418536830813
2462.132855244674374 49.619883668189651
6346.783420571072384 79.666702081679475
8897.313757139989320 94.325573187444718
5653.491174376542403 75.189701252076688
9962.809419867286124 99.813873884682408
1591.132833301189066 39.889006421584241
7510.390348931676272 86.662508323563287
160.437069864363934 12.666375561476295
7455.536884952504806 86.345450864260968
4968.965609622026932 70.490890259820290
425.945484996182245 20.638446768014841
156.805673494528008 12.522207213368098
4663.670777218984767 68.291073920527751
8976.652818129821753 94.745199446356239
5498.492822928060377 74.151822788978421
3257.223546920210538 57.072090788056911
498.891064977026247 22.335869469913774
2009.692282456103612 44.829591593679545
2561.399405187633420 50.610269760075703
4202.574567708463292 64.827267162116769
5422.499251114903018 73.637621166866211
6268.321377034366378 79.172731271785537
7868.072794432634510 88.702157777771305
4329.134159807058495 65.796156117261575
1773.381851384104948 42.111540596184618
958.169397760916695 30.954311456740832
5949.694796296708773 77.134264735568124
1663.868237423743949 40.790541028818730
4188.157859434311831 64.715978393549079
6849.666589003574700 82.762712552233168
1935.517017481169205 43.994511219937074
3499.470730609603379 59.156324519104494
2851.375722470955679 53.398274527094557
4569.286877588214338 67.596500483295841
8324.776056524417072 91.240210743533567
5205.675099097709790 72.150364511190858
8004.360114887238524 89.467089563074751
4439.717155003876542 66.631202563092586
5848.830913234590298 76.477649762754808
9866.595037374969252 99.330735612774802
517.751769990523712 22.754159399778398
1734.970341808395233 41.652975185554219
7832.151418945575642 88.499443043137717
7168.437926869740295 84.666628177043521
7719.599094850891561 87.861249108187010
7129.950078502029100 84.439031724090896
307.285674040201854 17.529565711682700
2904.983501927679299 53.897898863756083
7982.562494506932126 89.345187304672052
6627.949867271239782 81.412221854407335
5825.824995787414082 76.327092148118766
7161.684937094774796 84.626738901453450
2489.358840820152182 49.893474932301039
6252.754658254757487 79.074361573488261
3753.321947381133214 61.264361152150549
6160.914678399951299 78.491494306070848
2941.510235893133540 54.235691531436508
3519.494943456773399 59.325331380926762
6817.424947768015045 82.567699179328088
8849.243818062403079 94.070419463625242
4087.038882781372649 63.929952938989189
9449.077579868177054 97.206365943122151
5240.395500690851804 72.390576048895014
4794.407191263343520 69.241657918216717
3440.929358179233077 58.659435372148216
28.051795288457420 5.296394555587548
8979.207279058075073 94.758679175356150
3466.545555446634353 58.877377280638399
1352.898013051324369 36.781761962300344
452.076851308731364 21.262098939397571
8888.301490731051672 94.277788957585614
7739.849623581050764 87.976415155319046
7313.057590080188675 85.516417079296474
1226.837165342682283 35.026235386388336
1512.143877195663663 38.886294207543919
5136.014654036268439 71.665993707170969
6707.445840972165570 81.898997802001006
2034.814839075837654 45.108921945396098
4822.523228358853885 69.444389466384209
6705.376209428362017 81.886361559348586
7223.062516149579096 84.988602272008094
8273.597117245948539 90.959315725471185
3611.073312612238624 60.092206754389032
6754.525403846289009 82.185919742047602
7880.752852111325410 88.773604478534750
353.552243962084333 18.802984974787496
53.963521185133253 7.345986740059721
3806.722764029528207 61.698644750347057
4811.699480507711996 69.366414643599043
9482.965217542619939 97.380517648771104
1351.606654195907595 36.764203434807449
1498.384156208098602 38.708967387520154
562.382056812088422 23.714595860188897
9357.675344843481071 96.735078150810835
8570.289953893196071 92.575860535526189
8386.907101029953992 91.580058424473364
4902.101182579912347 70.015006838390818
6261.407647036088747 79.129056907283356
3427.593309190280706 58.545651496847150
6421.651263696684509 80.135206143721149
135.159919859365829 11.625829856804453
5012.819850730326834 70.801270120883615
1283.919589491177476 35.831823697534254
9716.914804840398574 98.574412525971454
5989.158485166080936 77.389653605414722
4432.549453868064120 66.577394465900085
9698.308332284490461 98.479989501850028
9392.097416600696306 96.912834117059518
3257.498483220127582 57.074499412786160
7107.994866939247004 84.308925191460290
5781.866104826640367 76.038583001175397
5976.067314735020773 77.305027745516142
7841.167277502534489 88.550365767186605
992.093267175447750 31.497512079138055
6668.312891185558328 81.659738495696629
7784.106397850010580 88.227582976357283
1742.439190264934268 41.742534545292457
6332.615907670478009 79.577734999624596
9334.252235299580207 96.613933960374368
7625.045894742042947 87.321508774997938
9147.942764012233965 95.644878399275697
9901.824738409199199 99.507912943691068
9824.754072632869793 99.119897460766524
6525.217851091292687 80.778820560164732
2685.303401746173677 51.819913177717439
8899.572949446925122 94.337547930009947
7276.720634624287413 85.303696488629896
2890.472309026339644 53.763112903052217
5922.633156234762282 76.958645753643310
3761.577933623301305 61.331704147392657
3254.061783072610979 57.044384325475988
7274.200991754220922 85.288926548258431
4105.220718017128092 64.071996363599666
9790.839628307357998 98.948671685411512
1225.647854379300952 35.009253839225153
7843.077566324411237 88.561151563901944
2162.311086975377748 46.500656844558421
835.547719643673872 28.905842309880434
3413.423156920960537 58.424508187240740
5074.787936759667900 71.237545836164713
5198.014178604938024 72.097255000484850
7345.041937365127524 85.703220110828553
8499.035656671434481 92.190214538590993
9922.748698677945868 99.612994627598397
4699.040884433093197 68.549550577907468
9543.163565413962715 97.689116924117826
8011.298485705494386 89.505857270379209
7247.014107472588876 85.129396259298048
9348.571047129642466 96.688008807347160
6689.729813985489272 81.790768513234354
7544.179683485140231 86.857237369635129
8969.944787338126844 94.709792457475729
6415.173281417854014 80.094776867270525
4339.872381147982196 65.877707770899121
1863.812306026720080 43.171892546270428
7887.560038995863579 88.811936354275389
7213.379679959200985 84.931617669506338
6283.922953494547983 79.271198764081703
8529.643439141513227 92.356068772666546
2145.115684895853519 46.315393606185118
4731.306053435150716 68.784489919131843
9934.761559775386559 99.673274049643751
371.405855050855621 19.271892876696249
9038.969932148347652 95.073497527693533
2924.210850004761596 54.075972945521393
8420.785527535177607 91.764838187266349
964.152957912621787 31.050812516142340
837.271133219963417 28.935637771094029
3754.094772782280415 61.270668127435009
6501.052234037410926 80.629102897386943
621.329149197667903 24.926474865043954
8343.448937773009675 91.342481561281275
7608.252783513587929 87.225298987814242
2634.343005086968333 51.325851235873024
2966.251050965160630 54.463300037411990
7650.687739751508161 87.468209880799023
5554.059242377556075 74.525561000086114
309.060229004499831 17.580108901952222
2242.727032390424029 47.357439039610490
8604.660350717345864 92.761308478898385
4878.659244046426466 69.847399694236486
4403.951257151669779 66.362272844980751
696.451599926394579 26.390369454147372
7672.433268470639632 87.592427004111713
6076.318355073321982 77.950743133554042
6553.178037688250697 80.951701882593241
5567.870812479860433 74.618166772441285
4345.602634085163118 65.921185017300488
5548.400931151700206 74.487589108197753
9584.748631765962273 97.901729462588975
1844.756958636185573 42.950633972459421
942.675995562511503 30.703029094252436
2346.346454007524244 48.439100466539678
9419.238368869298938 97.052760748313077
3917.186585303266838 62.587431528249077
5016.395743205094732 70.826518643832088
5430.204315456782751 73.689920039695949
7276.215539775214893 85.300735868896325
1892.940653895092964 43.507937826275942
9247.223314324726744 96.162483923434124
3556.581605829287582 59.637082472479214
45.284155826925435 6.729350327254886
4397.001881418593257 66.309892786963488
4384.600568254060818 66.216316480562867
4997.338267040103347 70.691854318868337
18.528035470358812 4.304420456967327
7861.134091494362110 88.663036782496690
8258.240903846826768 90.874863982549243
2862.289483996803483 53.500369008043329
3351.040329477593787 57.888170894212870
7982.548823076266672 89.345110795590074
8803.014021196357135 93.824378608101412
701.998865655617919 26.495261192440015
492.375215887816182 22.189529420152564
5272.238732639669252 72.610183394890754
330.612869310374720 18.182762972397093
4681.204198578388969 68.419326206696809
2072.369523506086352 45.523285508694187
5656.433810332371650 75.209266784967213
8291.056339087410379 91.055237845427712
8965.919165197459733 94.688537665323878
1934.062475668237767 43.977977166625543
3479.998478112594057 58.991511915805262
8866.831807650114570 94.163856163870619
8587.628909566827133 92.669460501110223
4082.730049765299100 63.896244410491754
4568.264257852699302 67.588935913007973
581.217402383111107 24.108450849922132
8879.048088956784341 94.228700983069828
4406.646172145569835 66.382574310925676
6549.651613054021254 80.929917910832089
1247.744807925947725 35.323431429094590
8494.011305608048133 92.162960594850944
6224.197283082710783 78.893582014525819
7663.515254818668836 87.541505897595044
4315.621802354949068 65.693392379713117
8825.731231862964705 93.945363014163533
7650.308974175700314 87.466044692644587
9592.981365251753232 97.943766341976826
5244.636690905645992 72.419863924931846
310.092543519228741 17.609444724897738
762.067711046325144 27.605573912641720
503.032637969046959 22.428389107759099
3146.493021738699554 56.093609455433509
1299.796250372865870 36.052687144966960
2272.470126543638344 47.670432414061850
178.644512563658623 13.365796368479456
3266.010362087560225 57.149018907480468
8199.508341335327714 90.551136609847845
499.354658710463241 22.346244845845202
4724.810338464609231 68.737255825822785
7647.516040969092501 87.450077421172665
2495.787358788932124 49.957855826575788
3574.205787767692527 59.784661810264453
2105.849622799197277 45.889537182229212
2799.649709180124319 52.911716180635494
8195.801685093207197 90.530667097361032
3943.014590830576253 62.793427927057593
3517.208580325015191 59.306058546534814
787.094551557382943 28.055205427110721
4423.940551946868254 66.512709702333339
990.332934057770899 31.469555669849722
4841.892288170811298 69.583707059704793
7649.165344910466047 87.459506886961506
5925.365013695996822 76.976392573931378
2624.491901911642344 51.229795060215125
9401.280062919147895 96.960198344058412
4026.591420943083449 63.455428616810110
6106.993708762552160 78.147256565810110
9979.421696356457687 99.897055493925635
6678.706427505039755 81.723353011884186
5036.893391604111457 70.971074330350334
989.309648890145581 31.453293132677626
4486.884562689568156 66.984211294077113
4906.863420951494845 70.049007280271255
8188.003713071473612 90.487588723932049
4218.691510408479189 64.951455029186832
9198.293086679028420 95.907732152725984
4028.833671353633235 63.473094074210948
1197.850117509032771 34.609971359552333
2044.510140867253540 45.216259695680861
9884.920148472667279 99.422935726484496
7702.969295750130186 87.766561375902896
6737.280235132532653 82.080937099502790
4958.001844089795668 70.413080063932696
5266.232102936829506 72.568809435850810
3099.014030428430488 55.668788656018286
4315.561541805093839 65.692933728104222
9685.156761956808623 98.413194044075254
2415.436183706796783 49.147087235224802
4287.051745885889432 65.475581294753610
8842.028584799994860 94.032061472670023
2312.347692992965221 48.086876515250658
7244.296174293134754 85.113431221477228
3934.601791532134030 62.726404261141369
3408.716198712284040 58.384211895959375
8381.575803256857398 91.550946490229464
7156.460170974731227 84.595863793537390
9278.160225856825491 96.323207099103726
248.905665991470443 15.776744467458121
4489.040134594609299 67.000299511230608
6835.080870015077380 82.674547897252381
3358.265609536477314 57.950544514581374
6941.633686169039720 83.316467076857265
9514.175545920263176 97.540635357374327
8411.904489710801499 91.716435221342977
6964.299895094712156 83.452381003148815
9844.062905814620535 99.217251049475365
8404.379042111406307 91.675400419694952
159.356746904999113 12.623658221965577
2525.398205820878047 50.253340245409341
6929.495605347252422 83.243591977684702
2694.595158330741015 51.909490060399754
3291.675565142914820 57.373125809414596
7816.928874513150731 88.413397596253205
5171.910820304238769 71.915998361312063
5579.523853281214542 74.696210434540887
1757.293808845092144 41.920088368765306
2118.965126062561012 46.032218348267349
4625.057529371257260 68.007775506711411
367.500966657763911 19.170314725057697
7842.418467386434713 88.557430334142126
5249.524402204854596 72.453601720030832
1426.983613839598092 37.775436646577603
3187.042387090692046 56.453896119671775
8596.535427854032605 92.717503352139673
8699.821884816339661 93.272835728395975
494.335681090980131 22.233660991635634
4561.658894736285220 67.540054003060177
4545.517804417463594 67.420455385717048
6717.108272304351885 81.957966496883955
1680.838850389560321 40.998034713746463
3.364348689500324 1.834216096729151
7200.892972816638576 84.858075472029412
2572.108235689615412 50.715956420929452
7708.786751255447598 87.799696760612150
826.679831635107007 28.752040477766219
1130.105365740602565 33.617039812282734
9772.888952241073639 98.857923062550100
9351.918967612575216 96.705320265291377
5598.137396295473081 74.820701655995407
715.243003630440626 26.744027438485038
8773.973682142432153 93.669491736330201
9018.273638751674298 94.964591499946309
1468.257133619246588 38.317843540826338
8913.091640756287234 94.409171380519425
2509.773590805998083 50.097640571248441
5694.899689877946912 75.464559164404761
2894.718726024902026 53.802590328207266
847.258540343433197 29.107705858473857
8307.791027989032955 91.147084583046507
3464.539680622272044 58.860340473210584
6929.111598924918326 83.241285423309733
703.981343568154443 26.532646750148288
5959.002605727229820 77.194576271440397
9937.737650501328972 99.688202163051017
9829.348295541974949 99.143069831138348
7679.534569323016512 87.632953672251716
4044.099197409699627 63.593232323964315
7831.196305272136669 88.494046722206889
9694.360537248627224 98.459943821071860
8013.567297778586180 89.518530471509564
5713.646903324141931 75.588669146401443
8386.163261254390818 91.575997189516812
4497.166392482527044 67.060915535671953
9992.133157859620042 99.960658050353089
8418.036969924251025 91.749860871416317
2732.070791815756820 52.269214570488401
1753.982291145284535 41.880571762396997
5877.829855393712933 76.667006302540031
7538.236589426316641 86.823018776280279
2018.437869851874893 44.927028277551088
4244.436208432622152 65.149337743622709
1957.075607995270275 44.238847272451281
6727.159931558253447 82.019265612161234
3799.752644194140885 61.642133676521460
1016.376276306456816 31.880656773448955
1576.582377539622712 39.706200744211507
9006.055336061503112 94.900238861983397
3029.646911708769494 55.042228440614295
7719.954550423335604 87.863271908251491
3846.119429871200282 62.017089821042070
2808.434368234876274 52.994663582618166
9979.223765898244892 99.896064816879772
3475.103525225918474 58.950008695723859
6804.418668211277691 82.488900272771716
789.028005276082013 28.089642313067678
2821.308793377890197 53.115993762499542
5326.630233128849795 72.983766915176759
1014.668038051435701 31.853854367272977
2320.287205252056538 48.169359610151105
4327.963143135581049 65.787256692581281
2468.565100492332931 49.684656590262684
381.918877609819560 19.542744884222881
1470.385254194371555 38.345602801290937
4024.055277999254940 63.435441812911300
402.654881390379501 20.066262267556944
7242.970187278449885 85.105641336391145
6822.994116331257828 82.601417156918430
6433.992201322757865 80.212169907831054
1537.382597662065564 39.209470764881097
3460.281970457263924 58.824161451373570
2241.485026320146972 47.344324119371976
6729.156495196214564 82.031436018127920
8149.988657978135961 90.277287608667862
2578.378005975212545 50.777731398470458
1042.236100694814468 32.283681647154410
2397.846796682397780 48.967813885065340
6400.325183813914009 80.002032373021081
3069.906955654623289 55.406741066901084
1850.146673599483165 43.013331347379768
221.512608569786096 14.883299653295506
3797.795830159693651 61.626259258206595
9353.795590348132464 96.715022568100210
6192.326313160536301 78.691335693077008
9181.394482702804453 95.819593417540673
2468.580001952469956 49.684806550418109
8752.877486927149221 93.556814219634205
3976.127100898788740 63.056538922611260
5519.030892311737261 74.290180322245391
9465.100049816011961 97.288745751068305
4335.405691231868332 65.843797667144543
1689.455928337932392 41.102991720043107
6261.964158712094104 79.132573310313205
5693.901516507839915 75.457945350425760
2548.229294119469159 50.479989046348543
5723.022230105238123 75.650659151822580
7146.672011015962198 84.537991524615506
7958.121174912746937 89.208302163603292
4871.990573241633683 69.799645939228327
9363.584922487256335 96.765618493797973
4479.727102684561032 66.930763499937470
7715.345121646467305 87.837037300027760
4811.096212229667799 69.362066089683836
8632.310940360835957 92.910230547345193
1159.856777957781105 34.056670094972311
9368.865271700304220 96.792898870218281
6196.814709950269389 78.719849529519990
7786.749530944285652 88.242560768283951
7364.552929042686628 85.816973432082108
5999.541404904753108 77.456706648971036
8363.281812688199352 91.450980381230465
3852.383917443526570 62.067575411349253
1923.068727314372381 43.852807519181397
1554.993712599899254 39.433408584598659
5816.958689308698013 76.268989040819847
1061.835960928202894 32.585824539639979
3068.499060271763938 55.394034518815872
3806.427408273284527 61.696251168715953
2156.530429088878009 46.438458513271925
643.207768921523325 25.361541138533426
3881.934872531152450 62.305175327023619
8664.650982382201619 93.084107034349330
1522.785380128779707 39.022882775735312
8028.164451108711546 89.600024838772853
6548.143706984964410 80.920601251998647
4141.566254609239877 64.355001783926937
591.045832448523242 24.311434191518263
5866.094942331576021 76.590436363370955
7284.616007441788497 85.349961965086948
1103.328809536107201 33.216393686493227
6536.467005963954762 80.848419934863017
3924.340362268370427 62.644555727280647
8620.787319185214074 92.848195023841001
4263.016723820710467 65.291781441623343
3850.608255723167076 62.053269500673103
1451.041281077874828 38.092535765919742
3612.711600995524350 60.105836663301879
2683.395298903179082 51.801499002472688
8921.722467793269971 94.454870005697799
1663.221738720832946 40.782615643443386
9778.091446350234037 98.884232546701980
8725.800371922936392 93.411992655776999
8673.984015891350282 93.134225802823693
3188.184896045715959 56.464014168722684
7721.757576203429380 87.873531715775655
2572.087789918580711 50.715754849145057
7246.198734263379265 85.124607101961885
4618.530439146854405 67.959770740835012
9026.198699584310816 95.006308735706128
1670.050093746957373 40.866246386803830
9924.362423312666579 99.621094268797648
7692.064628004591214 87.704416240030866
2208.940016071574519 46.999361868769817
1837.414350068508838 42.865071445974621
3336.517261628384858 57.762593965544731
309.027666372937972 17.579182756116335
5851.749420325657411 76.496728167456013
6737.394348082361830 82.081632221114859
5286.335565089708325 72.707190600997009
2346.742267213926880 48.443185972992396
1517.080963909297225 38.949723540858379
8451.849022210184557 91.933938359074901
6349.308448141021472 79.682547952114462
1217.701406149552440 34.895578604596203
2058.903098519872401 45.375137449046612
7739.858670670967513 87.976466573004444
9939.721641197067584 99.698152646862354
4831.217257247067209 69.506958336896503
440.123844611985476 20.979128785819146
5666.224901108416816 75.274330957560935
6618.293394153313784 81.352894196539282
8060.498196139931679 89.780277322694502
6307.651371589638075 79.420723816832833
2685.124514607124638 51.818187102668155
381.248358581852642 19.525582157309746
4680.455398239257192 68.413853847296579
1916.636704825288916 43.779409598866096
8906.098790034140620 94.372129307513987
1.575366860745266 1.255136192110349
8012.763629123487590 89.514041519325261
4190.936154483390965 64.737440129212644
9005.676201605847382 94.898241298803043
6289.079508948126204 79.303716867169129
4115.032457296887515 64.148518745929650
7534.424149849343848 86.801060764539869
5277.696939480683795 72.647759356229869
8882.801294125813001 94.248614282257819
3409.512211557928367 58.391028519438912
3133.156289324561840 55.974603967554444
9874.199898741224388 99.369008743879618
7524.774043566456385 86.745455463479217
9422.990578777162227 97.072089597253253
7091.035874923570191 84.208288635523104
1893.944254830203135 43.519469836272165
7758.025824160135016 88.079656131027974
3674.215519672809933 60.615307634893760
2855.157448620248942 53.433673358849745
8343.723473229132651 91.343984329725473
3454.205492755993873 58.772489250975184
5699.313789010568144 75.493799672625883
6390.822155981088144 79.942617895469795
3428.457705733747844 58.553033275260368
9837.096044477206306 99.182135712421555
149.526675941600047 12.228110072353783
9762.595166202190740 98.805845809861836
9867.277393962660426 99.334170324026260
4851.424698279970471 69.652169372389039
3115.431965765594214 55.816054731283131
5294.513301446562764 72.763406334823017
4872.929875319998246 69.806374173996446
5816.681561377076832 76.267172239287049
3128.077163931642190 55.929215656324395
9147.655964262159614 95.643379092659416
3976.676195627512243 63.060892759518651
4782.372848994866217 69.154702291274930
3925.833484592511923 62.656472008823734
5888.060586293891902 76.733699156849539
2262.440608138828338 47.565119658619892
545.875008037048474 23.363968156908800
3730.928129492104745 61.081323900944589
3121.082672723655833 55.866650809974779
2585.526304582215289 50.848070804920567
9610.501021003125061 98.033162863406204
8258.530899675146429 90.876459546326657
6293.038905548181901 79.328676438903116
2063.043576808453054 45.420739500898186
8145.250045872303417 90.251039029322556
8741.114096838849946 93.493925454217873
7513.728161373862349 86.681763718638436
9369.458013418250630 96.795960728835425
9154.947348624324150 95.681489059401272
4024.543644751856391 63.439291017096465
4903.422448357866415 70.024441792547449
123.536930827956041 11.114716857750180
4454.927219606941435 66.745241175734336
821.604978007075601 28.663652558721047
2142.453979528450418 46.286650122129714
1456.114897909810452 38.159073598684373
8422.056547840149506 91.771763347121919
5703.542498608663664 75.521801478835656
8242.224735371743009 90.786699110451977
8489.273458072430003 92.137253367312994
2726.562473806902744 52.216496184701086
7817.825222606455100 88.418466524852462
9396.937947804075520 96.937804533649697
2285.605614445848460 47.808007848537763
2754.045019449487427 52.478995983626511
339.501505363806530 18.425566622598247
3285.867676684636535 57.322488402760712
5990.126595876813553 77.395908133936985
4822.792927381731715 69.446331273737798
9997.954826083123407 99.989773607520107
4419.606332671845848 66.480119830456431
3856.395516792705621 62.099883387915519
3622.505770895366823 60.187255884409339
384.996064302905040 19.621316579243736
7462.412860664120672 86.385258352708078
7192.125784698312600 84.806401790774686
2309.261657946382456 48.054777680750774
6946.239163088250280 83.344100949546814
2434.307525648173851 49.338702107454893
7893.999974819353156 88.848184983258676
7633.514910243579834 87.369988613044811
7374.736154110695679 85.876284002690142
2903.896437989747938 53.887813445989323
7802.445863157776330 88.331454551353204
6160.463276772877180 78.488618772232684
618.553075649358789 24.870727284286616
6836.969353304782999 82.685968297558105
112.657695077034276 10.614032931785838
8663.647013442465322 93.078714072780713
9972.634177442536384 99.863077147875515
5528.869689748805285 74.356369530449811
3662.789005748664295 60.520979880936032
6424.816924779568581 80.154955709423035
8395.962310139038891 91.629483847389636
1665.415777264501457 40.809505966925173
2166.302464443816916 46.543554488713227
9897.774388235648075 99.487558962091583
5488.020008990969473 74.081171757680565
7642.174926123597288 87.419534007701031
6811.782437685043078 82.533523114459641
5964.858624787499139 77.232497206729619
8186.223304138986350 90.477750326469689
6914.393106053812517 83.152829813866305
9073.851602157734305 95.256766700102389
9264.392055916961908 96.251711963564375
1490.248963484912565 38.603742868858099
1684.863894623046235 41.047093619683309
3506.130384867231896 59.212586372047895
6760.903498949633104 82.224713431848656
7041.717720833290514 83.914943370256111
9053.141302024452671 95.147996836635784
5407.226991496998380 73.533849290629405
8615.641113104353281 92.820477875867212
2954.725552836573115 54.357387288542235
4620.002574137497504 67.970600807536613
266.049965560412375 16.311038150909106
4875.595353970374163 69.825463507021382
7619.852089016133505 87.291764153419038
6359.615772591484529 79.747199152017146
4837.616344939285227 69.552975097685689
3852.428852892736359 62.067937398408340
8999.981906349616111 94.868234443092788
8415.107207527893479 91.733893450174094
3214.144683433419686 56.693427162532871
7032.695035309087871 83.861165239394850
7232.913222151180889 85.046535626980017
1518.502813566641180 38.967971637828946
7682.643224990185445 87.650688673792999
4833.638532897134610 69.524373660588523
6786.174472759794298 82.378240286860915
9876.520732945904456 99.380685915050435
7664.016778978305410 87.544370344290584
4758.551820462026626 68.982257287378090
3277.096658486158049 57.245931370588757
9520.863109026719030 97.574910243498138
7196.715837336613731 84.833459421012734
3295.019658301815070 57.402261787335654
7234.411928075522155 85.055346263921123
2793.148739427322653 52.850248243762515
8233.768867647968364 90.740117189961623
2123.232520813671727 46.078547294957900
9624.612459155965553 98.105109240833968
198.061100367050187 14.073418219006006
3037.562023988148667 55.114081902796393
4978.767324641644336 70.560380700798689
5670.899810123602947 75.305377033274340
3214.952595219623618 56.700551983376876
1217.657675234871704 34.894952002186102
7586.176955431863462 87.098662190827383
9462.387397627990140 97.274803508555024
4344.135962928221488 65.910059648950565
892.815471676898142 29.880017933008308
8678.330847460792938 93.157559260968156
467.767356997503157 21.627930021097793
2138.844108555723778 46.247638951147806
6463.752728174159529 80.397467175117896
6502.123830098928011 80.635747842374030
1804.239754458443713 42.476343468552514
1445.287981438305678 38.016943346859250
8575.753306924259959 92.605363272999796
8088.869819786787048 89.938144409292690
4447.579852826718707 66.690178083633270
590.406118876306891 24.298273989654223
8632.400960926066546 92.910714995236503
6854.541559194794900 82.792158802599147
9225.988480636064196 96.052009248302895
1966.042119538072939 44.340073517508664
3015.531709114863133 54.913857168431207
9031.414453545648939 95.033754285230941
8013.357441681643650 89.517358326090275
2922.760865195511087 54.062564360151391
4929.970872460114151 70.213751305995004
1647.053909939450477 40.583911959537005
3026.500932742262194 55.013643150969941
7074.625910427065719 84.110795445216581
4388.414689797926258 66.245110685981388
4487.010478800177225 66.985151181438539
4166.691613420171052 64.549915673222770
8722.450550224984909 93.394060572527763
7913.778200949720485 88.959418843367672
1289.520673790924548 35.909896599557683
477.606358069239889 21.854206873488682
1502.142027633768066 38.757477054547401
2461.882775076318012 49.617363644961209
5216.578635642450536 72.225886188003614
1121.535716930510489 33.489337361770993
5144.286021514533786 71.723678248640695
4477.444943720628544 66.913712673267710
1171.306368456665041 34.224353441031795
1533.307003477598528 39.157464211534418
6067.646597750077490 77.895099959818253
5126.152796782998848 71.597156345646852
988.332500319000246 31.437755968246211
9273.425215004619531 96.298625197894808
373.945569887082627 19.337672297540948
3314.184199865981554 57.568951700252292
5869.969419738629767 76.615725668681293
5785.377220836909146 76.061667223621313
1455.906751569255221 38.156346150663524
1113.194295776986337 33.364566470688423
1333.323486991776690 36.514702340177671
7115.218137441265753 84.351752426616869
7.130438132190006 2.670288024200762
6851.992547601922524 82.776763331275049
8242.552665096180135 90.788505137468704
3713.623839997561845 60.939509679661533
985.838573046981082 31.398066390256918
861.637106767197793 29.353655764950261
6882.616988513225806 82.961539212536465
302.291380014036406 17.386528693618988
2686.943855088106829 51.835739167953484
9300.052521646643072 96.436779921597562
4354.986402549736340 65.992320784692339
3735.378657176876004 61.117744208837387
3214.676374603667682 56.698116146867420
6663.725095298132146 81.631642733061128
235.750120217817710 15.354156447614363
448.063100782084575 21.167501051897567
6395.835763197411325 79.973969284995547
2800.859663681996153 52.923148656159867
857.219880244338583 29.278317578787526
3883.758090866080693 62.319804964923314
5852.143905786570940 76.499306570625663
3357.128270239936228 57.940730667121692
104.175402391480162 10.206635213990953
2373.867890324866494 48.722355139349190
3681.269006570058536 60.673462127770975
4176.116557806256424 64.622879522706640
3284.677735815687356 57.312108108284477
578.346586080880570 24.048837520364277
6291.353222739018747 79.318051052323639
2397.218201321863489 48.961395009965386
8480.323823038223054 92.088673695727763
5192.564653563861611 72.059452215263619
6761.498691084903840 82.228332654170387
3431.606566654073049 58.579916069025508
9710.707310091642285 98.542921156679952
934.880454504405066 30.575814862475948
6009.766857989280652 77.522686086005052
8538.997678897785590 92.406697153928107
8628.602372428944363 92.890270601548707
7408.027879713084985 86.069901125266114
3837.275616749790061 61.945747366141205
8414.809655301021849 91.732271613108011
5973.326891817029718 77.287300973814766
4644.366942518370706 68.149592387030239
8166.151693667758991 90.366762106804288
7575.820281902622810 87.039188196482058
4608.853302125620758 67.888535866710370
1410.526155051059959 37.556972123043408
5338.786120541416494 73.066997478625169
2241.607639204302814 47.345619007510109
9539.397731231827493 97.669840438242900
6488.373496491252808 80.550440697064175
1595.782501527090517 39.947246482418414
7130.334958308235400 84.441310733006958
8188.244902622365771 90.488921435844105
1145.572860323077975 33.846312359296661
649.788706737811140 25.490953429360211
881.710169237059404 29.693604854194774
70.561179105299516 8.400070184546051
8158.375677479946717 90.323727101354422
5120.981657171663755 71.561034489250247
1529.166071652123719 39.104553080838599
4152.297813685752772 64.438325658615256
3740.992846138531149 61.163656252210195
9223.294042550438462 96.037982291124990
2040.350716054707618 45.170241487673138
4606.930676232010228 67.874374223502130
7102.639602553315854 84.277159435717309
6838.085032052357747 82.692714504074402
8508.279315235788090 92.240334535580416
3302.822864348424901 57.470191093717659
4630.119129681376762 68.044978724968217
3382.676780317533940 58.160783869524437
6161.864313030221638 78.497543356656848
8710.825748122158984 93.331804590515446
1861.826029395233263 43.148882133784568
3540.291749159668143 59.500350832240208
2012.039155382172339 44.855759444938307
3438.173157305496716 58.635937421563376
6945.091967645769728 83.337218381979667
6073.001512317349807 77.929464981593128
8488.772794710344897 92.134536384085337
3856.513234928573638 62.100831193540188
5596.185741022053662 74.807658304628504
7510.538736919308576 86.663364444956258
5233.994825996394866 72.346353232187141
9715.360340555644143 98.566527485529505
2489.027706662560377 49.890156410484025
2237.140608829522535 47.298420785788636
1189.394272546122011 34.487595922970947
8942.482394004997332 94.564699513111108
4833.176789099855341 69.521052848039176
8134.867308323217003 90.193499257558557
2276.266719006173389 47.710237046216541
4323.796034305741159 65.755577971041674
8838.531572293739373 94.013464845700369
8560.090541208601280 92.520757353194000
6133.470191662656362 78.316474586530362
1617.357134975745339 40.216378939130578
4074.122442058249817 63.828852739636872
5220.661344884611026 72.254144136406538
7306.929057849464698 85.480577079529965
9213.671809491655949 95.987873241840589
3307.149302376733431 57.507819488976743
5805.608632447053424 76.194544637047699
4893.451092521934697 69.953206449182403
7405.261215308423743 86.053827429745525
8037.812100795018523 89.653845989979814
7758.297512278582872 88.081198403964635
4871.673307902051420 69.797373216347125
5531.078834875640496 74.371223163772427
7428.527874151991455 86.188908069147686
5695.232115509188588 75.466761660410398
6163.356802378501925 78.507049380157582
6025.726915348310285 77.625555813458178
7153.402322476613335 84.577788588237595
5162.208711187176050 71.848512240596719
7696.330081832786163 87.728730082184512
5529.073747719838138 74.357741679799815
7835.218846987111647 88.516771557638222
4668.022068926190514 68.322924914893619
5985.006270389983001 77.362822275237491
3738.385101767384640 61.142334775238872
8121.128193995658876 90.117302411887906
7329.322291923088414 85.611461218245125
9222.304467578458571 96.032830154996773
4416.391219005495259 66.455934415261183
2792.388380974622123 52.843054235865495
8029.586693200203626 89.607961103911990
7691.906796442755876 87.703516442858529
1444.867721727292064 38.011415676442411
3395.542403165747146 58.271282834392338
6733.388142330103619 82.057224802756423
9616.182208270751289 98.062134426447969
3634.758612651493422 60.288959293153283
1150.132725265308636 33.913606786440582
6558.268482830780158 80.983137027598403
8568.856287034612251 92.568117011391195
2937.499179356611876 54.198700901005111
9702.409388031803246 98.500809072980729
4209.248056748860108 64.878718057224745
3912.117157235442846 62.546919646257905
544.230939032803690 23.328757768745504
1949.560811691361323 44.153831223251302
7896.362405836251128 88.861478751122817
1362.111961347901115 36.906801017534711
6908.234165498996845 83.115787703053130
5907.651843013497455 76.861250594909635
2572.671865296818396 50.721512845111576
1732.595330685742283 41.624455920597235
5559.307932528940000 74.560766710978370
6247.702853335953478 79.042411737850927
1608.426450226887482 40.105192310059898
5598.189976372964338 74.821053029030296
9545.170184895510829 97.699386819444840
3616.367110603174297 60.136237915280120
1394.142751434068714 37.338221053420163
4615.826152646330229 67.939871597216978
4036.001776036117917 63.529534675110895
9444.580249904163793 97.183230291569146
1111.033715100321615 33.332172372954055
5453.666862239116199 73.848946250025236
6205.809308794390745 78.776959250750409
1311.127260393463757 36.209491302605507
7811.909478758522710 88.385007092597576
2554.457457693265951 50.541640829055659
9880.150369943650730 99.398945517262163
9875.100643519153891 99.373540962970395
1899.929799259075480 43.588184170243608
6398.190410363911724 79.988689265194935
4643.736044982368185 68.144963460129375
2977.016203113609208 54.562039946409712
6396.902031774196075 79.980635354904479
608.682450692737575 24.671490645940661
3433.865050992344095 58.599189849283277
243.207768439669849 15.595120020046972
5766.559191437071604 75.937864016820171
2828.190694609405455 53.180736123237381
540.186847992287312 23.241920058211356
7891.660930191343141 88.835020854341806
7203.660935850194619 84.874383272281833
9832.438262903646319 99.158651982081963
3995.665650056073900 63.211277870772982
9770.467691076910342 98.845676137486720
9114.557334946526680 95.470190818634734
9606.724602072614289 98.013900045211003
6845.407631124242471 82.736978619745614
4077.592730381459205 63.856031276469565
6752.552615790496930 82.173916882369042
9821.014143620508548 99.101029982642004
1373.395672116724199 37.059353368842316
6465.633453750943772 80.409162747481361
7906.569281775146919 88.918891591017641
864.022854026214304 29.394265665707898
7917.249089562596055 88.978924974190349
5022.906302331742154 70.872465050481651
2517.072729173119114 50.170436804687270
8961.777043476557083 94.666662788315065
9771.700659246498617 98.851912774849723
3571.183253276321921 59.759377952555042
5563.967441396242975 74.592006551615455
1215.677744589057284 34.866570588302160
9365.855740720471658 96.777351383061060
8827.937241741688922 93.957103200033202
8332.030049297234655 91.279954257751655
4118.827269779583730 64.178090262795948
3297.296869651146153 57.422093915592683
2591.332602007194055 50.905133356147829
1293.050716593611696 35.959014399641319
8272.626074645717381 90.953977783523669
156.410195532637545 12.506406179739948
9802.360025263407806 99.006868576192261
3148.025485463267614 56.107267670625944
4052.954485918493447 63.662818708556202
5318.473561489236090 72.927865466426724
9119.691809746611398 95.497077493222861
1432.925467395454234 37.854001999728567
525.105051168833370 22.915170764557558
187.237258663424456 13.683466617177990
890.644050938905366 29.843660146485139
9854.376930503201947 99.269214414657284
588.054078356426089 24.249826357242767
701.860961206609204 26.492658628507051
2521.543412447190349 50.214971994886049
1054.204358741335000 32.468513343566180
1678.534510077446612 40.969922016980291
8530.117287092014521 92.358634069003074
7771.037005613141446 88.153485498947461
9691.653941740783921 98.446198208670225
7521.302528607707245 86.725443375100184
5924.126223919224685 76.968345596870051
6810.216508069685005 82.524035941473954
5107.157732948308876 71.464380868711856
8798.075032800006738 93.798054525667041
8289.217054257585914 91.045137455317104
1086.550286541439164 32.962862232237043
7968.416154591834129 89.265985428895789
2553.997573533224113 50.537091067187710
7603.478121646478940 87.197924984752234
2782.943786348247613 52.753613964810484
6376.619564770604484 79.853738577292702
5017.280058288646615 70.832761193452328
3268.101981532153332 57.167315675411537
8569.698820119332595 92.572667781150898
9635.990667027521340 98.163081996377443
5188.636930139661672 72.032193706284289
6786.208870188524088 82.378449063990786
8430.999896980903941 91.820476458036879
2446.186390741837840 49.458936409326860
450.328883134394346 21.220953869569442
5886.588333836476522 76.724105298377225
5876.466768830321598 76.658116131498574
3875.864597708984093 62.256442218528548
4509.041484302222671 67.149396753077554
1291.650852782161110 35.939544415339505
4954.579242358201554 70.388772132764203
8323.220581052604757 91.231686277590001
3370.535781781828064 58.056315606330273
4754.108854434944078 68.950046080005947
5661.855611507796311 75.245302919901889
5636.739490493635458 75.078222478250211
4756.592816777328153 68.968056495578651
4125.618237531064551 64.230975685653917
5143.930521395432152 71.721199943917782
4047.117009011141363 63.616955357916503
844.691915647594783 29.063584012430312
6429.639191703321558 80.185030970271015
939.773196145354632 30.655720447338286
8771.661633449870351 93.657149398483568
6125.937153708518053 78.268366238912378
2319.865241977446203 48.164979414274086
3784.255804533048376 61.516305192469488
2760.747987231640309 52.542820510814231
8440.968210197946973 91.874741959898572
3329.063387960919044 57.698036257405839
1886.523986743573005 43.434133889644592
3200.014129991447589 56.568667387445565
4956.778755707472556 70.404394434633645
8082.500192643188711 89.902726280370317
4267.088865647471721 65.322958182001159
6844.889086685853727 82.733844868263276
7755.967069123821602 88.067968462567720
2956.011290279077912 54.369212706080987
6927.281374910821796 83.230291210056578
2996.359229552947454 54.739010125804683
9764.777938926599745 98.816890959625923
3270.877439890881305 57.191585394102177
6075.144718476642993 77.943214704531158
4123.183409000790562 64.212019194234898
7248.998644696913288 85.141051465770104
4686.159799020431819 68.455531544356816
2469.904403638262920 49.698132798308059
1808.454150046783980 42.525923270950670
7188.110599823821758 84.782725833885650
9525.909774836865836 97.600767286107271
6865.214982355468237 82.856592871994607
7684.661168838407320 87.662199201471140
6070.914688511942586 77.916074647738398
1983.433224600684525 44.535752206521501
8299.711376134126112 91.102751748419351
431.605002144592731 20.775105346173163
6297.173355811126385 79.354731149510712
5217.862763259434359 72.234775304277335
2656.390879516621226 51.540187034164141
2293.787979462203566 47.893506652386641
7785.155474264058284 88.233528061979129
5142.970138565609886 71.714504380673304
873.910503990821553 29.561977335604965
2285.147281008823484 47.803214128433076
5945.962790762564509 77.110069321474256
5217.283375413161593 72.230764743377605
4705.423687886423068 68.596090908202797
1207.617135671240021 34.750786115874270
1641.220593197062726 40.511980859951329
5341.895472516416703 73.088271784988990
5055.344786339125676 71.100947858232701
5076.263680316383216 71.247902988904755
4508.197719550337752 67.143113716525974
6283.696129223454591 79.269768065911833
9538.230703329387325 97.663865904076246
3390.350572097926943 58.226716995705047
7624.137949971678609 87.316309759240738
6053.024376224433581 77.801184928151528
2785.415048826997008 52.777031451446724
3427.034235888208514 58.540876623844717
2676.015611700886438 51.730219521097013
2455.168637519082040 49.549658298711627
4913.028010712901050 70.092995446855468
3275.407584119667263 57.231176679495832
9093.156362575868116 95.358042988391219
7638.143258373094795 87.396471658603559
9974.539223782068802 99.872614984199089
1106.071551927478822 33.257654035236442
9630.773770677455104 98.136505800224285
382.063195421630326 19.546436898361563
6109.720793206217422 78.164702988025340
133.311318406448066 11.546052070142766
6402.720181194595170 80.016999326359368
5393.269306033376779 73.438881432340565
3579.255561394783399 59.826879923616133
8807.772533727549671 93.849733796785756
2710.638238898529835 52.063790093485608
3208.034723228589428 56.639515563152457
3229.014204404976226 56.824415565890128
2435.443764661689329 49.350215446963240
6640.326608829599536 81.488199199820329
8729.645725562932057 93.432573150710837
5280.937811601365865 72.670061315519519
1760.835081281842349 41.962305481012862
7939.546700155387953 89.104134023935089
7227.514251894802328 85.014788430571315
755.202109166378818 27.480940834810930
809.227419891519730 28.446922854528918
2175.417312984217006 46.641369115670450
7582.238477242298359 87.076049963479036
2757.519678437631228 52.512090783338948
9458.348911124179722 97.254043160807356
1405.439670910776840 37.489194055231124
5992.445757769567535 77.410889142094007
4071.626927376816184 63.809301260684684
4944.705444108669326 70.318599560206465
66.531966770315350 8.156712988104665
6910.376197355618388 83.128672534545018
3274.587812749583009 57.224014301249291
8965.941388558681865 94.688655015047516
2800.225669720756287 52.917158556755069
843.019299785330986 29.034794639971729
5446.908121508698969 73.803171486791129
6595.127606735008158 81.210391002229557
1867.353763982715691 43.212888864119186
2025.131760290266584 45.001463979411454
9757.809916034506386 98.781627421471981
3952.886754091638522 62.871987037882292
7744.065370076519685 88.000371420105495
8298.628779335285799 91.096809929521058
5290.772508057033519 72.737696609509385
9170.590173186234097 95.763198428134359
6903.460476761011705 83.087065640573755
7869.487168612518872 88.710130022520644
7561.020709828864710 86.954129918186553
6348.920914213923425 79.680116178466534
3060.895223746825195 55.325357872740646
1931.258308410781410 43.946084107810805
4447.320165684117455 66.688231088282123
8519.581049082242316 92.301576633783682
5029.757070391298839 70.920780243813581
7488.736389718763348 86.537485459878965
6574.042802580708667 81.080471154160847
9819.694949180891854 99.094373953221435
1255.026123610523427 35.426347872883021
6996.714942459104350 83.646368375794438
7252.917189492257421 85.164060433332196
5757.942981285596034 75.881110833234359
545.211448003527494 23.349763339347305
932.366627935699057 30.534679103204919
1713.876672747094972 41.398993619979400
2514.539645616165217 50.145185667381519
9530.398735797753034 97.623761122985599
2953.122163125357474 54.342636696477634
1743.028291334260302 41.749590313370263
9061.177024280344995 95.190214960784417
516.170599395277804 22.719388182679520
8407.465401116240173 91.692231956236299
1658.756488853107612 40.727834325594920
1865.791081198760139 43.194803868043664
5994.283056004688660 77.422755414701484
4650.961561328850621 68.197958630217443
6929.978421877441178 83.246491949375510
9552.108965199171507 97.734891237465305
6974.651258320334819 83.514377554528508
3768.322057405081978 61.386660256158926
8670.827190844016513 93.117276543314006
9148.584787106945441 95.648234626191325
661.220911179249924 25.714216129978567
6626.426481993370544 81.402865318079378
6663.535349554028471 81.630480517721011
4203.077232123862814 64.831143998265702
3297.144111292097023 57.420763764444104
3004.532248917942070 54.813613718837608
2713.089623735497753 52.087326901421022
181.933933219318789 13.488288743177126
1713.267229883600976 41.391632365534960
49.514779817733618 7.036673917251930
9161.740398214653396 95.716980720322837
8118.859290108742243 90.104712918408111
9616.221202601989717 98.062333250856256
9220.004744950343593 96.020855781180913
5482.145366727595501 74.041511105106409
8259.385294987561792 90.881160286318760
8800.463784695426511 93.810787144631860
5689.748816673421061 75.430423680855867
7556.663666193030622 86.929072617813148
2443.473641580591448 49.431504544982154
3098.370084232920362 55.663004628145259
5754.817768512076327 75.860515213858633
2756.716651162175367 52.504444108686414
3519.511931898183320 59.325474561087020
9720.178436940215761 98.590965290640170
2698.322748814687202 51.945382362772989
4699.604666140231529 68.553662674872683
8915.686322850940996 94.422912065085882
9019.269915236365705 94.969836870642069
9724.179869854644494 98.611256304007426
6554.127767823862996 80.957567699529264
5910.043787252340735 76.876809164092791
581.753831445664559 24.119573616580883
4566.340488249937152 67.574703020064675
8966.549695284265908 94.691867102113193
7043.884136264425251 83.927850778299003
3530.876970075539248 59.421182839754536
7420.617515479136273 86.143006190166915
5492.770225760152243 74.113225714174334
8125.065681006060913 90.139146218532943
429.134460520404218 20.715560830457964
9352.690927034984270 96.709311480513520
4204.205080092680873 64.839841764864616
1008.219494288997566 31.752472254755180
4516.659297963235076 67.206095690519291
1155.885980752096202 33.998323205006685
4462.977194352890365 66.805517693921743
4733.183855390507233 68.798138458758515
2834.827716994381262 53.243100182036557
6254.067606058803904 79.082663119414505
8370.274789009654341 91.489205860635025
6954.608033349431025 83.394292570591617
899.541913903582326 29.992364259984278
965.009746098569849 31.064606002628938
8236.319529465818050 90.754170865397796
1075.141784172428288 32.789354738579839
2989.835379898613610 54.679387157306486
6345.721643069755373 79.660037930381094
6564.441306279763921 81.021239846596799
39.358508787805086 6.273636010146356
6660.339484471804099 81.610902975471390
9534.493146079139478 97.644729228356923
9578.508927290213251 97.869857092417448
4106.046055287480158 64.078436741914047
9370.503455271415078 96.801360813117782
5735.721571563577527 75.734546750895504
2161.449096425746575 46.491387335997480
3129.793171023905415 55.944554435833211
5237.172067339791283 72.368308446030369
4846.969178675905823 69.620177956364813
8524.834128537509969 92.330028314397850
1801.145753907471772 42.439907562428452
1928.303261689789679 43.912449962280512
2445.352864218443756 49.450509241244866
8914.555280581773332 94.416922638803328
8070.494765128434665 89.835932483213170
1121.871352543917283 33.494348068650588
9280.222590920131552 96.333911946521368
778.172614557361044 27.895745456204626
3317.352915283976927 57.596466170104371
309.591085549072773 17.595200639636730
6226.502876972614104 78.908192711356747
5692.811875281441644 75.450724816143691
6656.284777048470460 81.586057491758183
8828.797857001154625 93.961682919162072
769.278481933024523 27.735869950896159
5292.271518645286051 72.748000100657649
2472.705087925300177 49.726301772053191
9840.284671077259190 99.198209011439616
7636.085191371561450 87.384696551350231
4455.131302014220637 66.746769974390673
9101.963135679992774 95.404209213640002
771.641847202679514 27.778442130592556
8142.561260765864063 90.236141654914874
4276.684123727226506 65.396361700993936
8888.780683376557135 94.280330310073467
9009.050826205355406 94.916019860745081
925.128794449463044 30.415929945498345
299.944071128884161 17.318893472993132
8064.849910096998428 89.804509408475695
3903.316733889203988 62.476529464185219
5827.746855679497457 76.339680741273057
4452.830467527929613 66.729532199228927
6288.001267239130357 79.296918396865394
6027.298938745886517 77.635680835205449
4258.090002320074746 65.254042038176266
8714.049187122418516 93.349071699307316
3063.913016066377622 55.352624292497438
3645.015434407460816 60.373963216004469
5163.558589350667717 71.857905545254155
2594.754777358428782 50.938735529638237
6407.857202568359753 80.049092453121290
8227.952345738074655 90.708061084658155
6663.847502647086912 81.632392483909769
462.103003388626860 21.496581202336031
8600.471978389114156 92.738729656972950
2424.234789299240674 49.236518858457494
1218.522650079971299 34.907343784366795
4681.612174917626362 68.422307582524766
3324.745575505299257 57.660606790991189
8131.151175738910752 90.172896015038305
8399.207209819367563 91.647188772047812
4145.828798484461004 64.388110691993916
3420.098118523523681 58.481604958512584
9210.634130887478022 95.972048695896234
9137.445227495307336 95.589984974867050
7794.229853759306934 88.284935599225008
4367.027368406683308 66.083487865023315
1098.196450098509558 33.139047211688350
2372.581812487842399 48.709155325132073
3212.198383632322475 56.676259435784246
632.814499663256356 25.155804492467666
4804.432050763704865 69.314010494009835
7196.233559365488873 84.830616874837645
6794.064929121757814 82.426118003468773
1070.030762056749381 32.711324675970388
6748.099431809439011 82.146816321811514
3558.431158310601404 59.652587188743134
5945.401905555208032 77.106432322830287
3376.239621044259820 58.105418172871452
852.925444250474129 29.204887335007374
7704.663983441817436 87.776215362943375
3283.828888061302678 57.304702146170364
7435.335885018641420 86.228393728624226
9931.245738500720108 99.655635758850693
3155.353289502567804 56.172531450011824
9082.049456801554697 95.299787286234562
6652.718741998292899 81.564200124799200
7484.624778294835778 86.513725953139001
1881.949427210553495 43.381441045803832
7898.088791834761651 88.871192136905435
379.683312936293191 19.485464144748853
7209.027860926474204 84.905994257923126
1380.484878954940541 37.154876920196365
1699.127372134948928 41.220472730609835
4597.465367123661053 67.804611695102722
6725.827940096564816 82.011145218784534
9753.964913710842666 98.762163370953161
4577.630384191383200 67.658187857726304
9386.383071950318481 96.883347753627504
8538.358331393023036 92.403237667264790
4312.108020759915235 65.666643136069595
3945.445432588212498 62.812780806044657
4019.999751830167042 63.403467979521174
2017.412602696237400 44.915616467952852
2853.225479485066444 53.415592100856344
9754.019489077705657 98.762439667505717
2806.563092256534674 52.977005316047588
7778.358886480548790 88.195004883953317
604.033316690760103 24.577089264002769
3918.715158434371006 62.599641839505530
7192.149094883716316 84.806539222419147
1497.492417769483382 38.697447173805706
2514.914911155814025 50.148927318097385
4922.027950251695984 70.157166064855389
8585.633066549322393 92.658691262877880
3434.742404427066504 58.606675425475778
7322.375050367916629 85.570877349527720
8986.613778547976835 94.797751969906841
293.022985338290255 17.117914164356890
8495.774721745399802 92.172526935879318
5439.449220193108886 73.752621785215936
7518.035973249558083 86.706608590404215
9253.196464012953584 96.193536498108614
9673.374739005845186 98.353315851606368
9079.039241596625288 95.283992577959424
1174.842608575919485 34.275977135246187
537.328601782938676 23.180349474995815
9031.031356003430119 95.031738677156852
9839.149463512145303 99.192486930775885
5036.506597731000511 70.968349267338894
5341.122481416043229 73.082983528425018
2105.214787949377751 45.882619671825381
2965.300238441969668 54.454570409121487
8766.708199118642369 93.630701156824856
877.918121414999632 29.629683113644663
1345.132984824424739 36.676054651835507
1143.167053134369553 33.810753513259201
6779.037582451042908 82.334911079389911
1398.781721815898663 37.400290397480852
608.500247053305770 24.667797774696179
9265.376550807084641 96.256825995910987
5919.209438607850643 76.936398658943290
1903.258138312909296 43.626346836664069
9985.136021113799870 99.925652467791267
503.495236474252749 22.438699527250968
9047.671200122305891 95.119247264275103
2899.667339161843756 53.848559304421912
1955.944732661507260 44.226063951718643
9426.713256227401871 97.091262512274511
1197.079927343522058 34.598842861337459
3742.282172017246467 61.174195311562919
4089.183397870358476 63.946723120660046
5935.238773198734634 77.040500862849626
748.944897467054147 27.366857646924942
5217.296877081317689 72.230858205349591
139.902298426178902 11.828030200594641
7741.834313874262989 87.987694104768210
458.988938072213273 21.424027120786914
4078.566666273947703 63.863656850151855
3870.302671610580546 62.211756699281374
8905.347751732031611 94.368150091712778
9967.407630452868034 99.836905152618129
6505.243316358066295 80.655088595562688
8554.909211108693853 92.492752208530874
7040.566829392503678 83.908085601999673
7258.748539355613502 85.198289533039414
5367.758311688903632 73.264986942528722
144.932585765294419 12.038795029623788
1425.924500267791245 37.761415496082655
1857.226925216858035 43.095555747859407
7038.682831365223137 83.896858292579836
2401.440065426361343 49.004490257795368
7276.805708132381369 85.304195137943722
4664.042472665882997 68.293795272088104
9184.468822785371231 95.835634410094926
3393.272797575736604 58.251805101436439
13.652458011258430 3.694923275422432
477.465167407475349 21.850976349066769
5425.728293106514684 73.659543123118240
4038.535444678193471 63.549472418566886
7101.072993271301129 84.267864534894329
9550.809878562162339 97.728245039815192
523.810983998925281 22.886917310964474
6501.450345007483520 80.631571639200260
4414.944157386696133 66.445046146320763
361.392539010278199 19.010327167365588
6903.635823452103068 83.088120832355472
4238.947260806772647 65.107198225747453
3284.633754260455134 57.311724404875960
8510.406239825308148 92.251863069670890
2750.234427671505273 52.442677541020970
6240.724025247106511 78.998253305039015
2703.368513326553966 51.993927658204029
8870.174043902054109 94.181601408672464
7838.427289763445515 88.534893063489079
7565.172304754182733 86.977998969591056
548.967038247766595 23.430045630509699
9572.510725468822784 97.839208528425985
3018.218748387751020 54.938317669799019
7648.051847322788490 87.453140865967697
8534.546217445998991 92.382607764914269
5080.116928513462881 71.274938993404007
6541.467034772021179 80.879336265649584
7506.571155330339025 86.640470655060156
5985.609376579198397 77.366720084149861
7522.915194270630309 86.734740411617253
500.927241183552212 22.381403914490086
2787.187746810905082 52.793822998632187
4746.695917157731856 68.896269254276262
9672.913327366699377 98.350970139428213
8612.654493360558263 92.804388330296959
1763.044626560881170 41.988624966303448
3507.137438870621736 59.221089477234557
2461.356803658874924 49.612063086097066
5211.173050066583528 72.188455102367882
6706.609491588002129 81.893891662247938
7151.784253499377883 84.568222480429242
1438.531869852096634 37.927982675751380
6513.953161731429645 80.709064929110838
8186.073670768037118 90.476923415686699
5573.412807550452271 74.655293231963483
2424.166680106819513 49.235827200391583
6618.681979141543707 81.355282429240845
4918.048844279103832 70.128801816936132
5481.474891897132693 74.036983271180986
5572.266384944621677 74.647614730442811
5310.416716213370819 72.872606075351598
9739.749349276256908 98.690168452973353
8347.570999401734298 91.365042545832239
5376.052484161444227 73.321569024138071
4424.785301693573274 66.519059687382637
2885.574344678609577 53.717542243466518
734.693279368369303 27.105226052707426
7438.177936388367925 86.244871942558817
7987.945656648152180 89.375307868830035
1799.901274601904106 42.425243365264322
4516.680566214457940 67.206253921896717
2467.758388981751523 49.676537610644239
4545.991235015086204 67.423966325150928
9748.929412806712207 98.736667012851470
2495.719065623091410 49.957172314124136
3782.603365240087442 61.502872821032412
9797.335863883494312 98.981492532106699
8325.191739623509420 91.242488675087714
9977.593252959150050 99.887903436598123
9817.436164033360910 99.082976156519237
130.287245935271898 11.414343867926526
7974.853153363749698 89.302033310354972
1905.234401379727160 43.648990840335898
2920.476964610465075 54.041437477277242
1760.586904994047018 41.959348243199003
6466.951407178263253 80.417357623701264
2468.331317727136138 49.682303868954548
8347.389430553845159 91.364048895360611
9473.233684131533664 97.330538291594451
7015.200700422667978 83.756794950754099
7422.522090322914664 86.154060207995499
2022.783091330339857 44.975360936076321
1635.814519305171189 40.445203909798394
8802.182031303715121 93.819944741529852
2709.485798711233201 52.052721338189734
195.731694222809523 13.990414369231868
5034.990829706549448 70.957669280399486
5577.683932157794516 74.683893391800311
8507.527209199881327 92.236257562847172
2117.601463264556060 46.017403917045954
2241.448691040078756 47.343940383538829
4625.605821408574229 68.011806485407917
3895.022023488244940 62.410111548436163
3256.984853439629660 57.069999592076655
8759.158319986125207 93.590375146091418
241.244278819406816 15.532040394597447
5558.732457917636566 74.556907513104619
73.367158612797525 8.565463128914718
9433.001150077898274 97.123638472196347
4052.429602749627065 63.658696206799796
9511.641008717600926 97.527642280112573
5792.425554821348669 76.107986143514196
9583.154685262354178 97.893588580980904
60.643163960648359 7.787372083100201
3801.211082821823766 61.653962425961105
4370.885167186276703 66.112670246982745
4943.450066612210321 70.309672639063038
4981.160969523937638 70.577340340394926
760.119455995975954 27.570263981252989
2829.995403580283437 53.197701111798843
1718.310617159647336 41.452510384289724
744.572084682888089 27.286848199872555
4347.845133949667797 65.938191770397125
7193.687738342481680 84.815610227967355
5259.055780921419682 72.519347631659102
9483.344159248164942 97.382463304478819
6810.067439026810462 82.523132750925129
1189.635453457141239 34.491092378426366
3050.211057630753203 55.228715878886348
1521.305287620579520 39.003913747476410
4878.778001557344396 69.848249810266140
6857.082112900967331 82.807500342064230
8226.476361583125254 90.699924815752325
6063.791901254089680 77.870353159941999
3555.407829106415193 59.627240663193660
7777.248747817056028 88.188710999861286
8394.349179925156932 91.620680961915781
1974.269581903182370 44.432753480998478
9216.299222938669118 96.001558440155904
2.422133755538471 1.556320582508138
8109.129904685020847 90.050707408021069
6888.210206875617587 82.995242073721414
9696.048235550451864 98.468513929836732
6291.941945681448487 79.321762119114879
194.671569163569472 13.952475377637098
3906.978522674954093 62.505827909683383
1189.639084694076701 34.491145018599724
4977.431277320323716 70.550912661143684
2881.024247535161066 53.675173474662948
3868.269298294643704 62.195412196516905
8623.381721271052811 92.862165176518758
9581.141879711518413 97.883307462056663
8758.278437430235499 93.585674317334679
6082.089817559308358 77.987754279497679
5143.803537813336334 71.720314680105361
7220.759382502878907 84.975051529863038
4238.469414112506456 65.103528430588966
7974.805767214003936 89.301767996014519
6743.409526526814261 82.118265486594481
4633.679125304905938 68.071132834006121
3847.473446937322933 62.028005343855149
1023.611345169502783 31.993926691944250
6907.636838254446957 83.112194281311375
8288.655832410391668 91.042055295398470
9445.973948610753723 97.190400496194854
3071.100067064946415 55.417506864392109
1465.493610908807341 38.281766036963440
9024.406691786531155 94.996877273869018
5588.897987473833382 74.758932492872276
1509.044238633358646 38.846418607554526
4800.871239946506648 69.288319650187120
6324.876307604916292 79.529090951707204
6374.758125113552524 79.842082419696141
6468.653040387282090 80.427936939767903
6915.864412671959144 83.161676345970562
2887.088075843561455 53.731630124569655
7094.739133773615322 84.230274449117260
7112.559035899908849 84.335988972086582
3189.874680881242966 56.478975565083005
4868.870746414688256 69.777293917252820
7025.248598950443920 83.816756075085863
7571.001288103453589 87.011500895591112
7361.439043793088786 85.798828918541119
1412.344169738715209 37.581167753792791
5900.841920878882775 76.816937721305209
3059.778218524943895 55.315262075894964
7839.885356010299802 88.543127096405968
7060.026049871363284 84.023961165082923
4523.160674541994013 67.254447247315881
1627.613396488047556 40.343690913054147
3679.413590195704273 60.658170020168797
7474.749186076353908 86.456631822413456
1227.281671659307449 35.032580145620265
2531.657888735331198 50.315582961298695
6152.384200738093568 78.437135342502742
4516.014025025008777 67.201294816580798
8583.500244628357905 92.647181525550778
5124.453640511354934 71.585289274482605
1903.904370981150578 43.633752657560301
8772.002078074920064 93.658966885583993
7984.127762287105725 89.353946540077942
9377.642880661411255 96.838230470519292
6034.489508330478202 77.681976727748619
6479.835425471464987 80.497424961743121
6166.225045504406808 78.525314679435738
1055.841095308572903 32.493708549634235
2874.853378230443013 53.617659201334433
5110.486534451185435 71.487667009430268
53.222204510947165 7.295354995539776
1779.029784287634811 42.178546493301958
874.873529331755435 29.578261093778913
2298.478257075389138 47.942447341321547
1201.427498638490988 34.661614195511596
4809.674337327959620 69.351815674342362
3519.671547667017421 59.326819800719285
8663.706846908264197 93.079035485485477
2283.308453340302094 47.783976951906190
1129.150351518215757 33.602832492488126
962.456160702315174 31.023477572675748
7703.640155319703808 87.770383133034713
5941.454313187444313 77.080829738576668
7212.011041116866181 84.923559988479440
5860.399922187696575 76.553248932933585
1951.646510172088938 44.177443454460885
1434.418805541299889 37.873721833763575
7556.552949481012547 86.928435793364031
6048.761042575435567 77.773781202764184
9820.210613464438211 99.096975803827831
4947.314394245654512 70.337148038896586
7007.681453943961060 83.711895534290477
6424.423093138140757 80.152498982490499
4214.605316562141525 64.919991655592057
830.379687372971034 28.816309398897200
7369.125630704063951 85.843611472864211
1041.177634035729852 32.267284268059029
4368.109002725377650 66.091671205420255
9269.612290752593253 96.278825765339462
7833.367730321766430 88.506314635294615
2379.900253686641918 48.784221359847919
9557.149017553454541 97.760672141477500
951.911767353819528 30.853067389707292
8047.288513180820701 89.706680426715266
8634.944049753667059 92.924399646990821
9530.345618911940619 97.623489073644265
2046.846538268228642 45.242088128956077
3084.436203137053781 55.537700736860309
1431.041128114740332 37.829104246793108
268.847335009131029 16.396564731953184
4165.632453887717929 64.541710961886636
5891.313671316641376 76.754893468212444
1494.531223403877902 38.659167391498201
8943.271077254859847 94.568869493374294
322.649885854835361 17.962457678581607
5951.380705739687073 77.145192369581181
9487.964607859097669 97.406183622289078
251.366005959822388 15.854526355581310
6844.784218847499687 82.733211099578980
3474.971578081508596 58.948889540698801
2449.811577844581279 49.495571295264199
9980.972345431098802 99.904816427593218
7827.090624719007792 88.470846185164348
4324.102032274973681 65.757904713235604
2485.170422299032907 49.851483651933897
7379.205618135992154 85.902302752231222
3118.645510824981102 55.844834235808968
7048.234422538161198 83.953763599603803
804.020007437184518 28.355246559273375
3859.915541185121583 62.128218557955783
2377.131874464771045 48.755839388372458
8238.747519939906852 90.767546622897697
8145.867549064091691 90.254459995415687
5066.877769818870547 71.182004536391574
1457.450965691372858 38.176576138928077
8808.451693859859006 93.853352065122635
1769.751467586241915 42.068414132056866
414.050288713597126 20.348225689568050
2908.377161142035220 53.929371970587930
475.293504142624442 21.801227124697004
9699.845712400590855 98.487794738234399
6887.592880166187570 82.991522941600408
619.042343790849145 24.880561565021981
9663.179101601579532 98.301470495621686
2606.584568642372687 51.054721315881970
3283.506986873255300 57.301893396931092
6242.049522637492373 79.006642269099700
1270.936319735302504 35.650193824652661
2161.588007348930660 46.492881254541871
3959.548361319043579 62.924942283001293
2128.201797503400485 46.132437584669212
4271.033444634229454 65.353144106723960
1392.724536170149804 37.319224753069960
6724.490671047056821 82.002991842048402
5831.217488706037329 76.362408871813599
2434.972972126830882 49.345445302751408
8436.772617632086622 91.851905900923398
6887.130523918441213 82.988737331751480
9591.034299600287341 97.933826125605279
9847.918638246163027 99.236679903381301
7134.215423790251407 84.464284900721509
1665.875106234027044 40.815133299231391
5046.024373585226385 71.035374100410181
5839.622022907269638 76.417419629998435
2826.275315354205759 53.162724867657090
4091.208737215958536 63.962557306724051
5954.384106712976973 77.164655812832976
6818.122342556293916 82.571922240894295
8680.861704312997972 93.171142014644204
7785.278955416936697 88.234227799742982
5575.169346589085762 74.667056635366890
5563.696174956849973 74.590188194941902
5160.875414880765675 71.839233117292991
7010.253901422957824 83.727259010569298
3893.168875948986170 62.395263249296306
1035.319144865106864 32.176375570674630
3965.372233397159107 62.971201619447911
7500.670991913410944 86.606414265419232
8214.693758393139433 90.634947776192490
914.156214057961733 30.235016356171560
4719.322120130533222 68.697322510637434
2541.165671513270354 50.409975912643226
6304.426054985214250 79.400415962293380
4838.581441118293696 69.559912601427939
7878.729032283140441 88.762204976460225
6915.318717437921805 83.158395351509284
4126.887509712423707 64.240855455951262
4416.891475300540151 66.459698128268229
2725.218852373783648 52.203628728027937
980.851391816277669 31.318547089804113
5454.730393834177448 73.856146621890431
6141.515834372000427 78.367823973694712
5891.794091141608078 76.758022975722923
1099.371781895718641 33.156775806699279
3500.359166356932292 59.163833262872110
7035.702728494225084 83.879095896976764
1683.706817916833188 41.032996696766290
1337.830423844463439 36.576364278649450
365.194476165874846 19.110062170643896
7131.408908228836481 84.447669643565874
1249.168283715276175 35.343574857607095
4560.562237237444606 67.531934943680128
9950.306221371021820 99.751221653526741
5938.364832088655021 77.060786604398572
4470.654962281103508 66.862956577473469
8293.212427482571002 91.067076528691587
9381.617148608260322 96.858748436102871
6556.202918722367940 80.970382972555882
9898.533480364714706 99.491373899271863
2668.237878978830850 51.654988906966487
4082.120836880817478 63.891477028480232
5182.652003589684682 71.990638305196910
3609.851647628304818 60.082040974223780
9846.227159967726038 99.228157092469104
6100.888767736898444 78.108186304233811
1759.829816589591701 41.950325583832978
3571.572106226293727 59.762631352930683
7538.004158551333603 86.821680233403299
5621.191955197856259 74.974608736543971
2645.294599710071452 51.432427511348045
6778.862483893157332 82.333847741333926
9158.589085071536829 95.700517684449011
8385.277194091489946 91.571159182853478
796.956926429946975 28.230425544613155
3454.582965456413149 58.775700467594710
3379.330910042102005 58.132012781617171
596.630183416957493 24.426014480814455
8333.059840441103006 91.285594922972933
8252.905324405171996 90.845502499601878
4767.678857324094679 69.048380555405458
8183.627299941131241 90.463403097280903
2708.379055594627516 52.042089270076652
9779.537131036642677 98.891542262403021
1168.712615811078422 34.186439063041917
1237.126374118276317 35.172807310737596
335.545821185571072 18.317909847621017
3629.311954533387961 60.243771084929499
882.154513147048419 29.701086060059293
6883.866932495582660 82.969072144357398
5500.706502973296665 74.166747960075057
3449.722176962902722 58.734335587992334
9335.766020688799472 96.621767840838018
1377.037270644169212 37.108452819326345
3374.977010007803074 58.094552326425607
9915.282870349505174 99.575513407411094
7435.235699639279119 86.227812796332017
1935.440799848010556 43.993644993885319
6625.735979453062100 81.398623940783310
6087.396122642118826 78.021766979748151
7123.682146991280206 84.401908432163310
3541.533032367125088 59.510780807910130
9842.225998036550664 99.207993619650182
8920.973813933051133 94.450906898414956
9093.588207982385939 95.360307298070225
9419.553476270586543 97.054384116692987
7417.702698128404336 86.126086049050230
4452.102952517965605 66.724080754387060
872.503010028101585 29.538161927041120
2193.096788681780254 46.830511300665727
5983.237145042833617 77.351387479752646
5472.982105282449083 73.979606009240470
620.725841776150560 24.914370186222861
6699.564330281928960 81.850866399091515
4104.484241872765779 64.066248851269307
8076.126463137622522 89.867271368043788
9242.803517175534580 96.139500296056951
2235.670596060063417 47.282878466312340
7779.483576053286924 88.201380805820079
8724.452220130566275 93.404776216907479
661.598277746462713 25.721552786456396
1814.553857246557300 42.597580415401026
9196.512561301202368 95.898449212180708
296.880424910174099 17.230218365133219
3659.371984510747552 60.492743238431068
5025.243126291665249 70.888949253685979
8765.204993443370768 93.622673500831894
5244.542637657718842 72.419214561176503
927.087947216014527 30.448118943803646
7341.183574091601258 85.680707128802354
6095.922153360619632 78.076386656662208
7872.590332235682581 88.727618767978228
1026.979450042061444 32.046520092547667
387.747647983472746 19.691308945407179
5786.399666399684065 76.068388088611968
7233.571629397565630 85.050406403482668
113.712903640669026 10.663625257888100
4491.984560098774637 67.022269135704249
2415.802158080245590 49.150810350188998
1987.056732821217338 44.576414535281067
9678.408033070840247 98.378900344895300
3514.579857526871820 59.283892057850515
4333.947199551354970 65.832721343958994
992.150932278821188 31.498427457236993
3158.524201414752952 56.200749117914370
286.953863764504661 16.939712623433277
2441.073707222829853 49.407223229228634
9934.098364038571162 99.669947145759892
6360.925822568288822 79.755412497010440
6979.028176099053780 83.540578021097346
3589.413332749976689 59.911712817695147
6215.557437246256086 78.838806670612769
9812.780616429619840 99.059480194626602
9464.876055714581526 97.287594562280049
2755.315369450081107 52.491098001947734
9463.288297424043776 97.279434092844326
1579.237376260015481 39.739619729685579
4205.289035946982040 64.848199943768535
7665.001822139102842 87.549996128721233
1412.339546775288682 37.581106247359038
460.497721243729472 21.459210638877877
1367.161128876262183 36.975142039974131
6544.407628200262479 80.897513115053556
2854.587690640618348 53.428341642246565
7899.056030130102954 88.876633769118996
1698.371578935915750 41.211304018872248
6723.938927393139238 81.999627605210136
7710.305690676837912 87.808346361133786
9588.903579157786226 97.922947153145799
8135.279327759384614 90.195783314739188
4897.320636857919453 69.980859074877898
5782.519098343773294 76.042876710075703
3420.770822291369768 58.487356089084500
4176.256982095487729 64.623966004072258
6837.125499054243846 82.686912501642269
1145.175702885890360 33.840444779669937
7954.323211816635194 89.187012573673726
2769.264087900544837 52.623797733540144
1211.857848549326945 34.811748714325269
6192.009866558749309 78.689324984770010
3574.102620919268702 59.783798983665037
6747.205456163142117 82.141374812959768
1483.446460289615970 38.515535310957524
435.893997666826294 20.878074567996595
7096.862058023407371 84.242875414027793
7692.724237923063811 87.708176573926465
4940.544131521560303 70.289004342938028
8661.597650517844158 93.067704659123535
659.018143440562767 25.671348687604294
2485.311630144406081 49.852899917100167
7091.250306886827275 84.209561849512241
7514.297714357669065 86.685048966691298
2421.092844073114065 49.204601858699291
2074.701661609444727 45.548893088739760
9158.903473286130975 95.702160233121859
3729.833392208115129 61.072361934086970
9800.241772604158541 98.996170494641646
1329.214224113044111 36.458390311601036
4600.393068415391099 67.826197508156028
3487.644383215713333 59.056281488218623
702.139549989301713 26.497915955586048
3387.122940755194122 58.198994327696028
283.274225939075791 16.830752387789317
5273.956319019092007 72.622009880056964
4677.265553445703517 68.390537016795705
4039.958865466346651 63.560670744308126
7995.242255139402005 89.416118542125290
1848.462170479501992 42.993745713527936
6942.478356022886146 83.321535967736978
1632.448331372635494 40.403568299998398
8655.776293103928765 93.036424550301419
3241.085809327136303 56.930534946785244
9439.589958456326713 97.157552246113767
4363.455302966832278 66.056455422364536
221.385096598415117 14.879015310107558
5434.223798896592598 73.717187947564796
6535.609395506414330 80.843115943823037
6611.424754160718294 81.310668144842580
2593.490092747163999 50.926320235681310
7077.098682138055665 84.125493651675271
9975.616356601381995 99.878007372000482
3582.300519730662927 59.852322592616765
9350.550373005924484 96.698243898252485
4503.185444675891631 67.105778027498431
1155.672470011143787 33.995183041294894
229.674676194869818 15.155021484474043
7045.835885452787807 83.939477514771241
5236.357238751898876 72.362678493487920
2444.666063645126542 49.443564431027085
9180.709807604245725 95.816020620793083
5833.428791993948835 76.376886503666469
4999.986427330031802 70.710582145319890
1053.285077207184486 32.454353748105731
3844.120291871624431 62.000970088149622
9113.891624390953439 95.466704271127711
6893.655839195425870 83.028042486833485
1291.872980581174033 35.942634580414023
6202.703235895991384 78.757242434559572
4217.754280559655854 64.944239779672955
1478.894284830787683 38.456394589597032
6717.668508219504474 81.961384250264487
2285.114241174047493 47.802868545454963
7402.367394229024285 86.037011769522920
4354.200764736945530 65.986368022016080
287.079642896271594 16.943424768808448
3531.950722757337189 59.430217253156137
2644.320546444551383 51.422957387187985
5822.740056472535798 76.306880793756307
6027.891109216449877 77.639494519325993
9173.477237439379678 95.778271217637766
5091.426177426750655 71.354230270017979
2736.118633928245799 52.307921330600067
3083.193570457029637 55.526512320305422
47.810035238075507 6.914480113361778
4457.658088305543060 66.765695445382306
6175.008390403066187 78.581221614346688
8134.233168987890167 90.189983750901575
5093.299898235762157 71.367358773011645
7081.103949976289186 84.149295600000656
7282.445484560518707 85.337245588081402
5173.650622100465625 71.928093413495020
9365.214657903872649 96.774039173240425
4431.962155234873535 66.572983673821270
728.487125166417513 26.990500646827904
2240.090220904343823 47.329591387464397
7706.254972180552613 87.785277650529494
8518.277478117270221 92.294514886407356
2007.004366156739479 44.799602299091219
4429.070890653894821 66.551265131880811
4113.242707270481333 64.134567179255853
3004.246582286822104 54.811007856878732
2631.224016999138712 51.295458054287209
3603.488388556962946 60.029062865889912
9570.673559574355750 97.829819378215944
2816.621302573179037 53.071850378267186
8583.533682460416458 92.647361983277307
6639.884477099922151 81.485486297253715
985.329182817926608 31.389953533223437
7743.001255181152374 87.994325130551189
5587.861301676905896 74.751998646704465
8848.994378659039285 94.069093642168355
6484.123521845160212 80.524055547675687
5586.340451823745752 74.741825317714486
4052.015672166829518 63.655444953018979
2659.000063536228026 51.565492953488075
7161.612126090958554 84.626308711245102
5755.263363470943659 75.863452093026609
408.371895382121295 20.208213562364222
4329.391855310954270 65.798114375040825
1916.840125913871816 43.781732787931908
6727.461682185263271 82.021105102194667
8158.704916341610442 90.325549632103602
4227.287122564445781 65.017590870197935
7564.636584032333303 86.974919281551124
1000.302044081887061 31.627551977380215
1134.340251739025916 33.679968107749538
1551.467165183093812 39.388667979294425
4031.360407701832173 63.492994949851216
3172.212874451808602 56.322401177966555
3854.664581675139743 62.085945121864256
5307.559988234718730 72.853002602739153
447.648780661887656 21.157712084766814
2669.971111225319873 51.671763190598789
2385.160650340672873 48.838106539265759
4634.946254282987866 68.080439586440590
3330.576847619375712 57.711150115201967
1641.428024421102691 40.514540901028397
8980.198706583736566 94.763910359290975
237.046488369110847 15.396314116343264
8116.856619150190454 90.093599212986220
914.735411387152567 30.244593093429980
1409.404038768201417 37.542030296298591
9824.067829923986210 99.116435720439355
9837.958591952699862 99.186483917682551
7325.435578900070141 85.588758484394845
7096.480863424644667 84.240612909834908
6158.669889113479258 78.477193432955275
2717.785279932401409 52.132382258366071
6936.999163313559620 83.288649666767682
9176.584838730614138 95.794492736955476
4035.968799836126436 63.529275140175542
8789.833745773250484 93.754113220558224
7612.188041180813343 87.247854077798465
4475.872117886001433 66.901958998866405
213.831938723358547 14.622993493924509
4362.280786824201641 66.047564579053187
5550.450209802656900 74.501343677833475
1051.841704356539594 32.432109156768384
4727.158601563307457 68.754335147416754
8953.274981309856230 94.621746873062193
9905.199100865944274 99.524866746285795
9760.895042270061822 98.797242078258748
1763.177938447845690 41.990212412511632
6811.827074902139429 82.533793532722939
3781.438558500045474 61.493402560762938
1881.686219872088031 43.378407299854707
1708.674252945049147 41.336113181394417
111.170233622920165 10.543729587907695
743.879381346648302 27.274152257158210
8406.988594317192110 91.689631880148767
1590.137553120621533 39.876528849946574
1622.311152865243457 40.277923889709655
5878.952667422844570 76.674328607577934
2094.774536113144677 45.768706952601846
6481.160761876461947 80.505656707317542
909.380710147456170 30.155939881679299
6558.199430115001633 80.982710686386639
8398.965240345252823 91.645868648538936
4094.112079847773202 63.985248923855671
3995.354461222295868 63.208816325116352
2527.362977105785831 50.272885108234895
8184.335237963377949 90.467315854751533
8558.765010113589597 92.513593650412204
2574.155626913693595 50.736137288068093
3643.240640276981594 60.359263085933890
3641.279292040275777 60.343013614173067
6818.115735910881085 82.571882235485475
819.409966478347087 28.625337840422898
5488.439790076638928 74.084004954353261
1292.115933697688888 35.946014155921219
4278.364839719487463 65.409210664244284
5923.490375390153531 76.964214901408255
6991.459554522276449 83.614948152362544
5927.518400776431008 76.990378624711482
8661.775067277892958 93.068657813884329
5561.897824413108538 74.578132347311495
6979.672186136916025 83.544432406575822
8378.231719175370017 91.532681153647900
4584.329644275347164 67.707677882758219
6811.754137889818594 82.533351670035898
4090.607090135335511 63.957854014462804
9495.794838483105195 97.446369036937980
4581.184860750314328 67.684450657077164
30.285287275116406 5.503206999115735
3400.971634137526962 58.317850047284210
220.639486367775078 14.853938412682849
4695.300620190151676 68.522263682617435
9118.568257356670074 95.491194658757252
58.257517876453555 7.632661257808678
2865.549347900442172 53.530826146253730
55.591265935635057 7.455955065290768
4213.940396041094573 64.914870376833491
9172.882206737916931 95.775164874501343
6281.570593118121906 79.256359953748330
7644.531984060902687 87.433014268415235
5970.021149734292521 77.265911951741643
3119.014699838734487 55.848139627374650
6401.765268321591066 80.011032166330608
2853.316828196831921 53.416447169358165
3453.408895893370754 58.765711906632859
8215.364567555319809 90.638648310504493
3431.433110733930789 58.578435543584902
8968.938098498627369 94.704477710922561
8425.875107692827441 91.792565645006505
4182.231916078808354 64.670177949954706
1720.655606950270794 41.480785997257463
461.976808698614946 21.493645774940440
2428.195621182073864 49.276724943750814
5450.679404090396019 73.828716662897477
9277.015490883148232 96.317264760182780
2192.904305346323781 46.828456149507254
2383.761490688072627 48.823779971322097
4405.194507495204562 66.371639331081795
3921.045167617975949 62.618249477432506
1030.940166364073775 32.108256981095593
1575.150365243499436 39.688164044756462
8274.244043656031863 90.962871786548334
4208.954591285769311 64.876456371211958
5703.978659998042531 75.524689075811779
6738.017635362329202 82.085428885779294
7111.682243175097028 84.330790599727550
4284.228033516569667 65.454014647816450
5739.424796814864749 75.758991524536967
1602.510879920850130 40.031373695151281
6684.206686173122762 81.756997781065337
6463.851272019323005 80.398080026946687
5648.171975305798696 75.154321068756914
6770.922107128316384 82.285613002081448
8633.850861579268894 92.918517323401517
1529.292133887592854 39.106164908970463
4822.400566926243300 69.443506297754311
8949.787676291147363 94.603317469796735
5866.138182863041948 76.590718646994304
6965.047656626808930 83.456861051844072
1609.658297473875564 40.120547073461942
5205.714527106875721 72.150637745669826
921.522456022563347 30.356588346231586
1676.877447745506515 40.949694110524277
1817.142722287847619 42.627957050365993
9796.132828610456272 98.975415273745909
1919.769899973627389 43.815178876430792
3257.688754314536709 57.076166254528140
5167.292740657149807 71.883883733818593
9856.472473711697603 99.279768702952254
7631.125992116607449 87.356316269154846
1853.436880695563559 43.051560723109255
4849.713098910146982 69.639881525675690
7647.812952068929917 87.451775008109067
8845.970949265130912 94.053022010274248
3964.737319322281110 62.966160112573810
4147.187837682804457 64.398663322174670
5589.246214770216284 74.761261457858083
2926.929203630524626 54.101101685922487
8189.871220062906104 90.497907268968973
1770.884383741833290 42.081877141375635
9939.948424150448773 99.699289988196256
3331.889513497621010 57.722521718109483
5278.429925792178437 72.652803977494074
9147.250591973743212 95.641259882823292
3735.614966468631337 61.119677408087092
9581.665925112391051 97.885984313957792
6386.397374209602276 79.914938367051263
884.797519094049676 29.745546206012921
4378.526346582525548 66.170434081865636
4332.091338807179454 65.818624558761329
8722.309454036265379 93.393305188521225
2861.273166019858763 53.490869931417819
7717.083538333995421 87.846932435538093
800.223774773143191 28.288226787360554
4728.547250406601961 68.764433033411990
6358.558530625817184 79.740570167423670
3466.074843872236215 58.873379755813545
5599.444842055627305 74.829438338501689
3709.266874495137927 60.903750906616068
101.763321823521025 10.087780817579306
4083.130644256020787 63.899379060019207
2400.977722479090517 48.999772677830769
4469.210651665458499 66.852155175921283
28.428117564824138 5.331802468661432
2665.747648663778364 51.630878829086171
7837.578391043661213 88.530098785913836
5347.610689583924795 73.127359377895800
2026.268936959415214 45.014097091460307
3509.436170972009677 59.240494351178484
8711.559132903081263 93.335733419216680
7000.798310619823496 83.670773335853795
9496.939644819449313 97.452242892708469
5879.290019537830631 76.676528478653950
8500.846955901424735 92.200037721800442
1491.769528526000840 38.623432376291994
29.150205176592682 5.399092995734810
5251.022786219181398 72.463941282676458
778.694742613154858 27.905102447637688
5720.592195475145672 75.634596551281646
1006.890209895159160 31.731533368167998
474.905528669617581 21.792327288970711
3600.542241297691362 60.004518507339860
1408.140057720939922 37.525192307581051
871.165007180056705 29.515504521862010
3801.721796155657557 61.658104059042046
659.557049203214774 25.681842792198825
7918.594015711331849 88.986482207756325
2397.680260882453240 48.966113393677198
5154.692705099153500 71.796188653013843
9404.162382191481811 96.975060619684484
3859.905949768506161 62.128141367406975
3676.833020217652575 60.636894876120202
1766.968680279904447 42.035326575154670
5330.832107901730524 73.012547605885729
629.753136031574059 25.094882666224485
1693.283403252235530 41.149524945644700
2566.334427699052412 50.659001447907087
4794.400621168425459 69.241610474976866
6358.111777964481007 79.737768829861807
5970.943684664782268 77.271881591331663
4375.506774286852306 66.147613519210594
7363.642744941435012 85.811670214146488
6742.127054306936770 82.110456424909344
7469.377441215469844 86.425560115138794
175.256310448278668 13.238440635070230
1500.047625051348859 38.730448293963093
3033.142197808685978 55.073970238295750
6695.065209161931307 81.823378133403480
6789.203467537221513 82.396622913425418
1390.845654966689153 37.294043156604637
8940.559178335743127 94.554530184099292
7658.047012229637403 87.510268038840096
6332.234056270539440 79.575335728292970
2115.906165887501629 45.998980052687052
8700.474219868783621 93.276332581576042
5712.743542912133307 75.582693408690673
3346.979591433806945 57.853086274059805
9298.813173767301123 96.430354006232406
5503.103518539629476 74.182905837798174
7830.979950219472812 88.492824286602314
4209.742713792975337 64.882530112449956
1676.238462048106385 40.941891285675929
7596.595504810837156 87.158450564536977
4586.545511996788264 67.724039395157078
373.331011634155573 19.321775581818446
8779.503280767134129 93.699003627397943
3087.137818775703636 55.562017770917066
1344.569289465669044 36.668369059254175
6257.148687379607509 79.102140852062959
8535.901271080701918 92.389941395590796
6247.180109673487095 79.039104939728958
9295.034489060790293 96.410759197616471
3328.108740583979852 57.689762875088853
7837.555070142082513 88.529967074104817
1119.349233057126867 33.456676957778200
9481.217908698043175 97.371545683007639
6048.371032812836347 77.771273827891207
805.934784369664953 28.388990548620516
300.677044454248971 17.340041650879879
2788.498068284133296 52.806231339531635
4201.225742613336479 64.816863103773670
1554.129102847213517 39.422444151107797
7579.330408023110977 87.059349917301304
6222.638345697374461 78.883701394504641
4730.527150641627486 68.778827778914845
676.111431073177187 26.002142816952166
5307.534530702811026 72.852827884048608
1229.587798179820538 35.065478724520794
4787.114110682852697 69.188973909741236
5204.095510837950314 72.139417178391113
3814.923897580973971 61.765070206233666
4778.942337230173507 69.129894671047879
9043.477842180485823 95.097202073354850
3951.190536339345726 62.858496134884945
8953.663075829832451 94.623797618938511
4896.950172209280936 69.978212124984168
9139.634234804925654 95.601434271693464
2660.101146124279694 51.576168393205400
4944.083935814819597 70.314180190163768
1299.368557071337818 36.046755153152660
1542.469388533264464 39.274284061371056
3407.574200101905262 58.374431047350733
6119.134147376511464 78.224894677950900
6343.030881542095813 79.643147109730009
2761.664624980185181 52.551542555668007
9693.065837305846799 98.453368846910706
3124.196834494816358 55.894515245190348
84.021736057342338 9.166337112355313
73.134308275428680 8.551859930765277
1915.493902178268172 43.766355824745887
4633.502685695142645 68.069836827299227
2036.401341508771338 45.126503758974849
7325.069818532560930 85.586621726368904
2123.102046091245484 46.077131487227433
6946.578337166347410 83.346135706260242
1180.504179696280744 34.358465910111306
6236.658931835064323 78.972520105635880
2391.740578002543771 48.905424832042343
742.407135844062850 27.247149132414989
5644.071163873279147 75.127033509072348
3581.266482897384321 59.843683734353988
5121.358918397826528 71.563670380981904
8072.347298769973349 89.846242541187962
7267.741507320893106 85.251049889845305
586.145082855105443 24.210433347115153
9878.450624370998412 99.390395030762392
5855.019362847334378 76.518098269934384
6459.676843113215000 80.372114835390605
5502.263403815649326 74.177243166726342
7908.904924999119430 88.932024181388783
9886.464848348925443 99.430703750646984
7579.763909168308601 87.061839569172378
2366.021110545921601 48.641763028758753
1623.260701443435210 40.289709622227797
2385.859068433296216 48.845256355487543
9134.715154216948577 95.575703786145084
6514.638935364330791 80.713313247346818
2182.474263746871202 46.716959059284576
8532.391471712895509 92.370944954097425
2260.971597795211437 47.549675054570159
1781.449190252450762 42.207217276817133
1194.938041103310070 34.567875854661800
7296.317153610691093 85.418482505899689
4128.012922006705594 64.249614177882080
4280.864773255233558 65.428317823823292
7220.888043015025687 84.975808575235263
8908.975727575070778 94.387370593607869
5364.758463702675726 73.244511492006524
6713.281443375927665 81.934616880631893
1719.566128681815144 41.467651593523058
1058.886290309712649 32.540533036656186
3825.622223604770625 61.851614559401526
8194.280268974189312 90.522263940834961
7709.062753428684118 87.801268518334538
587.643317432534559 24.241355519700925
9018.897187732594830 94.967874503605671
4626.504932639534672 68.018416128571644
6337.632333959625612 79.609247791695822
4240.542896649717477 65.119450985475282
2961.785797080821339 54.422291361911817
1680.132822130244676 40.989423295897254
1492.124625194918053 38.628029009967854
8791.063324762875709 93.760670458155730
8789.178866660135100 93.750620620133148
8330.649309584689036 91.272390730081625
4243.645997397945393 65.143272848375872
412.428996851052432 20.308347959670488
7015.644242241343818 83.759442704935324
5124.419909634795658 71.585053674875425
2006.749203911142331 44.796754390370097
4383.988945765293465 66.211697952592132
67.780312097500385 8.232879939456204
6699.577159272157587 81.850944767132390
3463.120629107133027 58.848284844225773
1777.369031285999881 42.158854719809455
75.049633388350301 8.663119148918033
811.865365554122945 28.493251228214074
7444.372084200578684 86.280774707930036
9144.260526419358939 95.625626933470926
1240.243113655566731 35.217085536079878
4915.540305433987669 70.110914310355327
7224.092816332453367 84.994663457963370
2809.595298805466427 53.005615728953345
4467.557214817893509 66.839787662872581
7806.786184458688695 88.356019514567819
7161.697534635742159 84.626813331447977
6774.077016976777486 82.304781252226036
7408.314732913227090 86.071567505844968
2485.581236142816124 49.855603858972728
1130.080572162051794 33.616671045212847
7763.332909732654116 88.109777605738259
8418.190896279296794 91.750699704576078
1042.522617845096647 32.288118834102065
3107.623644985133069 55.746063941637466
5205.399574927405411 72.148455111162335
6762.561602789347489 82.234795572125961
9090.059095427213833 95.341801406451381
1212.796921508335799 34.825233976361680
3017.135333354963677 54.928456498931077
161.190225744474247 12.696071272030347
9951.936110509170248 99.759391089306320
9671.331513848392206 98.342928133386351
1186.836373598077671 34.450491630716648
3563.296331002719853 59.693352485873334
8679.286422004035558 93.162687928183118
8517.642919712556250 92.291077140276983
8623.987894583078742 92.865428952775957
4271.473120938668217 65.356507869826302
242.981112221229665 15.587851430560585
2847.675193648138247 53.363613011565647
4437.455232511600116 66.614226952743365
2088.878610881082295 45.704251562421220
5290.916953353119425 72.738689521829571
1656.924712377882770 40.705340096575569
8695.097741381507149 93.247507963384777
7483.604058307152627 86.507826572554421
8840.100323475051482 94.021807701591499
9788.654973035558214 98.937631733509562
7540.067310600632482 86.833560969251010
2533.657053830926088 50.335445302797574
6926.696815651166617 83.226779438178227
7401.215060011045352 86.030314773404413
5174.480081851954310 71.933859077988814
956.365495836170226 30.925159592735657
3996.294590811656690 63.216252584376250
8529.312395719316555 92.354276542666483
9598.212084627575678 97.970465369046678
9151.554821123962029 95.663759183527603
835.598596153798212 28.906722335017477
3868.088394313881054 62.193957860180284
559.425875895452350 23.652185435926473
4005.172520117527711 63.286432354158876
7006.863972796395501 83.707012685893858
4371.127870820485441 66.114505751918657
1136.931596145683670 33.718416275763659
2701.911921915820585 51.979918448529915
1301.418639754095238 36.075180384221163
806.351812727767083 28.396334494574596
4543.809696552479181 67.407786616625231
6106.035219267738285 78.141123739473684
3541.432394018610921 59.509935254700210
5344.955060952241183 73.109199564434036
3254.081805307343984 57.044559822189392
2804.744414497287380 52.959837749914676
7516.209192835122849 86.696073687538600
7725.638936540729446 87.895613864064515
3078.907319745996119 55.487902463023381
3838.021813587791257 61.951770060166893
2479.856994311459403 49.798162559591084
9344.850031826483246 96.668764509672329
8089.955926754963912 89.944182284097536
3049.305979185365686 55.220521359231711
448.869793648692166 21.186547468823044
6344.173871662514102 79.650322483104318
92.007844389124116 9.592071954959685
5070.631751398749657 71.208368548919509
5162.085108382911130 71.847652072861166
6804.549759423941396 82.489694868049682
1635.790181840328614 40.444903039076863
5174.616394840826615 71.934806560112648
6466.775137525490209 80.416261648534061
1219.067455769815297 34.915146509356298
28.346855094489900 5.324176471013137
9287.375555722986974 96.371030687250553
5416.912406331200145 73.599676672735455
8662.562095041859720 93.072885928404844
9883.355449330867486 99.415066510719925
6569.268857162286622 81.051026256070855
4903.025838296896836 70.021609795097518
8532.423459096946317 92.371118100285798
3701.170531106163708 60.837246248545505
2461.631385926079474 49.614830302300533
9860.090268212383307 99.297987231425708
6038.505333418839655 77.707820284826155
9283.275672094539914 96.349756990324266
1091.452534361883636 33.037138713300877
7501.048624368588207 86.608594402452852
9689.193262047272583 98.433699829109713
8556.635468175813003 92.502083588294454
783.018127731393065 27.982461073525915
7072.898704428458586 84.100527373069781
8596.858328240516130 92.719244648781071
7952.573047730805229 89.177200268514852
2290.856605322678206 47.862893825203237
6398.713066433449967 79.991956260823187
191.477263687616869 13.837530982354362
3060.711840400461824 55.323700530608598
959.145460210305373 30.970073622939701
8203.367290642758235 90.572442225230731
101.478899239792838 10.073673572227404
4303.516172280776118 65.601190326706543
7858.942747128918199 88.650678210202756
5683.169654628121862 75.386800267872630
2416.264409335026357 49.155512502007610
9666.106843968740577 98.316361018747742
5385.423335010686969 73.385443618000210
1425.167565661849721 37.751391572521534
2161.651696438203089 46.493566183271028
9003.532705810001062 94.886946972752796
8487.058893258978060 92.125234834213458
7164.555920513277670 84.643699827649769
582.815343641780146 24.141568789989190
3208.526540131484580 56.643857037912632
858.443059514240190 29.299198956869798
4344.506000888088238 65.912866732437664
236.519163825535486 15.379179556320144
1308.782571160022371 36.177100093291372
1056.340059618728901 32.501385503063233
1325.498626094940846 36.407397958312551
4751.295494042857172 68.929641621314531
8840.773331689963015 94.025386634089216
1869.747389278218179 43.240575727876454
169.325315929164759 13.012506135605269
7714.476671644189082 87.832093631224510
5698.908639605305325 75.491116295927867
3478.108697910596675 58.975492349878664
3088.853961183293450 55.577459110535933
5219.971355061594295 72.249369236427214
5159.646029565482422 71.830676104053779
6453.529390778330708 80.333862043215191
9649.787153694849621 98.233330156799880
3199.084733685023821 56.560452028648285
2768.273495689635638 52.614384874192304
8481.677344797750266 92.096022415725159
1504.082298729049171 38.782499903036801
5476.364235820755312 74.002461011920104
8910.507582294841995 94.395484967740074
210.764058442968860 14.517715331379414
7639.660080405863482 87.405149049731975
9860.692372194380368 99.301018988701117
8248.968356588151437 90.823831435301997
9411.598140945241539 97.013391554698472
9282.007365684212346 96.343174982373355
9094.946810141374954 95.367430552266512
5045.869689291963368 71.034285308518193
9939.201387027991586 99.695543466235193
3070.674856007617109 55.413670299012111
2978.009979633030525 54.571146035547308
749.658731320657466 27.379896481189579
4345.926022220321101 65.923637810881772
4042.892243906068416 63.583741977852078
6241.297720522515192 79.001884284632823
8057.824474850328443 89.765385727742114
98.772734242193977 9.938447275213266
9238.222961288211081 96.115674898989354
3565.583299700300813 59.712505387902631
134.012952057711743 11.576396332957495
227.479679480784455 15.082429495302952
5179.285993036502987 71.967256395089166
7660.888894583094043 87.526503954991227
6143.141861480864463 78.378197615669023
4980.511083107477134 70.572736117480076
536.651274859885461 23.165734930277637
2625.892901935878854 51.243466919558429
1591.336975259921246 39.891565214465089
7188.888379685420659 84.787312610351208
2224.244103202478982 47.161892489620037
2104.920730121203178 45.879415102213358
9927.519824873979815 99.636940061776187
2412.050751451130509 49.112633318232191
2326.548707408980590 48.234310479253047
383.925545902669569 19.594018115299107
2467.944769234672094 49.678413513664786
6079.506010797623276 77.971187055204069
6482.981465710106932 80.516963838126102
6230.733372888840677 78.934994602450189
3895.191811327538744 62.411471792672366
9428.568132001602862 97.100814270538450
6915.163863331315042 83.157464267083782
3243.965989778420862 56.955824897708403
6865.518775376225676 82.858426097628879
8554.267731126030412 92.489284412444405
7376.813930819974303 85.888380650818974
1496.989104334693820 38.690943440741968
5119.286963102797927 71.549192609719910
6199.778157863458546 78.738670028540980
7375.876233090375536 85.882921661354629
1019.792596641011983 31.934191654729762
9509.006799445476645 97.514136408243274
1009.046303597411679 31.765489191847994
3128.083178275787304 55.929269423762250
1558.645535788032703 39.479685102442659
8965.482058863048223 94.686229510225232
7886.330370705099085 88.805013207054358
2592.799041786808175 50.919534972216788
2400.084396999147430 48.990656221356616
6675.756703516051857 81.705304010915057
5310.174354250205397 72.870943140940653
3743.893687363568461 61.187365422639083
4539.343815065986746 67.374652615549621
4420.375394571171455 66.485903728318021
6534.625677779110447 80.837031599255980
7986.971956781605513 89.369860449603507
9126.522321760099658 95.532833736679763
5396.581177759174352 73.461426461505454
4602.449654319249021 67.841356518861332
2123.401163127886775 46.080377202534777
8003.760805252617502 89.463740170264614
2623.895570965637489 51.223974572124305
3953.432745388351577 62.876328975126654
5479.310370933355443 74.022363991792076
753.499009226551152 27.449936415710532
8279.363635342397174 90.991008541187171
2374.660472854466661 48.730488124524946
9331.395208992480548 96.599147040708800
5700.211590506697576 75.499745632066194
5311.871292086727408 72.882585657252363
2902.279247808583477 53.872806199497198
459.083264594813500 21.426228426739353
6514.061826517745430 80.709738114540713
8636.246004566522970 92.931404834784047
3598.590492265799185 59.988252952272241
3065.443968464396221 55.366451651378171
2861.575905595510449 53.493699681322383
7963.482357406523988 89.238345779191377
6936.970748460463255 83.288479086008422
2186.084572936352743 46.755583334360750
3085.792984646763671 55.549914353190175
7014.194090045438315 83.750785608526911
81.671576084819904 9.037232766993439
968.846044120539091 31.126291846613196
2002.163474091491253 44.745541387846579
9102.983881900625420 95.409558650591322
8824.290392189861450 93.937694203071970
6195.381457609424615 78.710745502818256
7260.905700329059982 85.210948242165813
7686.295659312489988 87.671521369898045
7252.021815999656610 85.158803514373403
1232.123430274620205 35.101615778687744
4224.718378998602020 64.997833648504027
5089.615338055418761 71.341540059459177
2104.877539261657148 45.878944400036680
8966.232707773917355 94.690193303076100
3691.966666768829327 60.761555829067028
5611.863444338368936 74.912371770878863
3285.800985382541967 57.321906679580557
8232.508052180837694 90.733169525707837
3869.678239520641000 62.206737894866670
7528.894660077586195 86.769203408107799
5832.697956491719196 76.372101951509222
8616.102308598470700 92.822962183925540
8248.739612888502961 90.822572155210963
8913.714031034500294 94.412467561411091
1145.891628471515787 33.851021084621891
520.636852723794618 22.817468148850228
3572.644615865886408 59.771603758523050
2385.304647940788982 48.839580751075140
5731.907688817275812 75.709363283660466
885.257871331519709 29.753283370604994
8832.944312764626375 93.983744939029890
3729.543773406116543 61.069990776207888
1151.068311002583414 33.927397645598809
5865.838836815320064 76.588764429355564
7046.406255375825822 83.942874953004946
9546.635101115356520 97.706883591256542
4371.856557055802114 66.120016311672231
3716.359483122251731 60.961951109870590
2796.170335437990161 52.878826910569700
3920.052993483563114 62.610326572248155
6827.972179658935602 82.631544700912713
3143.173333180735881 56.064011033645606
104.977304450765899 10.245843276703285
3493.419596159805224 59.105157102911122
8167.186316000845181 90.372486498938628
107.240058105046998 10.355677578268212
225.572072717834203 15.019056984971932
283.435153212074340 16.835532460010711
7713.939206516633021 87.829033960966655
2778.981039616167891 52.716041577646628
1339.175641894544697 36.594748829504823
854.395533647195862 29.230045050379172
3579.087449813271178 59.825474923424309
1661.866548533964988 40.765997455403507
2437.854904929859003 49.374638276445722
1701.987115918624795 41.255146538566855
7611.371612894424288 87.243175165134971
9982.296702151608770 99.911444300198212
4900.507734075244116 70.003626578022690
4478.185407293115532 66.919245417840116
3859.459540560729238 62.124548614543102
5097.240968095894459 71.394964585017433
991.110807216232956 31.481912381814308
7928.223112708149529 89.040570038090777
1640.427880198776393 40.502195992301161
7403.330371490412290 86.042607884061795
9510.487175197908073 97.521726682816208
1070.979465711895955 32.725822613219307
6272.300177727331175 79.197854628312570
6605.714241209200736 81.275545160947402
3242.423608203233925 56.942283131283325
4502.963949290930032 67.104127662096388
6228.515202855611278 78.920942739273016
2675.515456951882243 51.725385034351191
5687.110288865093935 75.412931841064861
7475.331657560923304 86.460000332876035
9828.895958642287951 99.140788571819868
6932.794998186310295 83.263407317898725
9041.687576917058323 95.087788789712945
9163.634996729662817 95.726877086477984
6797.076724781040866 82.444385647423204
5194.897361758815350 72.075636395101057
384.031884572072272 19.596731476755817
4697.412431356263369 68.537671621935502
6192.601864707605273 78.693086511507516
5483.166560220171050 74.048406871587531
9133.174422831812990 95.567643179225740
4993.637257270018381 70.665672410796589
7823.042894421691017 88.447967158220720
271.826626375249930 16.487165504575064
7150.937760123759290 84.563217536490171
704.584744662187632 26.544015232481080
376.033045517546782 19.391571507166375
4419.398849985774177 66.478559325437956
30.450527005486460 5.518199616313862
6405.464809620453707 80.034147772188177
3727.234121459380276 61.051077971313333
8027.588147334504356 89.596808801064469
6952.564971869449437 83.382042262524664
2453.643944042011299 49.534270399815227
296.678981710687253 17.224371736312683
5655.999791243315485 75.206381319960585
1214.045588552774916 34.843156983154884
3393.507402297866065 58.253818778667771
3880.675542711966045 62.295068365898487
4320.050695352359071 65.727092552100302
896.424212378133689 29.940344226112927
3034.958164995101924 55.090454390893363
3563.512657462646530 59.695164439530998
6904.796966129584689 83.095107955460193
7922.728529309421901 89.009710309097301
683.078106725666771 26.135762983423053
5392.976276150031481 73.436886345691647
9996.675356974106762 99.983375402984407
6427.463533019338684 80.171463333403977
6981.949825821162449 83.558062602128118
112.860207753290098 10.623568503722753
2473.853758869957346 49.737850364385039
636.319558648294333 25.225375292516350
8860.981549328191250 94.132786792531491
4782.495532006692883 69.155589304167549
1940.030223565920551 44.045774185112478
3124.824880347432554 55.900133097761341
9614.633584396897277 98.054237972649076
4598.256398297789929 67.810444610677706
9686.703396738426818 98.421051593337623
6368.566992265339650 79.803301888238551
9274.944937399021001 96.306515550086331
8914.159454806356734 94.414826456475339
9216.103836310907354 96.000540812595986
2337.200791566390308 48.344604575551038
9636.960954770136595 98.168024095273182
8320.015557439448457 91.214119287747593
9409.113639760236765 97.000585770191293
4366.866326760142329 66.082269382642593
9028.975198114307204 95.020919791982166
7998.707252352735850 89.435492128979405
8017.248258763842387 89.539087882130246
8986.878981829680924 94.799150744242851
9057.677784436951697 95.171832936205192
333.693972723756019 18.267292430016990
4883.688431611276428 69.883391672208333
9534.941893540604724 97.647027059407208
2444.224886360090750 49.439102806989638
8419.361890686232073 91.757080874917946
7995.476647596067778 89.417429215987127
3415.130360043409837 58.439116694585742
6048.157944995743492 77.769903851012600
9445.201389658859625 97.186425953724935
7912.916962547104959 88.954578086499325
939.009457823115667 30.643261213896860
6244.370786190862418 79.021331209938893
9062.975820812585880 95.199662923839099
6195.866033651557700 78.713823650306537
608.780637573628951 24.673480451157047
8135.431942248833366 90.196629328644164
4237.636161722525685 65.097128674946376
2303.058294045935327 47.990189560429279
8050.888748376542026 89.726744889004763
1334.117178104274899 36.525568826566889
7029.798919680540166 83.843896138481895
7554.127166115443288 86.914481912483623
5364.640960181154696 73.243709355692488
8182.621853490166359 90.457845726560208
4849.889355448202878 69.641146999803240
6956.663687485338414 83.406616568982940
109.833865824724981 10.480165352928596
5756.773434041738255 75.873403996668941
7198.732006061599350 84.845341687458600
2812.252541148129694 53.030675473240294
3388.123085692559926 58.207586152429997
6701.093011322809616 81.860204075746168
750.344742236581510 27.392421255460086
6959.427517138548865 83.423183331365081
4338.388300786072250 65.866442903697717
5477.772690320178299 74.011976668105405
6158.533411142808291 78.476323889073754
5315.538421774863309 72.907739107551976
7150.445962552974379 84.560309617177808
3001.291740309405213 54.784046403213090
7485.105611138599670 86.516504848142119
675.881557068589814 25.997722151538387
9954.893663275604922 99.774213418476037
5438.515188930459772 73.746289323127712
6438.966385896785141 80.243170338021827
8920.571298207003565 94.448776054573642
448.332911161455229 21.173873315042179
4230.077994459451475 65.039049765963298
4635.216393211243485 68.082423526276173
1976.143857180099076 44.453839622467925
5507.150585493571270 74.210178449411984
1975.185945487900881 44.443064087525521
8475.385196465465924 92.061855273861752
5367.391967540022961 73.262486768741496
820.289088224373472 28.640689381095097
4857.051387397233157 69.692549009181988
336.474774296659575 18.343248738886455
377.753984451236761 19.435894228237526
2485.995260147409226 49.859755917447181
1308.797322335468834 36.177303967203926
6512.866146691407266 80.702330491079422
7868.031397856150761 88.701924431526010
2029.587719962224128 45.050945827609702
5805.675850750516474 76.194985732333578
9497.943764361867579 97.457394610988175
617.529341340414476 24.850137652343385
8622.410072037600912 92.856933354691407
9005.030106582162261 94.894837091288380
8108.835849454947493 90.049074672952344
1644.756577687578783 40.555598598560699
7211.497407600122642 84.920535841456640
4547.520543037254356 67.435306353847423
8827.263239148411230 93.953516374579678
7065.621824628870854 84.057253254129535
9119.071235616896956 95.493828259301125
3480.999004325404258 58.999991562079096
3445.930410100581867 58.702047750488070
9439.552710833706442 97.157360559217054
2001.554137884044849 44.738731965535692
6800.218245667817428 82.463435810471893
8217.930100969373598 90.652799741482738
750.875402986043696 27.402105812985315
6255.759492208071606 79.093359343298047
9920.477779501481564 99.601595265846427
3056.857761219675467 55.288857477973586
9062.092511083910722 95.195023562599687
7024.391747848600971 83.811644464528925
5714.447184707501947 75.593962620751014
2759.044687642083773 52.526609329387362
2694.691603027697511 51.910419021885168
684.219920585440832 26.157597760219513
3878.060254541641825 62.274073694769974
8496.444551704218611 92.176160430472578
6466.180113631308814 80.412561914363280
8494.344521290729972 92.164768329827254
4467.482473090993153 66.839228549490258
7784.742977294436969 88.231190501400562
980.678845651793040 31.315792272458843
404.826019715610130 20.120288758256184
1315.514823065765086 36.270026510408911
8863.652434648167400 94.146972519822256
8896.441789295935450 94.320950956274473
9868.644870483207342 99.341053298639864
1923.860892218817071 43.861838678044691
8733.628552105841663 93.453884628226348
9159.542645245854146 95.705499555907721
4358.345545274922188 66.017766891003831
6272.926118443279847 79.201806282705945
1457.474390670696948 38.176882935497716
2767.933297327389482 52.611151834258386
6554.861664763271619 80.962100175102123
6124.239761918653130 78.257522078830561
2239.117375857766547 47.319312926729680
3531.081417250628874 59.422903137179595
8919.512072164368874 94.443168478002519
2181.495841345495592 46.706486073622536
1450.206371342720104 38.081575221394402
5526.926969473526697 74.343304805971101
5750.272934369001632 75.830554095094158
1006.398174261039230 31.723779318691513
5344.251980713702324 73.104390981073792
6160.169901170119374 78.486749844608283
9547.553847616298299 97.711585022536084
1239.417575232887202 35.205362876029092
5182.330847778089264 71.988407731926458
7126.319697364566309 84.417531931255638
9044.725559865439209 95.103762069990893
6882.604791798644328 82.961465704257208
5300.912881962258325 72.807368321909962
2960.500575090093207 54.410482217033262
9240.977291422328562 96.130002035900986
3312.681230615849472 57.555896575553831
572.433806363486838 23.925588944966158
7091.935573755939913 84.213630569854544
4643.714625373362651 68.144806297863695
5853.747904008558180 76.509789595897843
7851.862416507482521 88.610735334424817
4395.951314900633406 66.301970671320419
7368.936906186573651 85.842512231333103
2165.618873108569915 46.536210343221654
2317.606947798718920 48.141530384884099
5609.065256907651928 74.893693038250234
368.814482705312059 19.204543282913864
6458.114399717802371 80.362394188561865
8042.499100787890711 89.679981605639782
2957.342494357236774 54.381453588123563
9965.613993527696948 99.827921913298866
7167.781131593450482 84.662749374169579
2792.133008495330159 52.840637850950763
5382.801507244980712 73.367578038565384
2977.354277531740081 54.565137931940939
3884.953996356764947 62.329399133609215
1005.564009128359999 31.710629276763967
4813.621224370904201 69.380265381237223
8047.652994142846183 89.708711918870208
7575.487534410809531 87.037276694591085
311.422731995089919 17.647173484586418
6138.153100291099690 78.346366222634089
6922.277325717570420 83.200224312904169
3503.665433143321479 59.191768288701439
1356.606440914843688 36.832138695911262
7289.231905735502551 85.376998692478665
7146.624606469658829 84.537711149933898
3404.803557972834824 58.350694580037647
2515.444871421341759 50.154210904183728
4189.869926393581409 64.729204586442904
5947.586932287892523 77.120599921732278
6761.831004616386963 82.230353304703655
3794.496858651732964 61.599487486924218
5694.733158906952667 75.463455784286424
6846.689976591682353 82.744727787283722
7135.676145606891623 84.472931437276941
1939.721367582135372 44.042267965922640
5795.930795070324166 76.131010731963386
8783.825407154523418 93.722064676118421
1361.147743224168153 36.893735826345484
4319.954493984968394 65.726360723723090
6306.372972214317997 79.412675135738368
69.692683356841584 8.348214381341773
2463.818668266555505 49.636868034421305
5649.570577383788077 75.163625360833862
196.162916937233717 14.005817253456998
5514.648107902809897 74.260676726668805
2487.934300688570602 49.879197073414993
9114.497562092676162 95.469877773529575
486.368127418165841 22.053755403970676
5971.270696440947177 77.273997544070070
822.175751095119608 28.673607221539456
6778.745440425946981 82.333136952419991
3251.860074634861576 57.025082855133682
6224.913111029773063 78.898118551900666
6966.759723547197609 83.467117618540044
2242.455360136354102 47.354570636173591
5490.135187299220888 74.095446468047015
4324.400475958080278 65.760173934974347
2290.403790560508241 47.858163259369952
1614.265966744605976 40.177928850857981
2036.962355698045030 45.132719347476119
312.990137896846818 17.691527291244441
771.261923158048944 27.771602819391770
9483.653182962107167 97.384049941261466
827.613314954918906 28.768269238084500
2041.455006883346186 45.182463488430400
3693.479881511163057 60.774006627103027
547.891106419721496 23.407073854280068
9090.020806559961784 95.341600608338652
3184.083996908780136 56.427688211628698
7875.047885917183521 88.741466552661748
4818.854977076182877 69.417973011866195
7249.887574870012941 85.146271643977542
9893.936248396008523 99.468267544961336
6275.206515286002286 79.216201090976341
8198.657314780708475 90.546437338973803
3545.220730890998766 59.541756195891622
1358.229837959549968 36.854169885639131
2013.180495721423313 44.868479980064215
2648.396514853477584 51.462573923711567
7424.739562867412133 86.166928475299684
6257.535757556187491 79.104587462145247
9959.354056202630090 99.796563348657600
2247.866785964552946 47.411673519973462
5062.858789731673824 71.153768626346661
6131.558454443450501 78.304268430548859
3344.232663446414790 57.829340852601931
2555.699761057795058 50.553929234608411
231.688610320252081 15.221320912465254
4989.935458812532488 70.639475216146195
5429.631051483896044 73.686030232900293
7297.917144029102019 85.427847590988165
354.528449587078967 18.828925874491063
7797.621372556274764 88.304141310338750
4669.866633075947902 68.336422448617753
9862.429149555775439 99.309763616453012
6188.947139154510296 78.669861695280176
2349.505961609349015 48.471702689397546
8657.949380742094945 93.048102510164568
7590.805695504319374 87.125229959549145
5717.831974258524497 75.616347268686056
9920.241174944108934 99.600407503905870
3459.536464744387558 58.817824379556811
3256.507479164698452 57.065817081372792
5528.266081051291621 74.352310529339249
2136.565072896609308 46.222992902846620
652.873798230414423 25.551395230601681
6419.166308919547191 80.119699880363669
1431.535435644939753 37.835637111656254
5107.013389192730756 71.463370961582342
8871.486518521325706 94.188568937644050
7001.385287974208040 83.674280922958687
2126.329948429255637 46.112145346201963
7773.092922230825025 88.165145733622111
3724.057401046259201 61.025055518583997
534.947923678328721 23.128941257185307
9886.976636500914537 99.433277309464728
7240.259088299215364 85.089712000330664
7692.497684968313479 87.706885048827914
3603.283210750863873 60.027353854312651
5885.287721871438407 76.715628928344444
6888.506760808708350 82.997028626383411
2463.643093444629812 49.635099410040773
602.847615529108680 24.552955331876216
8321.285457073299767 91.221080113498431
5745.181745898050394 75.796977155412009
2342.728000814209736 48.401735514485530
5683.859461246926912 75.391375244433149
1534.746263247727484 39.175837747873722
4113.987481832528829 64.140373259223622
357.141808042168634 18.898195893845756
7476.718700719467051 86.468021260576251
8502.392599791681278 92.208419354154870
9430.350230213643954 97.109990372842915
6094.353529508865904 78.066340566910569
4090.236453681044622 63.954956443430127
8039.235812828698727 89.661785688378401
2059.304140277624811 45.379556413407400
875.359695388842056 29.586478252553853
1015.747453939858474 31.870793117521540
5246.561038324398396 72.433148753346345
4572.653462841492001 67.621397965743739
9892.595892351153452 99.461529710492357
6186.253613493669945 78.652740661045442
8167.464316631063411 90.374024568075214
1841.087576752007180 42.907896438208283
5255.111585704031313 72.492148441772855
1781.679219975176238 42.209942193459305
1774.047270615627667 42.119440530657904
7682.860153261000960 87.651926124078997
7989.624154883798838 89.384697543168983
8709.154795283420754 93.322852481497904
7240.892159153604553 85.093431938978725
1474.617599544274981 38.400749986742120
5673.240146312481556 75.320914401728302
5744.379750519885420 75.791686552813204
4209.268553007203082 64.878876015288697
2417.035019987968553 49.163350373911342
3266.933792811903004 57.157097484143677
8118.581642893130265 90.103172213264116
2203.995129309442746 46.946726502594863
7022.621539722582384 83.801083165568826
9390.782548901714108 96.906050115055834
1762.868672749269308 41.986529658323384
6824.411486070895080 82.609996284171899
7480.333515706417529 86.488921346646578
2981.868392307590057 54.606486723718000
4143.030325884903505 64.366375739860516
2637.862510265525543 51.360125683895340
2005.738324493896471 44.785470015328592
9525.421850684482706 97.598267662312949
8511.592170762593014 92.258290525906631
3794.686882799972864 61.601029884247659
5043.649543792666918 71.018656307991819
6119.014688103332446 78.224131111207186
422.731555076979589 20.560436646068087
6542.680709338746055 80.886838913007011
8906.747543433237297 94.375566453575459
5714.563045147968296 75.594728950820169
6209.410207180174439 78.799810959038311
8041.628673578153212 89.675128511634441
9373.816965384323339 96.818474297957849
7911.153264185023545 88.944664056845042
2273.864337343083662 47.685053605328825
7025.615032284383233 83.818941965908778
6260.076133985530760 79.120642906801066
7568.331716360609789 86.996159204648862
2929.001787247474567 54.120253022759186
769.431823490434908 27.738634131666160
9057.928249168944603 95.173148782463556
409.913986687142483 20.246332672539552
4292.615747787166583 65.518056654537361
1258.875600119136379 35.480636974540580
2423.961922004767985 49.233747795640824
8573.064660585871025 92.590845446976402
8163.981964856552622 90.354756182818363
5348.718939069745829 73.134936515113935
1152.699372411405193 33.951426662386446
8751.167279903093004 93.547673834805181
5654.789305253308157 75.198333128157230
6082.050387691775541 77.987501483838912
9038.880107468856295 95.073025130521941
114.193539642205423 10.686137732698631
6887.524626478973914 82.991111731793140
1664.719674510517734 40.800976391632069
7292.567256323045513 85.396529533248867
7500.238235493779939 86.603915820785957
7033.321515718484079 83.864900379828057
6305.002599309934340 79.404046492039271
5663.545230516800075 75.256529487591976
6940.547632369173698 83.309949179969934
5489.298868178322664 74.089802727354609
3059.390449474848538 55.311756882916391
8974.311741854242428 94.732844050277734
6940.432382012304515 83.309257480860467
1550.507341570954395 39.376482087293610
3136.875693461605351 56.007818145876790
8297.980218410591988 91.093250125410449
7970.585996260551838 89.278138400509633
7087.175910831824694 84.185366369885358
121.418738371254179 11.019017123648288
7036.869630174796839 83.886051463725465
2713.811511120712112 52.094256028094996
8251.517043845511580 90.837861290573727
5722.935295422312265 75.650084569829218
3259.746250359198257 57.094187535678259
6907.235210772283608 83.109778069564612
4095.647110055036137 63.997242987921254
397.377794417981534 19.934337069939936
8397.661045872386239 91.638752969867426
9705.667907020788334 98.517348254105926
7550.831867177323147 86.895522710766429
4987.921614182167104 70.625219392099353
8292.605583292233860 91.063744614924730
2152.979523882338071 46.400210386186160
1422.282513598363721 37.713161013078228
1353.533901182994896 36.790405015207362
7187.179247664252216 84.777233073887544
1445.981186975375522 38.026059314309386
4456.519706941710865 66.757169704397370
8122.185676469194732 90.123169476384902
5284.110390365454805 72.691886688718256
9160.984141760218336 95.713030156610429
3044.993551661791116 55.181460216831802
8874.858852847382877 94.206469272801982
3658.601613568698667 60.486375437520628
9228.714718951334362 96.066199669557733
7701.043146305936716 87.755587550343122
3332.990724746860451 57.732059765323292
946.722042770216262 30.768848577257749
4161.708240520516483 64.511303199675922
9273.506291440060522 96.299046160593207
527.653504386907343 22.970709705773292
9653.352964032892487 98.251478177342918
449.224352660920204 21.194913367620078
2266.249493862640520 47.605141464579646
8964.433989581619244 94.680694914969962
3512.732050595690453 59.268305616034702
1310.659138422185606 36.203026647259556
7983.512458435229746 89.350503403367739
8845.277993120882456 94.049338079121441
4895.526880088899816 69.968041848324575
6726.977698235825301 82.018154686848604
374.413786599579737 19.349774846224431
4805.663513565179528 69.322893141913653
1160.392063937560806 34.064527942385475
2009.001032051520269 44.821881174840492
4309.892608694126466 65.649772343048738
9611.783387899638910 98.039703120213701
4801.515774766725372 69.292970601401734
9895.804238853170318 99.477656983129478
6293.363780073755152 79.330724061196833
1945.556466280622772 44.108462524561233
8960.601555103941791 94.660454019109494
1583.254222372762115 39.790127197242811
7664.979992006962675 87.549871456256071
6833.668034609809183 82.666002894840688
4835.332645168207819 69.536556178518126
6371.087578569925427 79.819092819762901
1049.742330633555866 32.399727323444495
1026.389089700445766 32.037307778595341
6365.940771993165072 79.786845858156127
1971.991405112555640 44.407109848678012
133.583381038226918 11.557827695472316
9280.412052370484162 96.334895299525215
9180.533162951876875 95.815098825560241
9596.619507599996723 97.962337189350464
6399.194095526015190 79.994962938462663
8526.873163093050607 92.341069752808536
1518.959350206847603 38.973829042151451
1858.443303156388765 43.109666006087181
8495.980487446329789 92.173643127774497
7461.887318815221079 86.382216450003298
1645.654969413682011 40.566673137116901
7471.572948473703946 86.438260906115545
3989.343935791453987 63.161253437463174
5473.312168167004529 73.981836745021440
7540.399609420293018 86.835474372057718
7663.121391585327729 87.539256288737846
8791.758420045132880 93.764377137829555
2370.408893017975970 48.686845174214930
9563.585706436273540 97.793587245975758
4485.896206807123235 66.976833359058730
8383.119773008536868 91.559378400077279
175.732483435794109 13.256412917369243
7630.632896841627371 87.353493901741714
6033.381381296494510 77.674843941243253
6731.651583779092107 82.046642733137418
4000.001561885230785 63.245565551153312
3085.254037973150844 55.545063128716947
5260.182701032387740 72.527117004830600
8153.336369755650594 90.295826978635347
4464.316990750973673 66.815544529330694
2667.099063765680057 51.643964446638684
9119.252705677001359 95.494778421005833
1426.375730885871008 37.767389781210341
4554.143641797292730 67.484395542949727
9903.457686904248476 99.516117724237262
5625.050633710519833 75.000337557310502
2463.620336526584197 49.634870167318702
9702.753980562934885 98.502558243747842
4078.459002056288227 63.862813922158864
6576.596776079422852 81.096219246518658
6526.741476273001354 80.788250855387389
1756.726319709519885 41.913319120650897
3366.631569037687314 58.022681505060476
6632.851864377844322 81.442322316949216
5951.468560362416611 77.145761778353162
1333.815964739822903 36.521445271782753
6108.978942867170190 78.159957413417075
6425.405191723479220 80.158625186086368
8548.216549906303044 92.456565747957043
5693.968911939888130 75.458391925218550
7106.211344814412769 84.298347224690076
1372.072063919217044 37.041491113604174
1501.557975949942829 38.749941625116584
8859.564351640710811 94.125258839701004
5477.691250578149265 74.011426486578060
2000.796117811747081 44.730259532130454
1720.691529128575894 41.481218992799327
5095.152894661886421 71.380339692816577
6946.161065254630557 83.343632421767111
359.938573002636019 18.972047148440151
3266.084246003926182 57.149665318389452
5271.992228133059143 72.608485923706326
1075.724444489319012 32.798238435765406
487.744951324609474 22.084948524382153
1091.502237839116333 33.037890941146898
8692.071064278559788 93.231277285461232
3226.318869151805302 56.800694266459502
6410.500052310353567 80.065598432225272
6127.455166609902335 78.278063125053762
9040.151521120578764 95.079711406380383
4282.345103705095426 65.439629458800383
9317.886661970305795 96.529201084284878
35.788116318333536 5.982316969062533
357.758640737534733 18.914508736351962
6152.580385596146698 78.438385919115817
8420.708736603208308 91.764419774786390
457.384487282345219 21.386549213988339
9685.981831125993267 98.417385817374736
4147.032000951788177 64.397453373186963
1493.095797410750947 38.640597787958079
1927.677201622434495 43.905320880531491
7392.413899036164366 85.979148047861955
1383.857747048737338 37.200238534836537
5139.829878263948558 71.692606859173068
3636.421366802896046 60.302747589167907
694.097884199709370 26.345737495839995
1353.267411404532822 36.786783107585428
4479.797747400463777 66.931291242590447
962.341260931774400 31.021625697757596
9885.591956816353559 99.426314207137111
7886.422322226024335 88.805530921367861
1646.822198336687279 40.581057136756399
1284.074867684961191 35.833990395781505
2776.165259849497488 52.689327760463009
3933.979398538275291 62.721442892668492
7625.184874772383409 87.322304566315609
4061.258167277743723 63.728001437968722
750.123921469543916 27.388390267950104
852.135419656926501 29.191358646985353
1886.490706166396194 43.433750772485631
6436.392093708189350 80.227128165653482
1815.579401891405269 42.609616307723371
8628.728482210111906 92.890949409563646
1157.306815762064844 34.019212450644190
5954.274182789418774 77.163943540940281
3834.431690469429668 61.922788135462937
1300.510614737273045 36.062593011835311
9526.662936490658467 97.604625589623865
4200.759864237090369 64.813269198807504
3587.746025639270556 59.897796500700011
5958.053208721122246 77.188426650121087
3894.326940209792610 62.404542624794495
3801.505108805826239 61.656346865556557
7208.756005524349348 84.904393322868458
7405.968910465589943 86.057939264576802
54.843909353139345 7.405667380671329
5128.655891936236912 71.614634621257665
1935.099851714033548 43.989769852933236
8315.615160977518826 91.189994851285732
2303.744771761196716 47.997341298880258
1631.993621705945316 40.397940810218849
2245.556047157531793 47.387298373694314
6169.537469757468898 78.546403289759041
7007.386755327322135 83.710135320206732
3957.622495692977736 62.909637542215883
5665.655471796063466 75.270548502027424
6163.538395841624151 78.508205914042037
6861.832379683505678 82.836177964000157
1639.205071351311744 40.487097591100692
9480.637798935918909 97.368566791012796
1342.193060417420838 36.635953111901166
9868.480573605751488 99.340226361760173
6125.429798973141260 78.265125049239785
5573.328814784531460 74.654730692599330
3438.303841295769871 58.637051778681453
3833.269401830610150 61.913402441075796
934.185812383518396 30.564453412150502
8723.303191334007352 93.398625211156116
3750.405922092511446 61.240557819899969
583.077104262753664 24.146989548652925
7309.494370000524214 85.495580996917752
1792.552875112761285 42.338550696885711
8923.019222619652282 94.461734171142822
8150.347677883001779 90.279276015500926
980.471192178701813 31.312476621607271
7128.125456017651231 84.428226654464623
9320.076687410110026 96.540544267215054
3312.415355890756473 57.553586820377724
6471.254465646102290 80.444107712411736
4239.421548720558349 65.110840485441116
9249.041653470909296 96.171937972939432
9215.642886333911520 95.998140014970659
7608.184093136909723 87.224905234324609
4232.615594714850886 65.058555123172312
2483.780507103255331 49.837541142227870
1890.031360221741579 43.474490913888133
7559.627743426281086 86.946119772111061
9507.003891333926731 97.503866032757529
7348.561033133208184 85.723748361426715
6303.341546721413579 79.393586307216367
9183.187698386152988 95.828950210185198
9017.379274762923160 94.959882449184420
872.892248122289175 29.544749924856177
7905.104148291333331 88.910652614247155
6960.181287939778485 83.427700962808387
880.843317149996437 29.679004652278966
6280.843197068706104 79.251770939637098
9126.575785426330185 95.533113554548876
2820.825067606904668 53.111440082216795
8947.165846270321708 94.589459488202607
2436.656820887160848 49.362504199920416
1827.614336163529970 42.750606266619542
4198.098054298557145 64.792731492803711
2016.042362789472236 44.900360385964298
1924.539144128090129 43.869569682504185
8893.441303995596172 94.305043894775835
1491.238289592643241 38.616554605410400
8733.766235687575318 93.454621264480949
9747.822396284533170 98.731060949857792
2727.886706562045674 52.229174860053512
9755.983159385310501 98.772380549348469
5724.228273879671178 75.658629870489136
7068.117039008778193 84.072094294175741
5651.545270206558598 75.176760173650464
9594.541990027484644 97.951732960818433
3436.591444336476798 58.622448297017385
6649.359744182113900 81.543606396713372
5294.603601034255917 72.764026833554610
54.876344243113479 7.407856926474315
6541.690651940084535 80.880718666070749
2795.340780360718782 52.870982403968235
5717.952751905891091 75.617145885744009
3159.613478266760012 56.210439228552197
2229.707166291133944 47.219775161378458
3424.446818723366960 58.518773216151473
7743.145218169399413 87.995143151025104
5881.576043917666539 76.691433967019208
9958.980834856085494 99.794693420322133
7501.766162311473636 86.612736721058951
9801.485634545975699 99.002452669345402
590.794210716398993 24.306258673773694
7012.108623058582452 83.738334250560428
2339.865326343056040 48.372154452154142
9471.164690744559266 97.319909015291216
7457.693604275756115 86.357938860742593
4521.508382203730434 67.242162236231891
7028.193691646418301 83.834322873429457
3327.306188590431702 57.682806698273893
2633.610701684476226 51.318716874883734
2583.877471971607520 50.831854894068222
8063.933067900041351 89.799404607714635
2311.280440592214291 48.075778106986625
2771.937644405608353 52.649194147732295
505.728311826532092 22.488403941287878
3022.176761052201073 54.974328200099009
5439.415715213199292 73.752394640534888
2498.459909943232105 49.984596726824073
9363.349884740468042 96.764404016872177
5146.898726557899863 71.741889622157984
1311.041624592765629 36.208308778411144
9405.435247530504057 96.981623246522858
7181.702716095813230 84.744927376780566
6919.449061120844817 83.183225839834108
6350.898352129856903 79.692523815787496
1669.599604894045115 40.860734267681060
5370.283670022035039 73.282219330626404
9208.729246634977244 95.962124021068732
6164.449738133730534 78.514009820755746
8572.121716198633294 92.585753311179758
4961.188588916584195 70.435705355427402
3461.897980939414992 58.837895789528496
2204.247915814374664 46.949418695169960
2072.186330081330198 45.521273379391864
6791.591083662334313 82.411110195545447
4823.058947009574695 69.448246536608650
7519.182942252247813 86.713222418799816
1065.408098332661666 32.640589736287879
8678.966578373574521 93.160971325837806
3144.797176438197766 56.078491210429313
7996.596781718686543 89.423692507739176
7187.101835395589660 84.776776509817765
4795.676463009157487 69.250822832722776
9594.551623952191221 97.951782137703816
8984.234177175167133 94.785200201166248
9902.704340408839926 99.512332604601525
2290.019604812671332 47.854149295674155
8529.380783909964521 92.354646791106106
7526.365638686406783 86.754628917922332
9008.797803492474486 94.914686974632517
3839.356017262380192 61.962537208077428
7980.496599452975715 89.333625245217576
2375.198961724815035 48.736012985520418
7412.858252138756143 86.097957305262227
4132.256140811638033 64.282627052817602
4701.192570793085906 68.565243168773833
4048.690861467915056 63.629323911761901
3225.686707831201602 56.795129261506233
8636.641686922685039 92.933533705130813
4393.098039981740840 66.280449907810222
4226.578186327544245 65.012138761369357
5301.905776928387240 72.814186646067725
9507.899905678730647 97.508460687669199
5818.724042947458656 76.280561370164676
3007.807706623058493 54.843483720703397
1551.399888547483897 39.387813959998894
4374.458551720386822 66.139689685697704
9602.159439890458088 97.990608937236729
6121.744355651317164 78.241576899058714
5007.512081450383448 70.763776619470946
886.210665594258330 29.769290646474236
3850.718847574944903 62.054160598423572
2422.322204084005989 49.217092600884158
3998.700169259561790 63.235276304129187
1718.210888152261532 41.451307435981576
8460.228008036667234 91.979497759210815
2402.049174567191130 49.010704693640051
670.196748013775391 25.888158451573481
4752.144294738246572 68.935798354253109
6631.543086494330055 81.434286921998222
3035.824335765932119 55.098315180828642
7224.684512664493013 84.998144171884675
4759.738220908282528 68.990856067367957
2918.872370776044590 54.026589479403981
8120.115766113602149 90.111684958797667
34.781078626764860 5.897548526868165
1916.513166874976605 43.777998662284425
3336.520715379625472 57.762623861625478
1082.696761902510843 32.904357795017226
4507.814040503374599 67.140256482257911
1154.944888361150788 33.984480110208409
8738.337433768092524 93.479074844416886
6832.931343304489019 82.661546944782543
6009.207621806726820 77.519079082550547
9122.383811407946268 95.511171134103193
9125.240488536412158 95.526124638951060
2446.229088455992496 49.459368055566507
8909.962241401855863 94.392596327264229
7910.827810364798097 88.942834508266031
9812.567845609491997 99.058406233946101
6288.801539970881095 79.301964288224795
9349.364270196632788 96.692110692634245
5450.594831263711967 73.828143896915847
7458.729766413468496 86.363937881580341
5258.014391816284842 72.512167198452190
7593.948728614320316 87.143265537930816
7425.745189966356520 86.172763620336312
759.302170824943687 27.555438135238273
5668.971934239125403 75.292575558544456
1930.885338284256477 43.941840406203475
5592.376004121183541 74.782190420722387
3775.830410067897901 61.447786046918715
9325.892820810513513 96.570662319415177
2304.771957815902169 48.008040553806218
8656.353622131362499 93.039527202858054
7433.816853071059086 86.219585089880013
4316.906965986767318 65.703173180499945
5610.599986850665118 74.903938393456087
8992.790946188608359 94.830327143739240
2200.841161045858371 46.913123548169956
6173.146148673698008 78.569371568529789
7526.572009765098301 86.755818304970759
82.945583126620875 9.107446575556777
4820.460319284404250 69.429534920553834
1015.848021877135466 31.872370822973547
5150.624744996351183 71.767853144679975
6024.804487548578436 77.619614064671680
5839.375305005527480 76.415805335058323
4482.606056632083892 66.952267001439793
4078.118815629276924 63.860150451038535
8006.536131119748461 89.479249723719462
6813.451207281222196 82.543632142529461
6294.335285242248574 79.336846958032353
8833.204685692448038 93.985130130741680
9536.453361591320572 97.654766200075045
6745.936572178830829 82.133650668765668
1484.744546391435279 38.532383087364778
3864.148373898899990 62.162274523209817
5488.306563535496934 74.083105790291327
1238.132987372226125 35.187113939228183
653.667772264812811 25.566927313715521
5248.858246569138828 72.449004455334915
4548.833213872570923 67.445038467425988
8524.404656927606993 92.327702543319077
7966.504939016568642 89.255279614242255
105.625564169548738 10.277429842599206
7264.169427924269257 85.230096960664483
558.946661368953187 23.642052816304957
6189.477155492381826 78.673230234256820
2033.750721597621350 45.097125424993791
1249.436614474888529 35.347370686868473
2143.075302258459033 46.293361319507348
2769.392728486827309 52.625019985619268
1396.736630308242638 37.372939813563541
1087.329931656863209 32.974686225298086
3218.114263352510534 56.728425532113178
8575.687848181114532 92.605009843858412
9466.479880450486235 97.295836912226036
3092.207108684610830 55.607617362054015
4838.933890843000881 69.562445980881094
7752.368558934809698 88.047535791382657
4710.758930889775002 68.634968717773702
1620.195480933523413 40.251651903164465
1837.716781368528245 42.868599013363244
4771.668800504302453 69.077266886467811
8398.555051994007954 91.643630722456692
5236.433200738348205 72.363203361503750
6170.025280436680987 78.549508467186996
7835.133560578912693 88.516289803509679
8284.312138384371792 91.018196743202793
3133.590249599285471 55.978480236598827
2744.180749188387381 52.384928645445221
4428.387199438342577 66.546128357991961
2891.905796096887116 53.776442761648774
8420.318355116245584 91.762292664886303
9730.178547504832750 98.641667400266670
5202.671114615725855 72.129543978980806
3742.637928171899148 61.177102973023324
2544.132304832564387 50.439392391587795
3014.051835317688528 54.900381012500162
3111.759124477214755 55.783143730675619
978.473615476233476 31.280562902163918
3050.804060873991602 55.234084231333028
8173.650644094833297 90.408244336978655
3870.077381783201417 62.209946003699450
9885.363280119132469 99.425164219724238
8488.484940048570934 92.132974227735488
8034.680650310205237 89.636380171837629
2409.307710989672614 49.084699357230178
3725.557079911200162 61.037341684506544
663.485299777591422 25.758208396113101
6957.610365690313301 83.412291454499154
787.758563646545326 28.067036958798223
3348.632170452988703 57.867367059967300
287.338626570412657 16.951065647044516
7619.895473847748690 87.292012657789883
9819.617657626296932 99.093983962833477
4885.506095820136579 69.896395442255368
2866.009175444432913 53.535120952926157
1422.603771334625662 37.717419998385701
7383.489144732481691 85.927231683165971
9525.842510236478120 97.600422694968273
9509.782247805664156 97.518112408955417
5650.313726103536283 75.168568737894276
7142.015571138723317 84.510446520762883
4625.199281242787038 68.008817672731141
63.237019147623734 7.952170719220239
4239.463512717376943 65.111162735105395
2071.490861267170658 45.513633795459256
6686.684728667752097 81.772151302676093
9263.266332318453351 96.245863975125985
5014.638439301547805 70.814111865514121
3604.606000012139248 60.038371063946592
3184.853054101675298 56.434502337680584
3976.530274543418273 63.059735763349167
3158.569981625100809 56.201156408254633
5668.197516889531471 75.287432662360928
6063.133789287385298 77.866127355143234
4653.178168127251411 68.214207963790443
903.114335350078591 30.051860763521425
8029.554128230945025 89.607779395713990
522.301760695582175 22.853922216888336
9315.626192079997054 96.517491637940935
2999.962080236575275 54.771909590926036
9127.884495986969341 95.539962821779298
7938.520096727932469 89.098373142992529
8332.341573176785460 91.281660661804267
7319.248875764983495 85.552608819164504
8659.029196970432167 93.053904791633713
3082.871707785888702 55.523613965464179
509.077202965304082 22.562739261120402
3853.879469112187962 62.079622011672946
6034.208917650976218 77.680170685001556
6940.499129634828023 83.309658081370301
3349.864546199336019 57.878014359507326
1703.711180437798021 41.276036394472250
5272.023900301726826 72.608704025769029
8164.258356101006029 90.356285647989125
8647.633115237573293 92.992650866816206
9905.155779409435127 99.524649104678758
1475.721981919927430 38.415126993411427
2457.780568654159197 49.576007994332898
6935.956710530530472 83.282391359341560
929.388365233635113 30.485871567557901
3061.987768905333269 55.335230810988158
8049.258042445738283 89.717657361556974
5586.304887295495973 74.741587401496204
9399.607365889589346 96.951572271364370
5981.021844837660865 77.337066435427076
3631.235700970303697 60.259735321110597
2165.563218054255685 46.535612363589408
7397.964882584170482 86.011422977324187
5123.471766798004865 71.578430876891986
6971.211486618449271 83.493781125413463
1770.224258463965953 42.074033066298341
7093.185590462112486 84.221051943454810
2536.472810474753260 50.363407454964296
3455.500354713457909 58.783504103731836
6474.309213164687208 80.463092242124816
4462.494242393200693 66.801902984819236
1174.135316169258658 34.265657970762192
2734.588323317831964 52.293291379658172
4041.554962804189472 63.573225203730146
5024.905407139851377 70.886567184057171
55.576582990276279 7.454970354755026
9315.395489733547947 96.516296498226396
6764.508150405501510 82.246630024612571
3394.784209345649288 58.264776746724507
1136.278225697217067 33.708726254446596
4232.026352240310189 65.054026410671227
1294.455618625315310 35.978543864716308
4402.029093359140461 66.347788910853239
245.164869460793739 15.657741518520279
5775.216699960939877 75.994846535544369
5090.443371697755538 71.347343129914478
5350.872678866829119 73.149659458310737
1068.932678069510985 32.694535905400322
6857.255470572154081 82.808547086470213
110.782090341220041 10.525307137619313
193.938856611818323 13.926193184492966
33.719172992297985 5.806821246800868
1463.832584991546582 38.260065146201029
2325.098393582301014 48.219274088089513
2806.343094275420299 52.974928921853405
8151.446890025914399 90.285363653395748
986.830162063553644 31.413853027980405
8107.179500142692632 90.039877277474631
1023.992553378220123 31.999883646323156
4828.148959890166225 69.484882959462240
1827.948711826082672 42.754516858761050
7967.854413539669622 89.262838928300226
4338.524310186188814 65.867475359134488
2505.188871077319618 50.051861814295378
1637.820084224676521 40.469989921232703
8104.325011166980403 90.024024633244323
6411.342519379563782 80.070859364562608
306.052060713263984 17.494343677693770
6661.918581428598372 81.620576948638373
9071.087603291764026 95.242257445378542
6179.315960384930804 78.608625228946295
1421.419941364706347 37.701723320886892
9384.187590445390015 96.872016549906661
5085.019873385597748 71.309325290494769
1097.987460159748025 33.135893833722790
3542.033444628296820 59.514985042662126
8121.258821430692478 90.118027172318264
5451.166731432790584 73.832016980662189
1767.183226626203123 42.037878474373599
24.894306847691791 4.989419490050099
6758.059938364427580 82.207420214749632
2903.687468859662658 53.885874483575591
4543.293724264826778 67.403959262530165
6498.388794893417980 80.612584593805309
8375.958485342698623 91.520262703636831
1729.409557851878617 41.586170271520295
4657.800672382706580 68.248081822002192
9592.705210650292429 97.942356570843714
3646.637192387378036 60.387392660946851
1161.619176810448835 34.082534776780449
9312.761492773388454 96.502650185232682
2481.480181407559030 49.814457554083219
182.946362903836274 13.525766629061595
4597.851216473177374 67.807456938549009
5549.212187604259270 74.493034490509643
2841.876687321602731 53.309255175078206
5319.544752591853467 72.935209279139343
4297.636716056760633 65.556362895273253
4207.585066814139282 64.865900647521570
1428.762245760375663 37.798971490774399
5738.777202804762055 75.754717363374553
7114.191565061137226 84.345667138633374
2060.503197703008482 45.392765918183578
4308.368393942740113 65.638162633811902
7736.963923341692862 87.960013206807176
5136.921198222421481 71.672318214373547
424.067573536201849 20.592901047113344
912.024290543939514 30.199739908547880
7423.838432912039934 86.161699338581059
709.418594619225701 26.634913076997748
3068.906278892785849 55.397710050983029
1485.302696044957202 38.539625011732497
5147.593299635555923 71.746730236544963
2352.641573622737724 48.504036673484585
5974.650981382856116 77.295866521974233
7625.870921843233191 87.326232724441013
3364.389924340651760 58.003361319329173
7619.495441962632867 87.289721284711604
7919.126284252030018 88.989472884448702
1310.379099524285493 36.199158823435184
3087.894026533559554 55.568822432489604
2487.865842312133736 49.878510826929606
8014.995580111894014 89.526507695273665
1668.060837450439067 40.841900512224441
932.646888595418659 30.539267977399501
1118.659052034746765 33.446360819000127
3177.102811438189292 56.365794693574486
4425.538650811291518 66.524722102473234
3175.435014745744866 56.350998347373981
7687.484850876388009 87.678303193414891
8313.796000262047528 91.180019742606149
1996.364175503391380 44.680691305119616
3503.310234629159368 59.188767807998495
5108.708159218815126 71.475227591234813
368.231294052068165 19.189353664260508
6205.521155107389859 78.775130308412628
7715.711720982610132 87.839124090479245
314.086294860834187 17.722479929762489
6426.725544605290452 80.166860638329169
1078.203676164731860 32.836011879714199
3834.451935253908687 61.922951603213399
6089.349821903779230 78.034286194619469
8076.401330024520576 89.868800648637347
7931.605720465788181 89.059562768215898
4141.842203916279686 64.357145709829922
3968.459325366321991 62.995708785331736
8236.711793312793816 90.756331973657865
3031.751406150450293 55.061342211668347
579.667393046830739 24.076282791303782
3303.506827149363289 57.476141373176432
1158.677314109005010 34.039349495973113
2983.491827549511072 54.621349558112449
6496.067884607698943 80.598187849403288
3147.043309546212640 56.098514325659394
6891.279439213475598 83.013730425836641
5094.028472711522227 71.372462986165203
8200.138439548543829 90.554615782678596
705.004470375514416 26.551920276611153
4809.397248745866818 69.349817943134255
4445.182885875668035 66.672204747373314
7407.649659653166054 86.067703929250754
1086.383652712829189 32.960334535814852
9103.408881640694744 95.411785863386370
223.138654716875806 14.937826304950658
948.983407877876630 30.805574298783601
2720.841122515047118 52.161682512310193
408.023655916315420 20.199595439421934
4506.243336011263636 67.128558274487489
9872.404755936264337 99.359975623669840
670.043631865924453 25.885201020388550
6253.592644009845571 79.079660115669725
4176.030620962953435 64.622214608932694
6426.281898132428978 80.164093571451488
6296.950628489792507 79.353327771995751
2104.541318857065562 45.875280041184112
6015.827276052173147 77.561764265984650
1449.052343889921985 38.066420161211930
2825.302511079495616 53.153574772347113
1023.765736626387934 31.996339425415339
2000.692085290746491 44.729096629495508
9746.960308719697423 98.726695015683049
8391.712595871958911 91.606291246136365
4096.119653620006829 64.000934787079530
1478.128833160558770 38.446441098761781
6001.084278008775073 77.466665592426111
4294.040273442486068 65.528926997490856
3473.101899765795679 58.933028937649183
4033.631553551937486 63.510877442780917
5782.686360782750853 76.043976492439896
6104.373846508300630 78.130492424586066
9881.376533270049549 99.405113214914905
1926.247794278046968 43.889039568872398
2371.732872552926892 48.700440167958718
2134.403566942915404 46.199605701162810
7657.632878575700488 87.507901806498026
2137.928203984368793 46.237735714288270
8695.727705324128692 93.250885815224990
2731.281836635005220 52.261666990586946
7085.561221640277836 84.175775741244451
7192.964742463673247 84.811347958063209
1368.770913338067430 36.996904104777030
7720.480294006892109 87.866263685255745
7799.707072082940613 88.315950269942405
2770.362214264085651 52.634230442403975
7116.669623396773204 84.360355756698738
4652.136909408824067 68.206575265210489
775.885951480144399 27.854729427516332
6440.370764897124900 80.251920630581324
5441.324555490565217 73.765334375237302
209.247534257339964 14.465390912704017
618.168399182408621 24.862992562891712
6377.409606168584105 79.858685226896796
9010.134040712115166 94.921725862481637
3819.423230268550014 61.801482427758557
69.177740126018136 8.317315680315263
7731.538331485790877 87.929166557438663
5309.333923295036584 72.865176341617655
8995.060285418914646 94.842291649974982
3962.875651943978482 62.951375298272701
282.266304433840617 16.800782851814990
6086.305828444329563 78.014779551340979
6129.061655928804612 78.288323879929919
6358.318077347815233 79.739062430830074
6081.640233571633871 77.984871825063820
5714.156913496417474 75.592042659901821
3155.553511872768013 56.174313630633421
5076.877110421162797 71.252207758224330
6975.824760664722817 83.521403009436582
443.059044945485425 21.048967788124088
356.135416882980394 18.871550463143731
1655.593884391477104 40.688989719474201
5049.078254881529574 71.056866345776385
6833.790711973595535 82.666744897652748
6743.773701870414698 82.120482839973704
4363.765667718139412 66.058804619203784
1245.360991103135120 35.289672584243895
7635.622747050329053 87.382050485499192
5959.012093166847990 77.194637722881041
6498.129053132725858 80.610973528005019
7127.098359870122295 84.422143776796631
2378.835688848187601 48.773309184923960
6379.481540536557986 79.871656678302088
3340.092035388765453 57.793529355705260
5710.577762569375409 75.568364826621561
5439.743378529125039 73.754615981165031
4205.304186588937227 64.848316759873867
2562.612309454890692 50.622251129862754
3727.384129127260621 61.052306501288392
8117.658853237544463 90.098051328747090
6031.892722720870552 77.665260720098473
9548.508981714590846 97.716472417472133
5323.017656604194599 72.959013539138496
3250.753684785611313 57.015381124619445
3514.004540866560092 59.279039641905129
8851.400796340283705 94.081883465098016
4125.215718768791703 64.227842239707783
5432.923824841248461 73.708370113856461
4125.620620833435169 64.230994238244790
7222.088013124780446 84.982868939126675
3786.354152804168280 61.533358049144113
6897.023187476704152 83.048318390420789
268.804791105230152 16.395267338632515
6748.672047226516952 82.150301565036983
4082.274407939592948 63.892678828951858
5243.856108865700662 72.414474443067675
9459.734135997246995 97.261164582772949
1229.403456957862772 35.062850097473003
4306.388144678504432 65.623076312212802
4.323509828150492 2.079305131083577
7050.810510254313158 83.969104498346965
5774.204058754871767 75.988183678483011
8993.136183254235220 94.832147414546270
4803.191641725684349 69.305062165224868
8669.649516410050637 93.110952719913954
8336.941216963748957 91.306851971600409
2663.696136481107715 51.611007900263949
9366.404197258994827 96.780184941231610
8418.845729907212444 91.754268183595755
6283.941344581948215 79.271314765064602
7642.852656358296372 87.423410230660167
3157.230972031085912 56.189242493835827
7335.787764380915178 85.649213448699669
9915.001939748271980 99.574102756430960
9949.297883021859889 99.746167259809340
1429.170316805705170 37.804369017425820
6523.553619825684109 80.768518742302589
5921.118719683544441 76.948805836631053
9776.901861650805586 98.878217326420312
1074.604234443190990 32.781156697761460
7194.198213226038206 84.818619496110870
2318.353038449138239 48.149278690849961
2892.893176030955146 53.785622391406378
2302.979062248566606 47.989364053387568
2087.195598176605927 45.685835859449980
4011.807564864983306 63.338831413793727
8768.414148603847934 93.639810703588296
3392.976796207997268 58.249264340487571
6469.915467939195878 80.435784747456751
9396.307960217451182 96.934555036980754
4917.160321382761140 70.122466595113167
5043.303444080085683 71.016219584543407
7483.094452342421391 86.504881089695871
5229.875169746453139 72.317875865835916
2799.983353131939111 52.914868922940165
1905.583611731160090 43.652990868108454
3579.731998409085918 59.830861588390036
2910.912481610200757 53.952872783663715
6558.933950569604349 80.987245604290095
9722.592506250664883 98.603207383181328
7014.224337719452706 83.750966189766743
8305.844896754415458 91.136408184404630
5324.497376784521293 72.969153597835586
9653.054449519107948 98.249959030623046
5028.619879104868232 70.912762455744655
2815.853466754704186 53.064615957855608
4400.416030895436961 66.335631683850252
8604.231277316506748 92.758995667894695
2128.332575084796645 46.133854977497776
5512.008862202598721 74.242904456941872
2300.117025431561615 47.959535292072644
6976.186651080430238 83.523569434504111
8525.204209208972316 92.332032411341260
9214.637585241945999 95.992903827532714
4821.555499235196294 69.437421461595164
6094.068562417186513 78.064515385783224
1696.100792183207659 41.183744271049562
6111.506688278998809 78.176126076181333
68.921255598658334 8.301882653871852
8216.375541645818885 90.644225087127410
2671.474272708536773 51.686306433218235
3846.896284064604060 62.023352731568806
6128.034370760009551 78.281762695790192
9324.035415173926594 96.561045019065148
5335.002886740414397 73.041104090371022
6584.152268253264083 81.142789379298904
5940.090505432490318 77.071982622951197
3598.103355263021513 59.984192544894874
7246.729024787447997 85.127721834825621
1302.824526930888851 36.094660642966140
8694.318133140395730 93.243327552916057
6169.337840089368001 78.545132504117447
2156.687280624370487 46.440147293310453
6516.117154258235132 80.722469946466802
5751.279291435660525 75.837189369303900
1605.891775276354110 40.073579516638567
9070.075406881511299 95.236943498211403
4300.104762701637810 65.575184046265832
9711.622854980843840 98.547566458948367
313.071006945821125 17.693812674090939
3046.910299005191064 55.198825159646205
4276.593750013627869 65.395670728371826
8066.188406281380594 89.811961376430148
8792.116748342097708 93.766287909579191
6457.906245723468601 80.361099082351217
529.418594639718435 23.009098084012734
4963.553049381141136 70.452487886384404
7400.656537743330773 86.027068633909238
745.391929428987737 27.301866775533643
2364.057413113562689 48.621573535968196
4862.113110884807611 69.728854220364241
7331.009868693090539 85.621316672269714
3593.381465269753335 59.944820170468049
3817.775493325721982 61.788150104415024
5784.272159434801324 76.054402630188349
1840.654311792653289 42.902847362298147
1957.459563478748123 44.243186633409984
1474.313770598068231 38.396793754141349
4915.940847939478772 70.113770743980666
7430.913312762680107 86.202745389939182
6957.280295951572043 83.410312887265761
4334.848066846175243 65.839563082133040
2068.344380056302725 45.479054300373292
9399.996662908204598 96.953579938588163
7696.664241526161277 87.730634566986694
7807.668064999554190 88.361009868604114
2379.278455644021506 48.777848001362479
9987.383569511453970 99.936897938206258
8852.915453495981637 94.089932795682145
6994.081020636987887 83.630622505377701
8825.606190024500393 93.944697508824305
9976.549941856945225 99.882680890417362
1824.030606036200652 42.708671321362836
9989.321857903290947 99.946595029061854
2995.549328047743074 54.731611780101481
7196.981681253653733 84.835026264236248
6835.414410110680365 82.676565059941140
1034.540790016230630 32.164278167187753
5395.810930924044442 73.456183748708625
7746.947181497263045 88.016743756499324
8652.286895374068990 93.017669801893391
3961.895350759013127 62.943588639026714
4019.005216953235504 63.395624588399123
2060.523359101890037 45.392987994864249
5294.053759091683787 72.760248481514168
8275.963023599457301 90.972320095727241
7512.361381813578191 86.673879466731947
4026.506466993324466 63.454759214682426
4241.135589426456136 65.124001638615979
4542.750378658579393 67.399928625025851
406.315065592626070 20.157258384825703
5592.580315602363044 74.783556451952478
4343.817358185380726 65.907642638660505
9724.016478729181472 98.610427839702538
274.144223154808458 16.557301203843835
7808.930789113383071 88.368154835966692
1800.172163296564804 42.428435786587336
6228.282281872009662 78.919467065306577
5131.944893425016744 71.637594134818741
898.240372243029697 29.970658522011654
4315.197706904063125 65.690164460930248
5086.028717333209897 71.316398656502628
4076.515795464484654 63.847598196521730
3609.139192961945355 60.076111666468108
1303.276399339584032 36.100919646729004
459.851657835612855 21.444152066137118
3898.615985084034037 62.438898013049801
1347.460898696853292 36.707777087380997
5476.342434581621092 74.002313711002444
2185.576945539208737 46.750154497490257
3122.757991823641532 55.881642708707496
8217.908238119442103 90.652679155772560
7459.819323173034718 86.370245589398635
9948.471133300805377 99.742022905597850
6932.892833641563811 83.263994821540749
9398.614969119944362 96.946454133815251
1843.453024517848689 42.935451837821020
4455.214268071122206 66.747391470162498
6979.280442246704297 83.542087849458881
4690.471272083229451 68.487015353884630
4226.022832163032945 65.007867463585001
4072.214326190635802 63.813903862642945
5724.039179161431093 75.657380202868723
4535.804843067323418 67.348384116230463
6265.699851836534435 79.156173807458217
6602.696115507306786 81.256975795972778
8571.258431762178589 92.581091113478337
5416.521115521809406 73.597018387444265
487.285047383715096 22.074533910905458
23.077179114414395 4.803871263305710
9985.202813873011110 99.925986679507005
897.355448050443101 29.955891708484376
8617.193339311990712 92.828838941958068
6851.461222249679849 82.773553881959671
3851.540895935338995 62.060783881089826
5158.670518978580731 71.823885434990089
5265.339171263928620 72.562656864698170
4528.162219667383397 67.291620724035056
9988.619014746649555 99.943078873660127
2002.627812912642185 44.750729747263811
3088.540028522183547 55.574634758333623
4297.650258319734348 65.556466182366279
2844.254298227358959 53.331550682755875
8419.388326238638911 91.757224926643460
6090.792847513241213 78.043531746796546
1007.239461388070595 31.737036115366390
4210.058969648758648 64.884967208504918
2830.033429016928949 53.198058507965577
7704.871608152149747 87.777398048427870
1200.006895267562641 34.641115675849164
6978.618223357841998 83.538124370600045
8056.877691442102332 89.760111917499870
1951.186978052830682 44.172242166917798
762.925127228494375 27.621099312454859
3642.749212307652215 60.355192090719520
553.159077776396430 23.519334126977245
6584.610098848350390 81.145610471844691
2282.564251982611950 47.776189173924408
4576.628778225420319 67.650785495997170
3980.053599416874931 63.087665984856933
8904.056758125456327 94.361309646090945
1772.927117614088957 42.106141091461815
6556.085669623405010 80.969658944714624
7059.128676876051031 84.018621012701999
8184.859448214664553 90.470213043933214
3340.931675418243685 57.800793034509859
941.858038822534127 30.689705746757074
5791.774198528496527 76.103706864570640
6101.115882064352263 78.109640135289013
4905.045091054777913 70.036027093595038
2363.015770756706843 48.610860625550615
9686.047832798574746 98.417721131910866
2435.759200586676343 49.353411235563811
3705.987544151072143 60.876822717279460
723.506761357870914 26.898080997682175
8745.449103542823650 93.517105940800064
6066.111495250119333 77.885245683955574
9716.920705745296800 98.574442457187132
9319.871397468972646 96.539481029623175
1221.909332652165403 34.955819725078186
5417.986787072882180 73.606975125139343
1972.381874378671682 44.411506103471332
6617.295857074960622 81.346763039932696
1999.429216591420754 44.714977542110212
1356.795341996949219 36.834702957903019
3270.314481259177228 57.186663491229993
1993.438758830887991 44.647942380706503
2105.279133342276964 45.883320862185606
6669.834481312338539 81.669054612578549
5046.099040155164403 71.035899657533477
1884.853947516285871 43.414904670127811
8749.040522826533561 93.536305907527336
661.018854285737120 25.710286935110958
9821.732397672381921 99.104653763949869
9382.851416213312405 96.865119708867923
7521.862083181301387 86.728669326707077
4610.153955263728676 67.898114519209798
379.199783025320471 19.473052740269576
8545.082690381161228 92.439616455182033
8835.608484878379386 93.997917449688103
4488.041704938344083 66.992848162608695
3159.970289582069654 56.213613027291437
1287.452844359399933 35.881093132169205
2503.170884083606325 50.031698792701476
6898.179969885748505 83.055282612761900
62.563230759399488 7.909692203834450
652.484032599036595 25.543767000954197
4968.495325150860481 70.487554398992032
8653.113309895326893 93.022111940631234
2222.687660663058068 47.145388540800660
1896.654039262108427 43.550591721147811
5713.268709775677053 75.586167449975108
715.686120858996787 26.752310570472165
2844.384406680836037 53.332770476329429
2546.392762937497082 50.461795082393742
8953.116996268614457 94.620912045216599
1246.835063526047406 35.310551730694428
9306.439639853497283 96.469889809481472
4244.110036801867864 65.146834434236851
8045.861822508089062 89.698728098608456
8499.594422816673614 92.193244995588884
8849.095339261477420 94.069630270674907
413.862137382565948 20.343601878294955
2953.976216985924566 54.350494174256823
5527.668685608261512 74.348293091423841
1694.153564348520831 41.160096748532077
2921.495545965403380 54.050860732881979
3810.262069277535375 61.727320282655519
8889.614764295136411 94.284753615285737
2881.913038563793179 53.683452185601787
664.051880797975855 25.769204116502625
8867.877345276405322 94.169407693137828
7748.802892850019816 88.027284933990899
7340.430171231794702 85.676310443621432
744.566403365839278 27.286744096096172
1454.544589623691309 38.138492230602026
6944.061538051002572 83.331035863302475
9114.296234307252234 95.468823362955789
8346.940770574008639 91.361593520330018
8477.291180838134096 92.072206342837973
3282.840802805447311 57.296080169636802
9179.046276860377475 95.807339368444929
2784.021743427962974 52.763829878316862
8937.383501417498337 94.537735859377861
1403.904190738606303 37.468709488566674
3958.770835867419464 62.918763782097784
2600.345210208881781 50.993580088172685
2825.367504095667755 53.154186138964327
7252.318172414553374 85.160543518783115
5315.994528274020922 72.910867010851135
7964.887605072883161 89.246218995948979
3174.139870369917844 56.339505414672551
9859.224086848584193 99.293625610351157
4818.444473481156820 69.415016195929510
5192.651672343411519 72.060056011242537
3583.699297415557794 59.864006693634849
4465.454753944757613 66.824058197214853
4964.026084599417118 70.455844928575061
6971.075591164441903 83.492967315603551
8039.128175961152920 89.661185448114352
7137.405539115253305 84.483167193916529
9357.295415988835884 96.733114371392162
8345.278810869025619 91.352497562294516
2997.899298799883127 54.753075701734630
3843.701781547882092 61.997594965836235
6835.661199860758643 82.678057547699794
2550.300657800340559 50.500501559888896
2038.746748603344031 45.152483304945079
1140.967403123908753 33.778208998167869
9081.574764584393051 95.297296732826553
5553.639937366451704 74.522747784595623
4866.845216583625188 69.762778159872795
5282.829286971101283 72.683074281232081
4895.654915101548795 69.968956795864472
1078.677266636710328 32.843222537331968
1827.482609457709032 42.749065597480715
7506.562818904718370 86.640422545741998
950.192580260502382 30.825193920890463
2076.167020972299724 45.564975814459729
6335.147210396044102 79.593638002016490
3908.015273736628387 62.514120594763455
9974.940769960243415 99.874625255668633
2596.601092948299538 50.956855210543551
7036.086233034575343 83.881381921345195
8137.702944859621311 90.209217626912277
7191.547492100028649 84.802992235533935
3819.015571859257761 61.798184211668044
6070.535065013809799 77.913638504525053
9769.824197519117661 98.842421042379968
4446.609868989285133 66.682905373036093
4310.216963479087099 65.652242638611270
3282.038772191672251 57.289080741374022
9261.672001187482238 96.237581023150625
2202.140511698563841 46.926969982074951
3542.521007422583807 59.519081036442287
2126.240365936152102 46.111173981326395
7514.534212755273074 86.686413080454955
2205.548849010918730 46.963271276721329
1653.330384859551032 40.661165561989868
171.852079581186331 13.109236422507085
2148.772339615009514 46.354852384782866
2775.750745881234707 52.685394046938995
72.975585812741272 8.542574893598609
4778.663125637222947 69.127875170854367
4179.586921167006949 64.649724834426067
8088.798615949960549 89.937748559489521
8917.287730854814072 94.431391660055581
8506.265172091147178 92.229415980429735
3144.210943396681614 56.073264069400146
1640.486800332358371 40.502923355387054
539.385268361559497 23.224669391867767
9993.448651463671922 99.967237890539280
7548.963049481422786 86.884768800299071
4181.893633673815202 64.667562453472883
2377.781615249231891 48.762502143032322
9534.739907979301279 97.645992790177019
2397.859324659832509 48.967941805428502
9189.330767770510647 95.860997114418282
9542.062748619267950 97.683482475898998
3032.711478133136097 55.070059725164057
6599.899207860493334 81.239763711254682
1003.193802011698949 31.673234789198577
9355.834138094543960 96.725560934504500
3225.525932691748494 56.793713848380690
7827.186736502249914 88.471389366858318
4658.824532709662890 68.255582428909520
7739.902671439648657 87.976716643891919
9247.374162290272579 96.163268259196940
2623.138340786233584 51.216582673839468
6678.902582113493736 81.724553116633771
8035.527872742298314 89.641105932168742
90.411723801893814 9.508507969281711
1891.323603980153621 43.489350466294084
5806.430638532013290 76.199938573019949
9444.827647046118727 97.184503121876986
143.827286865527384 11.992801460273050
1133.620802727825549 33.669285747218126
9810.656556567586449 99.048758480697714
4367.812331301822269 66.089426773893436
1589.562870682590756 39.869322425676998
6869.514971657409660 82.882537193653832
3537.165198221178798 59.474071646568632
6485.506819649237514 80.532644434721234
1709.576922607890992 41.347030396485444
3868.067655480467238 62.193791132881323
9677.391780498659500 98.373735216767386
1081.604268204375785 32.887752556299368
9438.926155259126972 97.154136068718799
4496.381486019599834 67.055063090117216
6091.580512422285210 78.048577901344785
7449.301848597531716 86.309338130920295
3311.126583835643487 57.542389451913131
9714.072611829587913 98.559994986960035
4765.769037779403334 69.034549594962982
5710.829646292087091 75.570031403275777
8607.430207850075021 92.776237301639227
9548.497424246153969 97.716413279684772
338.262015453266883 18.391900811315477
8645.926263053865114 92.983473064055133
8765.958341989520704 93.626696737573312
140.763675083815855 11.864386839774564
3582.260094083066178 59.851984880061131
2323.296332799879565 48.200584361601670
7157.144265280462605 84.599907005152573
237.373934643306882 15.406944364256882
7159.117385031137019 84.611567678604899
3718.523130020542794 60.979694407405347
5978.602999592010747 77.321426523260754
7803.112439108971557 88.335227622443881
6999.271033465267465 83.661646131696855
7030.284960741400027 83.846794576426120
3520.412227320347483 59.333061840093400
8940.046360342877961 94.551818387288975
5467.038149955597873 73.939422164063458
6305.879298752711293 79.409566796153172
6759.204515502729009 82.214381439640647
7933.124502662431951 89.068089137818788
8082.197520866469858 89.901042935365709
271.336622970523251 16.472298654727069
6261.677439750585108 79.130761652789531
6884.312345531905521 82.971756312204846
2434.524668197389929 49.340902587988701
3503.803486596439598 59.192934431369757
7990.366827537231075 89.388851807914122
149.558486029086708 12.229410698356920
7974.102286452350199 89.297829125082046
195.066633366359810 13.966625697224073
1988.038925167615616 44.587430125177832
4435.475902402210522 66.599368633660561
1105.445818441552319 33.248245343800512
1178.829769446819682 34.334090485213373
8028.728529961558706 89.603172544065416
5606.481393338551243 74.876440843155407
3138.209509245165009 56.019724287479001
1493.522758716593444 38.646122169198208
3926.235267450704669 62.659678162680542
3814.643373499704921 61.762799268651229
8960.634265491577025 94.660626796422477
709.546587435978495 26.637315695016614
7065.811635084040972 84.058382301136632
2137.855693993239584 46.236951607921121
5735.805792992861825 75.735102779311404
6611.100791088485494 81.308675989026440
8543.313232415104721 92.430045074180853
4748.335068351949303 68.908164018147730
8221.657912831091380 90.673358340976279
5170.668956979999166 71.907363718745799
4748.471060602149919 68.909150775511307
8991.297624897068090 94.822453168524746
9151.231872468597430 95.662071232378182
8746.878811997401499 93.524749729669963
8962.268009430401435 94.669255882944398
8553.711887794772338 92.486279456980924
9574.632162172390963 97.850049372355414
7206.576462317621917 84.891557073230913
1792.464774357079023 42.337510252222899
8199.849823168071453 90.553022164740980
8644.529966838546898 92.975964457694914
7577.458469521081497 87.048598320254882
4407.966082289381120 66.392515258042309
9577.237100496484345 97.863359335843796
4644.795759358552459 68.152738458249445
8892.329361840242200 94.299148256175897
4730.357109052366468 68.777591620035423
7802.523138700626987 88.331891968306820
4989.941437929568565 70.639517537491500
3109.973038022297715 55.767132237746438
6551.886516194254909 80.943724378077974
3706.402704270033155 60.880232459066981
8711.362777194435694 93.334681534756612
8674.108563059031439 93.134894443806786
9309.396864957239814 96.485215784374134
9491.269166357145878 97.423144921302693
1552.597905932553203 39.403018995155094
4281.590355998442647 65.433862456670269
9017.158530153974425 94.958720137510142
3845.999686075664613 62.016124403865035
6360.871827204502551 79.755073990339341
2253.922765313080617 47.475496472528654
726.041941982889739 26.945165465865852
8339.037335751081628 91.318329681127452
1247.968192004665980 35.326593269160078
9585.098411389912144 97.903515827522313
1840.112721887821635 42.896535080211571
3479.968479395758095 58.991257652263677
9482.664140802848124 97.378971758808632
5582.508826550834783 74.716188517287435
6873.967613920579424 82.909394002854583
135.489927562679100 11.640014070553313
961.777013429891099 31.012529942426355
3326.148580612191381 57.672771570405658
2597.548245024231164 50.966148030081996
9503.211038310559161 97.484414335372392
555.664365969641722 23.572534143991430
7785.746384663918434 88.236876557729076
6220.875003819412996 78.872523757132385
9584.674965140144195 97.901353234468345
9463.019666755932121 97.278053366398794
2500.934872872619053 50.009347854902281
6027.641901505716305 77.637889599767689
1667.487453755700699 40.834880356818736
8669.071089541508627 93.107846551950217
1023.975707369942484 31.999620425404149
4108.881961964024413 64.100561323314665
7693.087773825602198 87.710248966843110
3954.055231810800706 62.881278865897762
5836.445859865061720 76.396635134442022
7559.225164898800358 86.943804637816484
5730.127577257188022 75.697606152752201
5902.225268681492707 76.825941378426947
8856.540861225115805 94.109196475292023
8395.889155290584313 91.629084658150902
3697.946991846559740 60.810747338332881
9590.754129772685701 97.932395711392076
6084.504948978113134 78.003236785264960
1859.234459261009306 43.118841116859919
3279.324928014759280 57.265390315746203
9209.415825048685292 95.965701295039182
7482.595875150405845 86.501999255221875
53.433947892023056 7.309852795509842
8469.763387446526394 92.031317427528577
0.321642367912474 0.567135228946742
3516.058352755125270 59.296360366848191
2596.393827599145880 50.954821436240415
2573.420100436603207 50.728888223936103
5453.018534787999670 73.844556568429610
5577.610370834418973 74.683400905652519
8822.112016792292707 93.926098698882910
695.676079192910606 26.375672108837541
6774.598915436831703 82.307951714502238
4853.861574954795287 69.669660361988235
2670.443793793728219 51.676336884436076
7339.051616581275084 85.668264932711665
7780.732181177973871 88.208458671365378
9207.863887760837315 95.957615058737460
7102.937278960308504 84.278925473455743
8270.213013175789456 90.940711527762915
5878.635728746467066 76.672261794905125
5796.491806946619363 76.134695158952468
7361.811380537678815 85.800998715269500
5783.264236229865674 76.047776011069942
1358.009730458793456 36.851183569307423
9557.975985553928695 97.764901603560816
8709.011902741609447 93.322086896627042
247.089872064956324 15.719092596742229
2254.642974992092604 47.483080934076852
9544.494725814856793 97.695929934746289
5049.100709141869629 71.057024347645395
6252.956552287857448 79.075638171865918
4129.120781568460188 64.258235126468108
8884.629797069510460 94.258314206596708
590.839161590398930 24.307183333130126
1160.317250171983687 34.063429806347798
4037.555264182634346 63.541760002242889
2429.095850783154219 49.285858527402709
9206.017056346445315 95.947991413819835
6491.081029612884777 80.567245389257820
7885.795323168001232 88.802000670975886
6561.898550823477308 81.005546420127786
5303.841153529308031 72.827475265378439
7137.565525582951523 84.484114042717820
3753.818722226802038 61.268415372251972
4190.929180657210054 64.737386266802659
2523.299683546359120 50.232456475334345
4216.504998025104214 64.934620950807926
3321.478562545160912 57.632270149154813
1185.700546610786205 34.434002767769918
9334.327437179774279 96.614323147138876
4209.321177981268193 64.879281577259064
8451.446307613152385 91.931748093969972
2312.007805712838035 48.083342289329657
5784.786803503752708 76.057785949261984
9550.442229417041744 97.726364044801343
8918.298601262291413 94.436743914973533
6684.185255814512857 81.756866719649381
8522.148654157901547 92.315484368321989
3359.080904635640763 57.957578491821423
8831.126257215822989 93.974072260468859
9181.754068649048349 95.821469768779110
2402.466505856747517 49.014962061157895
5700.261128839540106 75.500073700888137
3536.249004122864335 59.466368681153419
8392.844890014819612 91.612471258092469
4712.786743792530615 68.649739575562350
9430.009060977334229 97.108233744504560
5429.937605360739326 73.688110339190672
9183.282095615642902 95.829442738730577
2462.903738793189405 49.627650949779898
502.938607239376779 22.426292766290572
875.244013543827919 29.584523209675492
3657.400491820940260 60.476445760485461
9887.249784511839607 99.434650824105773
3717.726633202470111 60.973163221227665
7195.926889433175347 84.828809312834139
3549.868845860903093 59.580775807813239
1132.239593828270699 33.648768087825601
1547.913693423366340 39.343534328061658
3973.482300595467677 63.035563776295902
9171.536261998142436 95.768138031383600
8811.486998240114190 93.869521135670624
6352.536612964601773 79.702801788673668
9828.354994929466557 99.138060274192711
8157.934877282491470 90.321286955415403
1942.248686691822513 44.070950598912916
4829.044125528861514 69.491324102573131
1923.952661912601116 43.862884787854540
2796.645026436425724 52.883315198996605
7037.250441069210865 83.888321243598682
7013.206897564114115 83.744891769970749
723.711422755090553 26.901885115268232
2898.428765484474297 53.837057548536905
3527.523456891637579 59.392957973918399
1858.664161015726677 43.112227511643688
6073.563065616765925 77.933067857083401
7733.985413477012116 87.943080532109022
1260.326003946969422 35.501070461987048
1455.549789221914125 38.151668236420726
673.248345911408364 25.947029616343531
3372.637865337344920 58.074416616418496
5345.831323085559234 73.115192149686365
5627.283923593176951 75.015224612029101
4167.926523928739698 64.559480511608356
595.657027355111154 24.406085867158446
6733.839902991456256 82.059977473744510
7413.409773915451296 86.101160119451649
3144.667573672851177 56.077335650624946
3709.372348052957932 60.904616804089308
1801.951039573349817 42.449393865794477
8808.386720751364919 93.853005922833205
8116.012550593009109 90.088914693168604
9448.021879944326429 97.200935591918693
8738.582379501644027 93.480384998681103
1978.026586845547854 44.475010813326932
798.977386680112090 28.266188046500222
4316.416008089605384 65.699436893245931
2805.292834216678784 52.965015191319246
2691.197899803865312 51.876756835830292
8769.020373240824483 93.643047650323851
6014.981012050078789 77.556308654100334
9614.940780319875557 98.055804419319699
3424.376691872223091 58.518174030571245
1188.129223761408866 34.469250409044420
9362.774422813086858 96.761430450428378
8268.413268327994956 90.930815834501317
7318.849727260075269 85.550276020946157
6396.795660594905712 79.979970371305498
831.468925402255877 28.835202884707712
321.329929997557713 17.925677950849103
5698.809268380279718 75.490458128032842
2396.464098980162362 48.953693415105690
6391.879555591499411 79.949231113197698
8477.730835493253835 92.074593865480907
1949.007024430139609 44.147559665627497
5327.220922406808313 72.987813519839108
8220.677523082618791 90.667952017692656
8075.876409128655723 89.865880116586268
3621.451997835336897 60.178501126526378
8846.778406666988303 94.057314477221752
7020.422058340362128 83.787958910217895
3781.615497542660250 61.494841227070914
7250.878956118695896 85.152093081254890
9873.474275436181415 99.365357521805265
3592.627780937253192 59.938533356574993
7535.157713278826122 86.805286205845931
9418.284792161444784 97.047847952241810
7535.624869976240916 86.807976995067918
1979.341640525460662 44.489792543070607
4493.196435977783949 67.031309370903557
5043.665877136294512 71.018771301229194
3730.751138529734362 61.079875069696520
9736.644149192921759 98.674435134906759
7096.425727849350551 84.240285658640488
6256.649946311180429 79.098988276154202
3843.579554892848591 61.996609220931177
778.357185167848343 27.899053481576185
4286.662934307614705 65.472612093207445
5925.935524314355462 76.980098235286476
7040.797911716303133 83.909462587459728
1170.158737316175120 34.207583038212086
2284.765371193875126 47.799219357578167
8295.483958065919069 91.079547419088101
3488.249985331540756 59.061408595897376
6514.454302299129267 80.712169480810815
8518.643855816297219 92.296499694280371
5651.209086285042758 75.174524183961708
4439.089169835810026 66.626490000868344
1912.468129370957740 43.731774825302459
7293.284013288249298 85.400726070029691
1930.865865813031178 43.941618834688271
4564.495232578543437 67.561048190348131
5979.361103255749185 77.326328654965565
3216.430072056745303 56.713579256265824
2378.398022501848573 48.768822238207150
6185.488364742809608 78.647875780232042
7379.609503796783429 85.904653563103224
8606.208365723778115 92.769652180676943
1108.775061523125714 33.298274152320957
4284.089174412920329 65.452953901355130
3929.241971770727559 62.683665908837270
6088.814378787105852 78.030855299599949
8078.254947789876496 89.879112967306682
661.305143893808804 25.715853940590982
3443.970225122488500 58.685349322658787
1292.427992406026988 35.950354551882057
6194.480058538800222 78.705019271573775
7789.153840794750977 88.256183017365700
7377.646400545850156 85.893226744289038
9462.371619998672031 97.274722410288433
5346.169350509300784 73.117503721812753
7353.710188922301313 85.753776528630510
126.264063930782555 11.236728346399701
6900.819027154489049 83.071168447027929
7942.895909534924613 89.122925835807948
4981.065621212123915 70.576664849028703
999.591993477107053 31.616324793959006
5713.435724840526746 75.587272241036231
267.195252239129672 16.346108167974716
555.214464360997454 23.562989291704852
2688.470880369951374 51.850466539559228
880.034707533895130 29.665378937979121
1000.970571494370915 31.638118962643322
5524.302999759191152 74.325655057720084
396.397603292219230 19.909736394342826
7600.757537981445239 87.182323540849978
9165.851695862766064 95.738454634816236
5048.744289938740621 71.054516323304469
2188.567093883860707 46.782123657267427
810.029091068855109 28.461010014910840
9339.653654860661845 96.641883543630613
7521.822008022701993 86.728438288849077
5745.600019816078202 75.799736278011409
2953.202934971915965 54.343379863345966
7378.970549488851248 85.900934508821564
920.192762814883167 30.334679210680360
4384.274288973675539 66.213852696952131
2225.460055829781140 47.174781990272947
3704.730597124163978 60.866498150658906
2729.355036280026070 52.243229573601461
6343.032887343926632 79.643159702161029
2234.220954660054304 47.267546526766694
2406.847449227842844 49.059631564330388
3441.248049288565653 58.662151761494101
1512.875091787200290 38.895695028977180
6425.710271819027184 80.160528140843908
7736.659255420254340 87.958281335075284
1425.236030612679997 37.752298348745342
7120.410074880441243 84.382522330636931
7221.439452988850462 84.979053024782829
4625.427777420245548 68.010497553100180
9507.108262221596306 97.504401245387868
4935.643762125640933 70.254136975167810
2568.024980266980037 50.675684309804637
7210.299318138188937 84.913481368615365
1568.573803611109952 39.605224448437482
7227.086658600904229 85.012273576236652
8706.340194276312104 93.307771349852274
3447.726339934489715 58.717342752669673
6002.086360623770815 77.473133153524714
439.255849208217626 20.958431458680721
8507.292070624198459 92.234982900330166
995.843393980456312 31.556986452772328
3219.846007269191432 56.743686937572107
6320.546792314533377 79.501866596417301
2687.404899274946729 51.840186142363983
1367.210485917558799 36.975809469402542
9635.321871533238664 98.159675384208754
1255.195182970444193 35.428733860673660
6061.968426219333196 77.858643876061265
4096.897977227837146 64.007015062630728
74.821334105770632 8.649932607007447
8154.526891698010331 90.302419079989278
8207.315982246285785 90.594238129399187
6170.568747662723581 78.552967783927315
7938.461707025514443 89.098045472532760
4662.074814139390583 68.279387915676210
4940.817002178955590 70.290945378327038
612.985329797715394 24.758540542562589
542.323334952128675 23.287836630999639
2694.331277842669806 51.906948261698737
220.579477323930149 14.851918304513061
9944.851786136456212 99.723877713095661
931.359866001086630 30.518189100945794
5396.042328015329986 73.457758800655839
160.864427116221890 12.683234095301636
3513.955565831699005 59.278626551495769
9290.850074851350655 96.389055783586500
9833.895075444406757 99.165997577014309
3393.445416693193238 58.253286745841159
451.000083917392487 21.236762557353050
1190.030343493526061 34.496816425483757
6932.409058014494804 83.261089699898207
9664.327253132800251 98.307310273106339
878.898113018092886 29.646215829648359
7167.548592674574138 84.661376038159062
1107.850372899137710 33.284386323006430
4714.098653864108201 68.659294009362696
4474.977274510866664 66.895270942801830
9128.252489395023076 95.541888663533456
2415.310507046814109 49.145808641702239
792.294376376823493 28.147724177574702
6566.189169844197750 81.032025581520529
1194.518640316724941 34.561808985015887
6978.241336252825931 83.535868561072775
2935.684189492885253 54.181954463574726
4645.742759771113015 68.159685737033101
6381.325687381240641 79.883200282545275
1105.925192550309930 33.255453576072448
8413.552691199542096 91.725420092794025
2115.377781878217320 45.993236262283361
4.438231471729700 2.106711055586338
9615.297000165190184 98.057620816360782
6455.919275351522629 80.348735368713321
9117.937141431879354 95.487890025028193
2913.982343467590454 53.981314762310028
3092.217963996455182 55.607714968306830
9321.828872652662540 96.549618707961045
83.646557488398301 9.145849194492456
6911.787944820149278 83.137163439824846
3395.342237320541699 58.269565274854607
4384.751712471058454 66.217457762066488
9381.754372738241727 96.859456805921852
8419.869281899065754 91.759845694612338
5685.582286540959103 75.402800256628126
1628.490706135615483 40.354562395541045
7405.531953632919794 86.055400490805454
2226.099604621002527 47.181560006224913
3654.100046208588537 60.449152568159207
3746.339523819620808 61.207348609620567
3726.883976657837593 61.048210265804173
9412.132366694768280 97.016144876483153
4789.064561052870886 69.203067569674047
500.177013472252099 22.364637566306595
1518.334982182127305 38.965818125404823
2005.758438758011380 44.785694577152775
8378.529052920688628 91.534305333687257
8723.840581391925298 93.401502029635083
7043.344778225060509 83.924637492366088
4700.117066045734646 68.557399790582309
2016.074938786707435 44.900723143249124
2189.144105409769509 46.788290259527216
4896.638057633184872 69.975982005493748
2881.471696570482891 53.679341431974393
577.917166992604734 24.039907799170212
2337.152640626156881 48.344106575943222
8919.496990459416338 94.443088632569697
2072.642769254838640 45.526286574404885
6172.424541519559170 78.564779268572750
6331.341368314504507 79.569726456200058
454.517841649123000 21.319424045905251
1502.235564401272541 38.758683728956441
3164.352748748268823 56.252579929708723
890.755967825718017 29.845535140548545
9771.934259694613502 98.853094335456248
6556.198582957102190 80.970356198778717
5625.860090148748895 75.005733715155060
7920.847853366266463 88.999145239526129
4950.037393109018012 70.356502138103892
1127.715174046225229 33.581470695105438
1173.308508844341077 34.253591181719052
3799.527632970343348 61.640308508072408
6288.961512930581193 79.302972913571040
2045.357234901032825 45.225625865221950
9101.193825742770059 95.400177283602417
367.178093074400067 19.161891688306770
3096.715759980298571 55.648142466575635
7620.984522586836647 87.298250398200054
2715.208585569685056 52.107663405392543
4298.908408452198273 65.566061407196017
7364.522061428800953 85.816793586271913
8740.472800487201312 93.490495776240280
2473.696391160982785 49.736268367871979
2329.136605888551458 48.261129347421530
6447.159260600989910 80.294204402316552
3471.951532118714567 58.923268172418226
2805.709578426143707 52.968949191258680
9208.850973865488413 95.962758265201444
6389.697899111525658 79.935585937125182
3107.784517415113442 55.747506826898665
1791.958705069092503 42.331533223698528
8776.830626195725927 93.684740626185899
312.822151831300005 17.686779012338565
5631.575328300526962 75.043822719132095
4072.044182256119711 63.812570722829527
4756.734192942830305 68.969081427425365
333.007696028742942 18.248498459564910
2124.813223892880615 46.095696370625326
5190.657155701954252 72.046215415536949
6097.178068526483003 78.084429104184935
2698.732528216454739 51.949326542472662
2625.005055162720055 51.234803163110911
526.965469683022320 22.955728472061658
5736.937338085404008 75.742572824570757
9873.695654581586496 99.366471480985908
5781.564849713055992 76.036602039498419
7763.092059437246462 88.108410832549055
5467.691533774102027 73.943840404553654
5541.749655479344256 74.442928848073578
2268.361860232509571 47.627322622970418
7672.560933863187529 87.593155747827623
8390.178176532259386 91.597915787054120
9443.574656941724243 97.178056457935625
3077.025781863646898 55.470945384621373
4503.190088961371657 67.105812631704055
6638.830358356335637 81.479017902502576
5936.123113878211370 77.046240102150421
2891.148139873087530 53.769397800915414
4927.774417888076641 70.198108364029849
4651.031970351185009 68.198474838893461
7528.419810444135692 86.766467085182953
7556.011342295489158 86.925320490036100
3806.341622459412520 61.695555937680084
66.950355153004239 8.182319668223935
6602.501998476380322 81.255781323401109
6942.133849407934576 83.319468609730905
7806.336416285846099 88.353474273996980
110.142879139350725 10.494897766979474
5685.869379216318521 75.404703959476677
9221.531019512814964 96.028803072374146
2545.306340947609897 50.451029136654981
3126.817792811741128 55.917955906951221
4779.675163916854217 69.135194828081993
8224.215709679401698 90.687461700498602
608.407997284628550 24.665927861822439
7366.855302131179997 85.830386822681746
4162.635221409598671 64.518487438947290
4341.651594514822136 65.891210297844907
2140.637979265200102 46.267029073252587
4174.877161095562769 64.613289353627266
181.542057374098505 13.473754390447322
5956.255029104348978 77.176777783892675
6008.584794791126114 77.515061728615848
7421.209151596925949 86.146440156264873
1975.355439110352108 44.444970909095574
1962.810888822769584 44.303621621970926
6513.675455321694244 80.707344494300486
6039.680614665814574 77.715382098178054
3245.847358116107443 56.972338534731989
9358.003807360955761 96.736775878468038
5370.209433384399745 73.281712816939532
8020.870070382706217 89.559310350084246
5952.467812951477754 77.152237899826844
21.053111729783172 4.588367000337175
2882.429062486019575 53.688258143527243
3984.286580354910257 63.121205472922568
2098.105310041496978 45.805079522270205
806.338449588588901 28.396099196695818
783.594189721300381 27.992752449898536
9213.214435589066852 95.985490755577572
5019.202986557770600 70.846333614081757
7218.287553919224592 84.960505847830404
3155.387174934804989 56.172833068439807
440.611590431428738 20.990750115977960
2738.685515614234191 52.332451840270529
1367.194804050755920 36.975597413033853
6090.727439750828125 78.043112699012894
4735.738142443013203 68.816699589874361
722.719955766935755 26.883451336592476
4084.463313189524342 63.909806080049442
1420.452754290084840 37.688894309731147
4044.584908742578591 63.597051100995074
5577.841361533191048 74.684947355763668
5426.898062060217853 73.667483071299628
5292.532119184950716 72.749791196847781
814.188970319112514 28.533996746321964
5031.125100803539681 70.930424366441940
9754.568512123994878 98.765219141780847
2171.147630043154095 46.595575219575885
1184.411691456985636 34.415282818204261
4082.595176059878668 63.895188989937878
2427.073461120091906 49.265337318647191
8094.201709869178558 89.967781510211637
3472.032978166718294 58.923959287939219
9469.702740699012793 97.312397672131240
7178.186194221160804 84.724177152812530
6383.031285696856685 79.893875145075143
8135.657080134473290 90.197877359361812
3265.855150256126308 57.147660934251071
9823.955108066091270 99.115867085275966
9402.913640922059130 96.968621939893836
8412.747595721024481 91.721031370787713
6782.327845089117545 82.354889624655058
7352.321272787075031 85.745677866508672
825.780981031222495 28.736405151501163
9784.096358771061205 98.914591232896782
803.063663185387554 28.338377920858271
229.289941568151704 15.142322859064645
7889.194651021890422 88.821138537072869
9049.500597377309532 95.128863114079678
8374.463934756222443 91.512097204447358
690.848279984081955 26.283992847055828
2085.978871353938302 45.672517681357775
630.454716901472921 25.108857339621668
9103.068273958378995 95.410000911635976
560.276387297590304 23.670158159538992
5244.539606964461200 72.419193636524710
7893.100115493702106 88.843120811313810
5438.232290071255193 73.744371243310866
6511.715095550356637 80.695198714361908
3276.470341782204287 57.240460705537693
760.402661836545349 27.575399577096707
1741.129826888873822 41.726847794781648
9238.139767185572055 96.115242116875365
1019.034399443215534 31.922318202837580
7048.684092908260936 83.956441640342646
1304.747674439034654 36.121291151328393
4956.352385811382192 70.401366363241721
8070.598016043110874 89.836507145164049
4925.073804136200124 70.178870068819151
6970.679446387900498 83.490594957683115
3468.187294978396494 58.891317653609995
638.615751579687071 25.270847860324889
3062.470662672841627 55.339593987242459
5351.576804039298622 73.154472208056418
168.217983429087354 12.969887564242311
9597.180741737465723 97.965201687831311
9142.710522218940241 95.617522046008602
9040.168948936154266 95.079803054782118
8848.911929157782652 94.068655402093327
7595.911008852477607 87.154523742904345
6371.230299948610082 79.819986845079157
4536.348397727067095 67.352419390301549
44.960412677139317 6.705252618443194
8541.352835307094210 92.419439704572397
8809.663528652714376 93.859807844746385
2688.740546497569994 51.853066895773580
701.516263333110373 26.486152293851788
4045.155585108458126 63.601537600190596
794.978233551906101 28.195358368921401
2863.831273265954678 53.514776214293889
2098.774312462562193 45.812381650188875
5926.354950668211131 76.982822438958493
134.417183350810433 11.593842475676924
2162.762112007183532 46.505506254713360
5574.611012006218516 74.663317713628416
5450.466132122698582 73.827272278763616
13.996888681261904 3.741241596216677
3813.447810562671748 61.753119844771177
4045.791804476500602 63.606539007216078
399.281236210813688 19.982022825800538
6771.356272492611424 82.288251120634541
217.910186686048860 14.761781284318261
2447.306777685468205 49.470261548585611
1384.744561862665250 37.212156103384622
1050.912499574694493 32.417780608405238
6265.187768705993221 79.152939103396491
9813.686977153090993 99.064054919799702
1205.313027325797066 34.717618399391931
5288.154809627058967 72.719700285597014
4340.320688756686650 65.881110257468237
9650.680578631208846 98.237877514893455
8874.340249722281442 94.203716751104267
2534.834753523723066 50.347142456386969
1638.932966713320411 40.483737064571010
6159.789443820290217 78.484326102861388
9019.279584193687697 94.969887776040295
3599.701225941586927 59.997510164519220
5966.550411561114743 77.243448987995833
1688.405463147563751 41.090211281369236
3436.115999660322814 58.618393014994219
6242.550697776770903 79.009813933313183
7810.792065395449754 88.378685583094352
1471.589481116428487 38.361301869415598
7376.258591811373662 85.885147678812160
6109.428089527200427 78.162830613580013
3127.784304047791920 55.926597465318700
397.091880681654061 19.927164391394328
7393.934477775945197 85.987990311298390
6458.429467986169584 80.364354461329242
2662.100563536136633 51.595547904214918
3618.457941020391445 60.153619517202713
8198.963385618537359 90.548127455064119
787.668860088502811 28.065438890003179
1075.470114350562881 32.794361014518380
1781.645671372563356 42.209544789923562
2857.493524146013442 53.455528471300454
2189.781581897367232 46.795102114402603
6122.512330151307651 78.246484458736603
295.956266243680147 17.203379500658588
189.918411100753701 13.781088893870240
117.364527040480610 10.833490990464735
6571.590543142492606 81.065347363361695
8069.851889675712300 89.832354358970875
8104.595713014742614 90.025528118499494
976.411385030252632 31.247582066941639
6169.506620080075663 78.546206910837370
8230.402266925322692 90.721564508805301
4200.149443813676953 64.808559957876525
1575.258329355640171 39.689524176483147
8448.167803992813788 91.913915181504549
1721.778661945332715 41.494320839668319
5910.617265521464105 76.880538925800096
3148.152893041747575 56.108403051964927
2612.678127128945562 51.114363217484630
7928.033407418021852 89.039504757259408
9013.164699595683487 94.937688509862525
1876.660259707629848 43.320436975030965
1122.344690623601991 33.501413263078945
4710.984393229727175 68.636611172389095
7611.336540093254371 87.242974158915828
248.017044519122919 15.748556902748993
8386.123527234640278 91.575780243657434
3109.910711697844818 55.766573426182866
7947.279200689037680 89.147513710080759
6255.416852011119772 79.091193264554548
1150.901327351039754 33.924936659499302
8601.672278610149078 92.745200838696491
529.863572663014224 23.018765663323787
1485.753175391042532 38.545468934636695
3722.701467251696613 61.013944858955782
6262.301289311755681 79.134703444896758
2645.139474180007255 51.430919437435755
351.737406954322751 18.754663605469513
726.716159411294370 26.957673479202438
6041.727026999898044 77.728547053189530
1277.444708520154109 35.741358515313237
9338.016761884286097 96.633414313498648
1050.000491985794497 32.403711083544032
5060.160304873563291 71.134803752267175
6277.732966481076801 79.232146042380279
6714.672539312718072 81.943105502004968
1345.689145618152679 36.683635937815005
8305.031710839290099 91.131946708271798
4736.937418898716714 68.825412595194209
274.402758610387593 16.565106658587730
5234.860063356018145 72.352332812121674
8193.929647608159939 90.520327261936913
4041.443749333498545 63.572350509742037
348.895911967678899 18.678755632206308
3245.467855725361460 56.969007852738329
1275.536513897106943 35.714654049802959
4834.508611777968326 69.530630744859266
3920.961816503947830 62.617583924197746
53.402618677823995 7.307709537045380
1600.456935659735109 40.005711288011554
4306.619986573802635 65.624842754659625
6027.005476664929120 77.633790817304089
6041.266441592131741 77.725584215187027
8531.441595593931197 92.365803171920348
9509.478147203873959 97.516553195874778
289.036088176260421 17.001061383815436
4780.801643562185745 69.143341281443625
3510.615836562757522 59.250450095866427
1655.011158621909317 40.681828358886591
6014.471488297631367 77.553023721178221
985.156901153392823 31.387209196636022
3774.797717888729494 61.439382466694191
5371.051302422276422 73.287456651341614
5094.209967112268714 71.373734434400092
3577.118705363619938 59.809018595556473
9286.853020154927435 96.368319587688816
2517.058602584223536 50.170296018503052
6087.961132381033167 78.025387742586915
8678.771346437732063 93.159923499527054
8687.960571186489688 93.209230075065477
5941.056074785930832 77.078246443376813
2014.849649232876345 44.887076639416790
4898.809214366195192 69.991493871514095
129.873954809336624 11.396225463254780
3792.925122228526106 61.586728458560991
920.738853200114931 30.343678966139141
8706.617714535059349 93.309258460964415
8846.595366746867512 94.056341448872374
4782.163242524262387 69.153186785022868
1967.616838910487559 44.357827256421018
5398.376815124466702 73.473647079238333
8515.281154210619206 92.278281053618571
929.522841595463319 30.488077039975206
2961.572806374306310 54.420334493407026
9626.458734843283310 98.114518471239933
833.993616240383403 28.878947630417272
8895.196190626029420 94.314347745324667
6477.120036354139302 80.480556883971289
2353.317710422961227 48.511006075147122
3915.705956938593317 62.575601930293836
2757.154065713063119 52.508609443719450
8120.218041046288818 90.112252446858122
9975.319936754582159 99.876523451482740
4668.694753768135342 68.327847571602419
5949.018976699931954 77.129883811010188
654.874838692951585 25.590522438843479
6502.400058432892365 80.637460639785104
1444.836246672891775 38.011001653112110
9152.316781896193788 95.667741595044433
8200.717171637970750 90.557811212716331
9248.970776525628025 96.171569481451371
8463.171005868227439 91.995494486785745
8060.109792306951022 89.778114216700672
9922.097028162255810 99.609723562322245
6619.565982070670543 81.360715225904144
7594.046505437039741 87.143826548052388
90.522840017633712 9.514349164164289
960.440558871186226 30.990975442395907
917.729584666726510 30.294051968443021
8776.034932436821691 93.680493873787952
2803.189934130789879 52.945159685572676
5423.212810740568784 73.642466082692863
8597.484561002556802 92.722621624944125
4461.779552974742728 66.796553451317706
3798.752784897953006 61.634022949163011
335.295473661620235 18.311075163998979
238.577311592492663 15.445948063893413
130.518856891178842 11.424484972688214
8851.177886145413140 94.080698797072145
6139.304331642228135 78.353712941010187
6464.217844080417308 80.400359726063527
6081.261240793828620 77.982441875038958
2495.077549609376547 49.950751241691819
7703.205833845468078 87.767908906646895
3851.670657749348265 62.061829313591360
2198.961936937571409 46.893090503160181
5490.699675958705484 74.099255569531238
1682.605798067031174 41.019578228780354
5495.438405484141185 74.131224227609664
3731.623320015415175 61.087014332142765
5834.747645798019221 76.385519869920500
6259.075372581155534 79.114318379046637
1884.160511502183454 43.406917783945261
3538.352522021635195 59.484052669783985
5306.173262431915646 72.843484694459221
9847.962642688191409 99.236901617735882
47.052645744449535 6.859493111334797
4291.382170640646109 65.508641953872356
6032.261147095022352 77.667632557552707
8948.117672776399559 94.594490710486937
706.429648218783768 26.578744293491063
1989.884314930593064 44.608119383477636
7804.039890142750664 88.340477076721470
7785.217112597942105 88.233877352170936
1636.918741856339921 40.458852453527889
8322.372054389346886 91.227035764565684
9050.227515901979132 95.132683741719276
9290.731822491572530 96.388442369879456
7534.683930489231898 86.802557165611375
6881.916974450682574 82.957320198103574
6073.989714175345398 77.935805084539581
6192.891933437058469 78.694929528128171
721.056221108025170 26.852490035526039
2153.005222034347298 46.400487303845715
2343.220108052328214 48.406818817727817
361.990760924971710 19.026054791389932
2634.128441420228683 51.323760982806284
2940.640509157144152 54.227672909291840
9187.569007734597108 95.851807535041289
6079.271435748580188 77.969682798819832
4720.745568432005712 68.707682019058140
7406.099199375719763 86.058696244921819
8529.125538696485819 92.353264905451425
788.374459775662103 28.078006691637889
4981.915012532376750 70.582682100727638
6639.175259358867152 81.481134376976286
337.461626078994811 18.370128635341530
5812.322967823439285 76.238592378292495
3947.418188006226501 62.828482299083326
2496.988621067396707 49.969877136805096
5022.597783569963212 70.870288440008224
4558.514119644923994 67.516769173627708
7643.968499487903500 87.429791830290341
1530.129707304203293 39.116872412096079
3629.087677323410389 60.241909642070695
7592.732396484398123 87.136286336315706
3161.177113238695256 56.224346267775275
5174.331102108445521 71.932823537717780
2214.013626213739826 47.053306219794372
2549.309461840573931 50.490686882241697
4453.224016742544336 66.732480972481042
7258.100297106666403 85.194485133174354
4007.420010941708370 63.304186361896384
1272.762277840537081 35.675794004346102
1178.250519164658726 34.325653951012484
6145.265187772796708 78.391741834027371
4959.273934579311572 70.422112539878498
6689.788731511432161 81.791128684665011
879.900768143071900 29.663121348621960
9934.575628828915796 99.672341343167588
7490.201626391623904 86.545950953188012
7171.147520043155055 84.682628206989150
1630.672316158754484 40.381583873824894
7191.852472530833438 84.804790386692389
8223.252197845740739 90.682149278927767
6636.578393237612545 81.465197435700190
6895.529396527891549 83.039324398310782
4955.567080767330481 70.395788799951163
4538.328026082526776 67.367113832214358
170.363538436375194 13.052338427897707
787.971173302084480 28.070824236243659
267.647498021530680 16.359935758478109
6235.519608589013842 78.965306360382172
1884.774031331076003 43.413984283074917
3128.784525877086253 55.935539023746664
1367.987588880540898 36.986316238313606
3585.154215401058082 59.876157319930428
609.338234174794366 24.684777377460676
1031.160861273389628 32.111693528579110
8019.969298797462216 89.554281297978505
9570.112793275013246 97.826953306719176
7457.537744717546957 86.357036451684394
3667.531788872089692 60.560150172139515
2020.352643246073967 44.948333041905727
8191.677856802663882 90.507888367824961
9215.521263507740514 95.997506548387705
3831.257849136453842 61.897155420394348
5513.724443586098459 74.254457398772360
416.132897612998931 20.399335714993246
5413.650625367864450 73.577514400582089
7223.535102179964269 84.991382517170322
2325.789026866328186 48.226434938385488
1395.189475010045726 37.352235207682625
6215.406854089877015 78.837851658260433
5138.664430051658201 71.684478306336715
2469.865015957340802 49.697736527505363
9743.572712417317234 98.709537089469308
3020.763165136908810 54.961469823294472
5323.560423947450545 72.962733117307565
450.447329369124873 21.223744470972242
9568.077160132008430 97.816548498359978
5366.928763073329719 73.259325434195262
4386.641582498963544 66.231726404337095
5283.456299074221533 72.687387482796638
290.761161813933711 17.051720201021762
3681.960818587922859 60.679162968748365
6125.485929356078486 78.265483639699553
9192.032949519796603 95.875090349473965
4827.222521206644160 69.478216163101393
3217.621409795714499 56.724081392259798
5076.419272959673435 71.248994890873192
4521.558560026487612 67.242535347995968
955.481312386490799 30.910860751303751
3051.025522544663545 55.236088950473885
3929.902539483258352 62.688934745162626
5651.815555452121771 75.178557817053942
2486.325072866441133 49.863063211824851
9655.259961275118258 98.261182372670021
2929.630662152332206 54.126062688434416
9922.491052730121737 99.611701384576918
9060.761297991757601 95.188031274902187
6022.555793778718908 77.605127367840325
5244.108678076484466 72.416218335925862
8950.850496291714080 94.608934547915268
5610.984917610099728 74.906507845514327
3758.346234533380084 61.305352413418035
5291.070776713751911 72.739746883761924
1490.245608839198212 38.603699419086745
8840.778667393995420 94.025415007826453
6071.766887266728190 77.921543152498771
3739.731279082971923 61.153342337790271
8096.653246419143215 89.981405003584726
117.896757092192232 10.858027311265717
5507.846962733496184 74.214870226481537
4971.757195779829999 70.510688521527214
1354.421891180386638 36.802471264582039
2872.024339640661310 53.591271114246403
5029.016479268841977 70.915558795435302
2508.366470998847490 50.083594829034062
3855.015452434724466 62.088770743466362
2204.099954369758052 46.947842914981280
1681.817180824314391 41.009964408961807
7879.667762913435581 88.767492715033001
4070.109425528311931 63.797409238371991
2121.476814655981343 46.059492123296167
5000.174024475791157 70.711908646816994
6037.517246104769583 77.701462316386099
5684.147882319553901 75.393288045551870
275.615186686637287 16.601662166380731
8211.867351589782629 90.619354177735033
8087.275544721791448 89.929280797312018
712.147757931377896 26.686096715918907
8198.600183454747821 90.546121857618772
8498.377080517782815 92.186642636109610
6526.860709324925665 80.788988787612169
8833.007406324157273 93.984080600515298
4969.751331325803221 70.496463254022913
8002.990406582255673 89.459434419083237
7096.731361052902685 84.242099695181523
1419.606586082336207 37.677666940541002
1368.783588094290735 36.997075399202714
7807.711656405190297 88.361256534779940
3368.704156284007695 58.040538904148775
1560.024891314479646 39.497150420181953
9263.194978370789613 96.245493288625156
4872.144809174837974 69.800750778016976
1968.742542191616849 44.370514333187721
5960.015661495047425 77.201137695600366
1963.242652943246640 44.308494139873979
4552.990035935898959 67.475847797088846
5631.111979244044051 75.040735465772485
7716.214960457436973 87.841988595758906
1436.038589113608850 37.895099803452275
9243.278109735452745 96.141968513940114
9386.650740434688487 96.884729139502113
2771.877666019434400 52.648624540622471
9071.583246285206769 95.244859421835500
6957.796632161472189 83.413407987933638
1905.331545696363492 43.650103616101113
4071.772096651156517 63.810438774946192
1038.431439921300125 32.224702324789597
699.867370359328788 26.455006527297037
9358.707852126457510 96.740414781653982
2903.598049636601900 53.885044767881581
1595.204608464630155 39.940012624742998
5353.031499685307608 73.164414162113729
5017.477053662232720 70.834151746613244
3348.905629393943400 57.869729819603819
8756.433320319054474 93.575815894487690
3173.778306461113971 56.336296527737019
7506.557353927391887 86.640391007470598
9534.957798859186369 97.647108502296092
873.728787595288736 29.558903694069723
9320.055648749686952 96.540435304330828
86.433740611787542 9.296974809678014
8259.350702793923119 90.880969970582527
4945.357007731557133 70.323232347010020
2036.985247094839906 45.132972947666985
1579.287826572054655 39.740254485496877
2368.671825896397422 48.669002721407772
195.805923976304342 13.993066996777523
4053.852227188914185 63.669869068413469
79.975032704677758 8.942876086845761
9929.729219886523424 99.648026673319137
1536.304691314921229 39.195722870166854
4209.813300592790256 64.883074068610455
8781.512186892368845 93.709723011501694
6105.777315215720591 78.139473476698839
8433.876872823841040 91.836141430396779
4552.523444265809303 67.472390236791000
6561.597831868400135 81.003690236114551
3598.504334455164098 59.987534825621601
4403.427845050406177 66.358329130941854
2602.726584902666673 51.016924494746512
7493.798733380556769 86.566729945057745
2851.447257087527760 53.398944344317592
943.810084956274181 30.721492231925751
3299.746689533152676 57.443421638453543
2077.917338214840584 45.584178595372762
7328.056862989784349 85.604070364614003
1150.593622471819572 33.920401272270048
4388.295309795693356 66.244209632206292
9890.948257611022200 99.453246591607169
4239.686492539625760 65.112875013622499
4552.118126091488193 67.469386584520592
5715.261294298184112 75.599347181693204
5149.630940669659140 71.760929067770988
3353.633697384268544 57.910566370777865
8407.848435322652222 91.694320627412097
6310.603548011851672 79.439307323338681
3161.060428055240209 56.223308583320140
9906.503123097209027 99.531417768949765
6351.144289470767035 79.694066839826704
8444.001725819774947 91.891249451837226
1235.956645464540088 35.156175068749164
7499.014847212720269 86.596852409384496
588.353312012194579 24.255995382836684
870.918487829097671 29.511328127163264
6831.432641250693450 82.652481156046932
1363.399733198287322 36.924243163513687
5320.321200886211955 72.940531948198810
7628.000925122446461 87.338427539785982
9686.525681350571176 98.420148757002863
1439.597517612943875 37.942028380319151
796.716087832264861 28.226159636625468
6964.091479590611016 83.451132284652743
659.063843270143593 25.672238766226517
1609.809074701971440 40.122426081955354
1405.793270638060449 37.493909780630510
598.397694409699966 24.462168636686730
8307.868615604620572 91.147510199701131
1092.673018108037468 33.055604942400272
4798.484951570044359 69.271097519600801
6682.460546540961332 81.746318244560484
5067.055874178266095 71.183255574455615
1988.943913879146749 44.597577444062438
8951.889811147562796 94.614427077204056
3854.846523244466880 62.087410344162905
755.120486899651610 27.479455724225172
3199.367869215306200 56.562954919410871
2761.718744604937456 52.552057472614116
9506.257302806570806 97.500037450282917
5140.011914766922018 71.693876410520048
563.714842830441626 23.742679773573194
8022.436536928981695 89.568055337430323
3850.473056073337830 62.052180107336582
1528.707022810841636 39.098683133973218
7228.782644202837218 85.022247936659710
9367.723834141015686 96.787002402910559
3479.029024087689322 58.983294449256469
6674.934557204793236 81.700272687456760
9408.998871066869469 96.999994180756886
9774.723763965299440 98.867202670882222
1483.577807537873014 38.517240393593532
8060.600881276329346 89.780849189993347
4981.875061945039306 70.582399094569169
6759.145960918376659 82.214025329735421
8275.946727006659785 90.972230526719855
2016.102749704447660 44.901032835609115
7443.627139323632036 86.276457619234876
4350.474771627136761 65.958128927579025
4882.505077772853838 69.874924527850865
2247.518863284649797 47.408004211152466
1923.303711760869419 43.855486677961622
2183.642489740070232 46.729460618972162
70.469856678492633 8.394632611287562
8003.898852716393776 89.464511694394190
9704.321734013337846 98.510515854975296
6095.861829069061059 78.076000339855142
3138.127792229497118 56.018994923414120
9694.490828773859903 98.460605466216080
5675.142613917852941 75.333542422468440
4128.469065057623084 64.253163852510980
7694.631903438744303 87.719050972059335
9374.535527963720597 96.822185102195050
5017.968029881238181 70.837617336280005
3008.378113537378795 54.848683790382601
9222.090743855209439 96.031717384701651
9055.401394482014439 95.159872816655309
9893.908898963969477 99.468130066690051
296.279274323455411 17.212764865745868
2555.044167580365865 50.547444718604382
9479.224326694959018 97.361308160351655
5304.982543601138786 72.835311103894782
8988.839628028670631 94.809491233887925
4688.908651303829174 68.475606249991159
8674.029870451218812 93.134471977089234
5454.793185786476897 73.856571716987219
8650.361908478367695 93.007321800374228
4494.460189818273648 67.040735301891445
1721.615116330892988 41.492350094094370
1807.179276319704741 42.510931256792112
7459.320505935352230 86.367357872840785
6706.357251046959391 81.892351602863130
8704.848938008080950 93.299779946193226
8931.145113315700655 94.504735930617258
7328.122884570109818 85.604455985480740
4466.008155316178090 66.828198803470514
8776.480463621030140 93.682871772918176
2882.274636522306082 53.686819951663239
3679.532368296867389 60.659149089785849
9921.527643967399854 99.606865445949055
6365.134280579964980 79.781791660628713
7932.265019058052530 89.063264138802211
2616.530400269607526 51.152032220329303
8399.050152873909610 91.646331911724161
4116.420258346768605 64.159334927559598
2866.867339316162088 53.543135314586891
7834.114857347755787 88.510535290143608
9953.986132128489771 99.769665390480739
7489.001836241211095 86.539019154605697
5184.437179508063309 72.003035904801010
9456.539449113719456 97.244739956018805
9106.683245830958185 95.428943438722811
453.592537422505245 21.297712023184680
8302.478107526187159 91.117935158376952
4257.965214656368516 65.253085863094384
4729.317059346094538 68.770030240985747
1332.776160112718344 36.507206961266135
1313.127521556977399 36.237101450819402
8826.503628751228462 93.949473807740020
4408.382400558998597 66.395650464160667
9526.793835104137543 97.605296142699842
4179.438339549356897 64.648575696215900
6217.357568920558151 78.850222377115458
7937.273172911923211 89.091375412617367
3989.805786215775242 63.164909453079844
1872.815270630819668 43.276035754569982
9977.691669293797531 99.888396069282223
9065.710771920183106 95.214026130188316
6337.697461202944396 79.609656833847396
1881.793973204391932 43.379649297849241
9587.790372570188993 97.917262893578624
1251.124222609239723 35.371234394762645
1496.276399379226632 38.681732114516620
5585.841711468347967 74.738488822482537
3907.456823337480273 62.509653841126656
5758.570576847595476 75.885246107840985
9033.746568913853480 95.046023425043160
3826.128304721599307 61.855705514702514
5952.663260780911514 77.153504526890487
6607.487965575484850 81.286456224733314
3628.473083077336014 60.236808373928113
6243.267951252549210 79.014352818032677
4428.274183314267248 66.545279196305628
5680.007049749955513 75.365821495887346
3013.935981590525898 54.899325875556301
5713.377729968110543 75.586888611505302
8233.156354598564576 90.736742032092849
6026.003777098616411 77.627339108709734
7523.730568252776720 86.739440672930186
4275.017564192532518 65.383618469709461
9654.301731787176323 98.256306320699721
2520.307156663426213 50.202660852423215
8663.123567672415447 93.075902185648545
1076.308181246449294 32.807136132958163
1276.381504481315915 35.726481837445398
6295.562868666874238 79.344583108532831
9682.627234353352833 98.400341637381288
8161.563886974218804 90.341374170278257
2989.252970949925839 54.674061226050569
5793.164394485561388 76.112839879257962
7738.284587648559864 87.967520072175276
3635.494582779867415 60.295062673322327
283.715337919351214 16.843851635518263
6607.719523990837843 81.287880548030273
188.666481903787854 13.735591792994864
9789.124619761601934 98.940005153434285
6021.770542176804156 77.600067926367203
9576.615639086132433 97.860184135766531
6415.184469287059983 80.094846708680706
4222.680466826237534 64.982154987552065
8865.430462926145992 94.156414879317410
2513.337255728320542 50.133195147809204
408.829558884399603 20.219534091674802
3456.827777476511528 58.794793795679830
4984.566105832396715 70.601459657944730
7131.895123836373386 84.450548392750974
9694.945513060836674 98.462914404667288
4597.701505821110914 67.806352990122619
9746.717455543503092 98.725465081424176
7641.172767307700269 87.413801926856493
3972.401881217232585 63.026993274447356
191.737236500838264 13.846921553213129
9792.252242340098746 98.955809543149613
8555.512253594772119 92.496012095629141
8011.764733544274350 89.508461798559992
8301.103130846342538 91.110389807344930
2255.897635590106802 47.496290756122278
7804.274902741906772 88.341807219129876
3156.209398209041865 56.180151283251647
3935.107996663713038 62.730439155673963
6199.773318481451497 78.738639297878720
2004.052395909360939 44.766643786522138
3245.361570291704993 56.968075009532356
66.812227319918620 8.173874682176050
9326.011027446198568 96.571274338936831
7009.370910785640262 83.721985826816365
1282.690082844217613 35.814662958685197
7556.416748468846890 86.927652380982011
3456.016985388408102 58.787898290280864
7621.864478685342874 87.303290193928788
5406.773490688492529 73.530765606571052
8859.194741818524562 94.123295425832410
4648.124992682578522 68.177158878047848
6936.292497220139012 83.284407287439706
6940.836875557185522 83.311685108135848
7750.080817535644201 88.034543319856240
3727.629590788355927 61.054316725259945
7853.745520755504003 88.621360409076914
1077.622248820174946 32.827157184565571
8301.870631342279012 91.114601636303490
2080.918486508749538 45.617085467056633
4611.826469523432024 67.910429755107813
5670.720737225899029 75.304188045724914
5376.111538199279494 73.321971728802268
5066.009429294803340 71.175904836502099
7707.775782420813812 87.793939326247425
6840.131550428839546 82.705087814649218
7660.664772653191903 87.525223636693397
6611.603290018086227 81.311765999872904
4822.619093626081849 69.445079693424518
1309.749429340626193 36.190460474282808
4921.725814401552270 70.155012753199273
2232.057949052569256 47.244660534843185
5187.749655646855899 72.026034568389619
7275.121894419057753 85.294325100906079
790.364626421909179 28.113424309783202
7113.015438681382875 84.338694788817918
165.991834192034815 12.883781828020638
3075.296087725088455 55.455352200893003
6797.403038123869010 82.446364614359254
3799.081129919631621 61.636686558571846
8429.715644082863946 91.813482910098031
6543.868299304132051 80.894179637994554
6515.012320711120083 80.715626248646061
9850.638437813406199 99.250382557516659
8102.386519587144903 90.013257465704157
7920.737337795914755 88.998524357406708
549.245894769823963 23.435995706814420
363.268239448574320 19.059597043184684
3297.871700986574524 57.427099012457305
9477.993827552314542 97.354988714252926
4371.736680902543412 66.119109801195478
6274.446725411643456 79.211405273556679
9457.324801428792853 97.248777891697912
7467.456475629500346 86.414445989252869
6760.152629871707177 82.220147347664778
8396.473976470977505 91.632275844655183
5241.172978980777771 72.395945873928454
1257.462594760848106 35.460719038971106
5781.652644798232359 76.037179358510087
6846.464536795291679 82.743365515280388
7953.928081091859895 89.184797365312548
3347.139176696131926 57.854465486219226
1992.956614995384598 44.642542658269193
4786.982517273873782 69.188022932252323
2816.883834665159611 53.074323685424005
4607.164350977718641 67.876095578470910
9412.612383131305251 97.018618744709542
163.807755285377510 12.798740378856722
1330.703492431356835 36.478808813218627
9057.512189778917673 95.170962954983892
6352.439238685635246 79.702190927763311
8553.085772888533029 92.482894488054029
8444.346065684731002 91.893123059806442
7338.046630753099635 85.662399165287795
223.519000723586231 14.950551853479732
8509.758572608663599 92.248352682357762
8698.745666137256194 93.267066353227051
5461.449644309337600 73.901621391613176
7538.560092735183389 86.824881760559762
7968.904344889024287 89.268719856896254
9332.292749843836646 96.603792626603621
7043.271169732474846 83.924198951985687
4543.708846391203224 67.407038552299596
9616.554287239192490 98.064031567334581
5071.698279168283989 71.215856936277078
8785.249987583771144 93.729664394916995
7991.089377764463279 89.392893329192916
6396.732637458882891 79.979576377090694
5271.715726228560925 72.606581838209138
4829.388704475446502 69.493803353072039
9440.933371810728204 97.164465581871696
2038.867379182269133 45.153819098524423
573.539321124329035 23.948680989238824
609.070601242684575 24.679355770414361
5107.331786597901555 71.465598623378938
6079.119909864007241 77.968711095310582
31.825140855395251 5.641377567172335
507.529551610579631 22.528416535801615
1019.094870630138189 31.923265350370070
4343.311010033184175 65.903801180456838
9858.844177182343628 99.291712530212422
8677.611888845896829 93.153700349722541
6533.772205997472156 80.831752461501608
1484.094592262753167 38.523948295349392
7269.987572120521691 85.264222110569463
4383.765724308019344 66.210012266333393
7827.692316090634449 88.474246626295923
9049.435399843570849 95.128520433377759
4367.460329650910353 66.086763649394356
178.781481871516320 13.370919260526417
1748.294356691219036 41.812610020079099
948.392885293485847 30.795988136338245
2591.042357953279861 50.902282443455128
1585.740114353167428 39.821352492766586
6548.766523657543075 80.924449480101771
5653.624491585897886 75.190587785878478
7590.130238235848083 87.121353514714457
6652.878203808642866 81.565177642230651
6698.631722629605065 81.845169207654550
3922.009419433081803 62.625948451365446
755.948562414617527 27.494518770377081
7589.587313784281832 87.118237549805158
4018.281304241429098 63.389914846459838
6913.185529495172887 83.145568309412454
6161.219516876716625 78.493436138805365
5653.643303231209757 75.190712878860310
2018.686171219331072 44.929791577741945
6472.264472956058853 80.450385163503469
7442.563446487223700 86.270292954685303
2948.913879309709046 54.303902984129131
3355.318620343421117 57.925112173766408
515.649960113803900 22.707927252697544
3067.854706475448438 55.388218119699864
9123.090706991426487 95.514871653535849
1197.567009958662538 34.605881146976486
4192.055662661517999 64.746086079866771
6593.154854318571779 81.198244157854617
9936.498438592605453 99.681986530127929
8446.975475164927047 91.907428835567629
9815.100359233460040 99.071188340674809
2041.880369491305146 45.187170408107043
7683.916619044667641 87.657952400479147
8374.725496199896952 91.513526301852764
3511.961281863597378 59.261802890762588
2144.415675506566458 46.307836005438283
7672.866577836969554 87.594900409995162
5256.317447868887029 72.500465156224251
8998.519549168884623 94.860526823167518
9004.787892098403972 94.893560856880086
4364.877060192672616 66.067216228570373
2356.548489691343093 48.544294100247697
5110.700163919887927 71.489161163912726
4437.831228873529653 66.617049085602176
5116.683367469725454 71.530995851237279
2463.849428084492047 49.637177881951466
151.720967423545517 12.317506542460025
898.604050420577778 29.976725145028396
1067.652723203807000 32.674955596049507
8667.008141214926582 93.096767619584554
2689.825009340034285 51.863522916786458
4020.370939172878479 63.406395096810847
4443.637546228785141 66.660614655347914
4298.669834444611297 65.564242041257600
3917.850599194860933 62.592735993842453
5500.017740740762747 74.162104478909995
4113.697307109195208 64.138111190689074
8874.775974262440286 94.206029394420611
3557.961452147342243 59.648650044635062
4565.859374834154551 67.571143062953695
6124.572337169434832 78.259646927196357
1328.154686023139902 36.443856629384598
8225.732558103252813 90.695824369720867
1152.416344482770455 33.947258276372928
8515.366254122427563 92.278742157240245
9633.180979737002417 98.148769629257217
3066.457294981516498 55.375601983016999
5465.006838073879408 73.925684562768026
7890.842058704525698 88.830411789569709
1885.532621444021743 43.422720106460645
3436.349489037691455 58.620384586231530
3578.839609839152672 59.823403529380982
9128.605499796838558 95.543736057351438
8430.202744016767610 91.816135531924715
6049.500037692492697 77.778531984683880
3113.563748584175300 55.799316739402599
6166.442755299676719 78.526700906759586
3880.454204214290257 62.293291807499550
6049.174642039319224 77.776440147639306
3950.541044434255582 62.853329620905967
7703.697633397782738 87.770710566781801
2853.258492931782257 53.415901124400982
3413.928963271122484 58.428836744120815
133.620706314719797 11.559442301197745
8199.802622296587288 90.552761538765822
2782.439894033390374 52.748837845334471
7121.916011098360286 84.391445129813718
2376.459092339880044 48.748939397076938
3523.672933953369466 59.360533470929738
919.231764926435858 30.318835151213111
7474.578101728658112 86.455642393823311
7955.501004032787932 89.193615264954857
1584.623935303388862 39.807335194702354
4483.536491351887889 66.959215133929760
2577.580591320841449 50.769878779851751
3853.009604386456886 62.072615575521361
3442.811040639548537 58.675472223404803
2401.614536676529497 49.006270381212744
9787.174495886099976 98.930149579822739
3082.431627058615959 55.519650818954325
5282.998983116643103 72.684241642302652
9302.637882682824056 96.450183424827259
6375.751121549585150 79.848300680412635
6402.393770021715682 80.014959663938569
6003.290294539955539 77.480902773134716
4236.914055481168361 65.091582063129849
289.339701905983020 17.009988298231807
2916.511447314718680 54.004735415653307
8883.805749276989445 94.253942884512739
9238.850073948020508 96.118937124523072
4370.626527933733087 66.110714168988778
821.702627898050650 28.665355882982695
9310.852618922503098 96.492759411898376
3889.019458158250927 62.362003320597800
1437.073617516613695 37.908753837558599
4185.421930485111261 64.694836969306223
2957.445530390463318 54.382400925211670
7043.188461121001637 83.923706192714121
1182.102025730337346 34.381710628331703
1969.658742647134886 44.380837561352251
2403.437337638564713 49.024864483632840
1070.590837742683334 32.719884439629112
5466.370837108619526 73.934909461692172
2511.669014914806667 50.116554300099352
5201.688827814155047 72.122734472662330
4759.207467813534095 68.987009413465188
3984.767725341887399 63.125016636369196
2985.277272374992208 54.637690950249649
4569.236868980170584 67.596130576980300
9991.801232745385278 99.958997757807609
2273.755608421037323 47.683913518303399
8902.862935125403965 94.354983626332128
2920.061890793578186 54.037597011650860
8350.221031220102304 91.379543833508507
6547.386154865327626 80.915920280655072
8630.499708021941842 92.900482819100262
6544.024375024719120 80.895144322911733
1018.324808614710037 31.911201929960427
4091.045981866765032 63.961285023573168
6098.495698446951792 78.092865861402160
4052.768118619705547 63.661354985734519
5302.810168899120072 72.820396654365453
9520.198613567315988 97.571505131197583
2691.066902716083860 51.875494240692142
5083.913712555473467 71.301568794490578
5272.557286772143925 72.612376953052177
5766.147187027416294 75.935151195131070
4342.781064161623362 65.899780456095783
8363.186358090888461 91.450458490326270
2679.401804522215116 51.762938522868033
940.820209987112321 30.672792666907789
4225.348569811737434 65.002681250943311
1048.149035847401592 32.375129896996576
7758.740535757488942 88.083713226438690
8687.276858929770242 93.205562381918867
6322.251500451602624 79.512587056714509
4712.172781716442842 68.645267729949481
6946.273475920816963 83.344306799689790
9474.044639135803664 97.334704186820247
946.725386461306357 30.768902912864903
739.857051318396771 27.200313441546896
5782.546714151233573 76.043058290360946
771.391609993820339 27.773937603332740
2080.437541290715671 45.611813615451815
7777.781880407198514 88.191733628539126
3468.507096808004917 58.894032777591356
1092.711324043889363 33.056184353973606
6461.157618609741803 80.381326305366116
2582.607298451394854 50.819359484859653
885.596097579387788 29.758966675262563
5827.758321139198415 76.339755836256103
6810.865451285459130 82.527967691476931
2780.139354200179696 52.727026790823125
5671.234028620746358 75.307596088447454
5099.584607750358373 71.411375898734505
3215.136974661316344 56.702177865240031
9250.472917311675701 96.179378856965357
899.505804383520740 29.991762275390233
5227.917140782436945 72.304336943107614
144.898511967831524 12.037379779994961
3434.596912276896091 58.605434153130339
5612.219210176309389 74.914746279863408
3142.564176189743648 56.058578078557645
8714.050791559233403 93.349080293055025
8557.953188397337726 92.509205965662346
8698.889220302589820 93.267835936632466
625.839854503588867 25.016791451015234
4989.688217275584975 70.637725170588453
4481.064471868855435 66.940753445631728
8917.303846126847930 94.431476987955918
6615.497738934715926 81.335710108996508
694.437542155661959 26.352182872689351
3415.465123828784272 58.441980834232375
451.242106425935731 21.242459989980816
9759.366959936522107 98.789508349502995
9187.780826513931970 95.852912457128454
8993.913263965278020 94.836244463629399
6603.552385924605005 81.262244529206825
5058.734010338955159 71.124777752474941
9796.990227635766132 98.979746552695147
3050.944848202937010 55.235358677236242
8724.847780151283587 93.406893643623988
1648.228619531252662 40.598381981690508
6148.549411368082474 78.412686546043574
5668.348832818385745 75.288437577216243
6623.896616797970637 81.387324669127509
9392.548535570760578 96.915161536112407
8146.619574766369624 90.258626040763374
7329.351207405759851 85.611630094314634
9733.669607355770495 98.659361478552910
4701.100639221408528 68.564572770647445
810.815196713779869 28.474816886395949
7705.887838509811445 87.783186536544747
609.166721664973124 24.681303078747142
1387.496985750130989 37.249120603715347
2305.166841593327263 48.012153061421095
1265.199033704766180 35.569636401076217
2582.809983612223732 50.821353618456719
1640.592425340585123 40.504227252727404
69.509640473797432 8.337244177412428
7584.308119980800257 87.087933262770676
5724.954793230077485 75.663431016773728
5536.291401405326724 74.406259154760136
536.161683277120346 23.155165369245807
7566.142166125774565 86.983574116759399
6477.868165135379058 80.485204634984797
6978.750483516638269 83.538915982412874
196.606554961889003 14.021645943393700
1982.316995372878409 44.523218609764484
3991.559547097570885 63.178790326323686
5378.876670727186138 73.340825402549058
8270.657268473556542 90.943154049513566
5531.626845952197073 74.374907367688181
8098.376723489156575 89.990981345294571
400.570400534100656 20.014254933274451
860.351021351185750 29.331740851016423
7993.782353656416490 89.407954644183732
9409.398157373885624 97.002052335885580
2178.571102823181263 46.675165803917409
5737.394142055974953 75.745588267937919
7022.788951208930484 83.802082021921933
3527.343713169622788 59.391444780958331
6309.638864632638615 79.433235264797304
7718.245087008729570 87.853543394724440
9799.844501597688577 98.994163977467323
3150.748043184614744 56.131524504369331
3619.509668718261310 60.162360897144495
967.570544564931311 31.105795996324083
3250.764672259420422 57.015477479886286
6827.595003991136764 82.629262395298781
7575.199152362574750 87.035620020555811
1977.168151528957424 44.465359005960558
6076.501379821072987 77.951917101640760
7178.667000550912235 84.727014585378328
5764.150034180490366 75.921999671903336
3124.750453699917216 55.899467382971700
1210.527772854432214 34.792639636199382
7608.972840584357073 87.229426460251119
4100.319708474332401 64.033738829419704
9374.237810909209657 96.820647647643881
7130.847545186677962 84.444345844980518
8844.121012381841865 94.043186953557893
2846.732674549359217 53.354781177972789
3779.792014528623895 61.480013130517662
5732.322422488336088 75.712102219449278
8837.288449604453490 94.006853205521423
277.464100413194274 16.657253687603916
9419.342765301642430 97.053298580221593
2296.380414533677595 47.920563587396146
8512.737025087808433 92.264494932166670
5993.951111864651466 77.420611673278913
1372.189924066668254 37.043082000107233
152.697495726468588 12.357082816201750
740.654327394678603 27.214965136752951
8849.890047918415803 94.073854220598491
4057.366713266734678 63.697462376979622
188.206021292226040 13.718819967192005
4092.216422917818818 63.970433974749760
8803.538967137290456 93.827176058630741
2082.230159412319153 45.631460193733872
7141.669002477186041 84.508396047240097
8825.004989717603166 93.941497697863014
2175.244918947167662 46.639520998260345
205.229078297350583 14.325818590829307
2547.412119516296116 50.471894352365020
6744.391842146564159 82.124246371863677
995.025305552011559 31.544021708590229
5983.798170669108913 77.355013868973671
8793.723627591847617 93.774856052098784
1746.877572526490667 41.795664518302502
2051.370505761401091 45.292057866268351
1213.146396685498303 34.830251171725685
9927.277507074750247 99.635724050536965
7919.615545492421006 88.992221825800158
4335.550551270316646 65.844897685927918
749.115443105419331 27.369973385179229
6787.204250134092035 82.384490349422521
5028.816031486712745 70.914145496414974
3274.295183241190443 57.221457367330224
4156.655991717395409 64.472133450952242
515.477571351769825 22.704131151659819
4706.449250176575333 68.603565870708024
8517.718503728645373 92.291486626495754
6343.018325378516238 79.643068282045206
6248.160902034082028 79.045309171601588
6471.386372130759810 80.444927572412922
555.081104242244805 23.560159257573893
3325.285890765243494 57.665291907396458
6504.200120385359696 80.648621317325436
7769.327662716092163 88.143789700217070
5070.215176299400810 71.205443445704347
8406.598725281839506 91.687505829757626
6253.806086709323608 79.081009646496824
3878.620664185679288 62.278573074418453
9101.827804180480598 95.403499957708476
1427.205365678555381 37.778371665260472
5513.980776182487716 74.256183420523897
4963.050596414569554 70.448921896751330
367.992025653892370 19.183118246361627
8555.783194777199242 92.497476694108798
7927.394214800103327 89.035915308374868
4620.640789280225363 67.975295433563403
6267.612487010555014 79.168254288007105
4472.409421590236889 66.876075106051474
5341.391924393959926 73.084826909516309
2093.772301577115286 45.757756736722961
7273.941507084397017 85.287405325079490
3030.570134485048129 55.050614297072542
7843.879141483515923 88.565676994440210
8263.820973336336465 90.905560739353760
7767.705690007918747 88.134588499679964
309.833737954567255 17.602094703601821
4655.788884558575774 68.233341443597610
4118.146366408088397 64.172785247393534
2074.111176427915325 45.542410744578675
3104.999037189834326 55.722518223693321
964.663305580463430 31.059029372800165
8673.257633824870936 93.130326069572376
3391.079399533302876 58.232975190464920
7702.851407419300813 87.765889771706298
9893.608592235737888 99.466620492684569
1817.334758129130478 42.630209454436539
9565.298655730055543 97.802344837585849
2110.585555354765802 45.941109644356281
4890.088084197065655 69.929164761185774
7681.303062968783706 87.643043437393160
3530.480640734631834 59.417847829878795
4548.768600512014018 67.444559458209923
6214.228597340016677 78.830378645164558
2939.246505239283124 54.214818133415179
6250.016462767932353 79.057045623827435
1030.018988695815324 32.093908903338892
1027.976636872234621 32.062074743725404
9295.589862551158149 96.413639401026444
672.243382738896685 25.927656715154509
8236.271883153383897 90.753908362964637
1036.959971470164191 32.201862857141734
1401.594096763250946 37.437869821388759
8779.535098829865092 93.699173415937167
7548.474558643520140 86.881957612864142
7943.870636970907981 89.128394111926582
6223.737315574972854 78.890666847067365
6984.379448837834389 83.572599868843582
7946.655792411104812 89.144017143110091
2074.919146371370516 45.551280403204593
2001.716417609050495 44.740545566734546
7774.592992335909912 88.173652483811225
2056.739143414803493 45.351286017210178
60.318454524126984 7.766495639870468
7789.430215159768522 88.257748754201572
7326.996890050252659 85.597879004390364
6589.885335314998883 81.178108719746604
954.610681890833575 30.896774619542953
4664.482672723409451 68.297018036832398
8244.937566134492954 90.801638565251082
280.445976503099587 16.746521325430532
7408.262065795032868 86.071261555730857
1676.331821921914980 40.943031420767014
8349.134123182884650 91.373596422505358
1618.792491599150480 40.234220405012827
5473.803644676949261 73.985158272973564
2143.515105433536974 46.298111251254483
6762.879734799125799 82.236729840133634
7749.507795084662575 88.031288727841883
1383.944067266583033 37.201398727286893
2675.164458394420762 51.721992018815563
4094.275475518164967 63.986525734080651
3276.558225337866588 57.241228370274051
9380.943026061220735 96.855268447623544
5480.553751652471874 74.030762198240751
3543.873511986044377 59.530441893085630
3282.154246006777612 57.290088549475797
6779.068739036261832 82.335100285578463
7620.413823328199214 87.294981661766784
2132.585054448765277 46.179920468194453
4494.417098795688617 67.040413921721040
9576.702761315222233 97.860629270995503
3031.667268981474990 55.060578175147008
1237.684760473894585 35.180744171689923
5746.293857831878086 75.804312923684478
5061.791476880074697 71.146268186603251
4189.294580666241018 64.724760182377196
5727.506243895494663 75.680289665774239
5342.407780411744170 73.091776421234584
8026.877575563466962 89.592843327820930
3145.218206917878433 56.082245023874343
9158.772137253836263 95.701474059984236
1036.143274979952139 32.189179470436216
3977.626253231281225 63.068425168473020
676.898592535108264 26.017274886796049
6612.158722555850545 81.315181378115682
3083.458119733566491 55.528894458052797
6478.579699918952429 80.489624796733594
6236.987405932722140 78.974599751646238
1093.869022686172684 33.073690793229787
701.358413213186964 26.483172264915449
447.424350794191639 21.152407683150201
2928.979898668373608 54.120050800681753
6898.482448442492569 83.057103539929031
8265.908774029356209 90.917043363878463
8194.806508960698920 90.525170582334169
6115.935392173208129 78.204446115123204
1626.335870777692890 40.327854775300075
9390.696318919599435 96.905605198665370
3669.882625669028130 60.579556169297149
5914.395184893084661 76.905105063923330
1745.250019872770736 41.776189628456670
4020.136826181251308 63.404548939182995
8289.484185272065588 91.046604468656966
9741.781553627313770 98.700463796414425
2843.084570192731462 53.320582988117557
3610.500756515104968 60.087442585910615
9228.118767687463333 96.063097845569516
573.230511831671720 23.942232807983295
1231.049635750522611 35.086316930543205
5176.432531146871952 71.947428940490099
1072.230409008028573 32.744929516003367
1223.657797794674252 34.980820427695434
9242.369983981037876 96.137245560610054
8790.272990157813183 93.756455725234261
7094.123378154998136 84.226619177995019
816.122695517230113 28.567861234562699
8140.361052688337622 90.223949440757352
3429.290785999988657 58.560146738204033
906.562307033006391 30.109173137650366
5436.417251815857526 73.732063932971911
9126.186326636769081 95.531075188321680
9579.328724979031904 97.874045205963725
2721.516498984507052 52.168155986046763
903.100950490137279 30.051638066670129
874.981070567415145 29.580078947957780
2785.325642458446964 52.776184424970012
636.903075111021053 25.236938703238575
390.699981963270318 19.766132195330233
5101.409511886002292 71.424152160778235
8437.464368187163927 91.855671399142054
2938.850752558914337 54.211168153424943
177.328378545051208 13.316470198406604
9817.383075080899289 99.082708254674287
598.291606718214325 24.460000137330628
5935.920210848668830 77.044923329500875
1179.654010164287001 34.346091628659686
6863.313127369290669 82.845115289733840
8892.747957534666057 94.301367739469541
6215.337879655335200 78.837414212132401
7702.467863499045961 87.763704704729989
9033.222001943529904 95.043263843070591
3359.346551407491461 57.959870181078664
8874.706877894468562 94.205662663634342
8868.429531546511498 94.172339524652941
9657.840218011077013 98.274311078791470
4870.002780990764222 69.785405214777995
9813.157528294063013 99.061382628621047
6962.943705773742295 83.444255079506476
1643.167364918995418 40.536000850096144
8222.558677770002760 90.678325292045415
